filename,x,y,cluster
"..\\..\\..\\..\\Correos\\2024\December\04\TRACK ALERT ID 100,101,99 at , Serial_ T010987 Prueba Amacayacu 2024\features_0\2024-December-04_99-Camara_Amacayacu-0_crop0.npy",12.8612,-31.322836,2
"..\\..\\..\\..\\Correos\\2024\December\04\TRACK ALERT ID 107 at , Serial_ T010987 Prueba Amacayacu 2024\features_1\2024-December-04_107-Camara_Amacayacu-0_crop0.npy",13.592845,-27.830853,2
"..\\..\\..\\..\\Correos\\2024\December\04\TRACK ALERT ID 107 at , Serial_ T010987 Prueba Amacayacu 2024\features_2\2024-December-04_107-Camara_Amacayacu-0_crop0.npy",-37.460827,-31.447165,9
"..\\..\\..\\..\\Correos\\2024\December\04\TRACK ALERT ID 108 at , Serial_ T010987 Prueba Amacayacu 2024\features_0\2024-December-04_107-Camara_Amacayacu-0_crop0.npy",-37.460907,-31.447176,9
"..\\..\\..\\..\\Correos\\2024\December\04\TRACK ALERT ID 107 at , Serial_ T010987 Prueba Amacayacu 2024\features_1\2024-December-04_107-Camara_Amacayacu-1_crop0.npy",63.8123,-32.130398,5
"..\\..\\..\\..\\Correos\\2024\December\04\TRACK ALERT ID 107 at , Serial_ T010987 Prueba Amacayacu 2024\features_1\2024-December-04_107-Camara_Amacayacu-1_crop1.npy",71.415634,33.345123,4
"..\\..\\..\\..\\Correos\\2024\December\04\TRACK ALERT ID 107 at , Serial_ T010987 Prueba Amacayacu 2024\features_1\2024-December-04_107-Camara_Amacayacu-2_crop0.npy",75.44902,30.354368,4
"..\\..\\..\\..\\Correos\\2024\December\04\TRACK ALERT ID 107 at , Serial_ T010987 Prueba Amacayacu 2024\features_1\2024-December-04_107-Camara_Amacayacu-3_crop0.npy",72.3276,37.916195,4
"..\\..\\..\\..\\Correos\\2024\December\04\TRACK ALERT ID 108 at , Serial_ T010987 Prueba Amacayacu 2024\features_0\2024-December-04_108-Camara_Amacayacu-1_crop0.npy",75.52498,40.24066,4
"..\\..\\..\\..\\Correos\\2024\December\04\TRACK ALERT ID 108 at , Serial_ T010987 Prueba Amacayacu 2024\features_0\2024-December-04_108-Camara_Amacayacu-2_crop0.npy",76.37985,42.001385,4
"..\\..\\..\\..\\Correos\\2024\December\04\TRACK ALERT ID 108 at , Serial_ T010987 Prueba Amacayacu 2024\features_0\2024-December-04_108-Camara_Amacayacu-3_crop0.npy",76.47734,34.04915,4
"..\\..\\..\\..\\Correos\\2024\December\04\TRACK ALERT ID 108 at , Serial_ T010987 Prueba Amacayacu 2024\features_0\2024-December-04_108-Camara_Amacayacu-4_crop0.npy",71.8632,40.35899,4
"..\\..\\..\\..\\Correos\\2024\December\04\TRACK ALERT ID 108 at , Serial_ T010987 Prueba Amacayacu 2024\features_0\2024-December-04_108-Camara_Amacayacu-5_crop0.npy",77.373085,43.07316,4
"..\\..\\..\\..\\Correos\\2024\December\04\TRACK ALERT ID 108 at , Serial_ T010987 Prueba Amacayacu 2024\features_0\2024-December-04_108-Camara_Amacayacu-6_crop0.npy",74.94816,38.78204,4
"..\\..\\..\\..\\Correos\\2024\December\04\TRACK ALERT ID 108 at , Serial_ T010987 Prueba Amacayacu 2024\features_0\2024-December-04_108-Camara_Amacayacu-7_crop0.npy",73.20683,38.165623,4
"..\\..\\..\\..\\Correos\\2024\December\04\TRACK ALERT ID 108 at , Serial_ T010987 Prueba Amacayacu 2024\features_0\2024-December-04_108-Camara_Amacayacu-8_crop0.npy",72.67675,34.41988,4
"..\\..\\..\\..\\Correos\\2024\December\04\TRACK ALERT ID 110,111,112 at , Serial_ T010987 Prueba Amacayacu 2024\features_0\2024-December-04_110-Camara_Amacayacu-0_crop0.npy",10.987847,-30.945097,2
"..\\..\\..\\..\\Correos\\2024\December\04\TRACK ALERT ID 110,111,112 at , Serial_ T010987 Prueba Amacayacu 2024\features_0\2024-December-04_110-Camara_Amacayacu-4_crop0.npy",73.215675,40.5888,4
"..\\..\\..\\..\\Correos\\2024\December\04\TRACK ALERT ID 110,111,112 at , Serial_ T010987 Prueba Amacayacu 2024\features_0\2024-December-04_110-Camara_Amacayacu-4_crop1.npy",66.77848,47.972214,4
"..\\..\\..\\..\\Correos\\2024\December\04\TRACK ALERT ID 114 at , Serial_ T010987 Prueba Amacayacu 2024\features_0\2024-December-04_114-Camara_Amacayacu-1_crop0.npy",65.951164,45.382847,4
"..\\..\\..\\..\\Correos\\2024\December\04\TRACK ALERT ID 114 at , Serial_ T010987 Prueba Amacayacu 2024\features_1\2024-December-04_114-Camara_Amacayacu-1_crop0.npy",65.88866,45.877796,4
"..\\..\\..\\..\\Correos\\2024\December\04\TRACK ALERT ID 114 at , Serial_ T010987 Prueba Amacayacu 2024\features_0\2024-December-04_114-Camara_Amacayacu-4_crop0.npy",72.26807,1.8066767,5
"..\\..\\..\\..\\Correos\\2024\December\04\TRACK ALERT ID 114 at , Serial_ T010987 Prueba Amacayacu 2024\features_1\2024-December-04_114-Camara_Amacayacu-4_crop0.npy",72.26807,1.8066767,5
"..\\..\\..\\..\\Correos\\2024\December\04\TRACK ALERT ID 114 at , Serial_ T010987 Prueba Amacayacu 2024\features_0\2024-December-04_114-Camara_Amacayacu-5_crop0.npy",68.82306,3.8718014,5
"..\\..\\..\\..\\Correos\\2024\December\04\TRACK ALERT ID 114 at , Serial_ T010987 Prueba Amacayacu 2024\features_1\2024-December-04_114-Camara_Amacayacu-5_crop0.npy",68.82306,3.8718014,5
"..\\..\\..\\..\\Correos\\2024\December\04\TRACK ALERT ID 114,115 at , Serial_ T010987 Prueba Amacayacu 2024\features_0\2024-December-04_114-Camara_Amacayacu-5_crop0.npy",72.435715,1.2618425,5
"..\\..\\..\\..\\Correos\\2024\December\04\TRACK ALERT ID 114 at , Serial_ T010987 Prueba Amacayacu 2024\features_0\2024-December-04_114-Camara_Amacayacu-6_crop0.npy",69.8396,45.120785,4
"..\\..\\..\\..\\Correos\\2024\December\04\TRACK ALERT ID 114 at , Serial_ T010987 Prueba Amacayacu 2024\features_1\2024-December-04_114-Camara_Amacayacu-6_crop0.npy",70.38469,45.19224,4
"..\\..\\..\\..\\Correos\\2024\December\04\TRACK ALERT ID 114,115 at , Serial_ T010987 Prueba Amacayacu 2024\features_0\2024-December-04_114-Camara_Amacayacu-6_crop0.npy",68.82306,3.8718014,5
"..\\..\\..\\..\\Correos\\2024\December\04\TRACK ALERT ID 114 at , Serial_ T010987 Prueba Amacayacu 2024\features_0\2024-December-04_114-Camara_Amacayacu-7_crop0.npy",74.420784,2.341413,5
"..\\..\\..\\..\\Correos\\2024\December\04\TRACK ALERT ID 114 at , Serial_ T010987 Prueba Amacayacu 2024\features_1\2024-December-04_114-Camara_Amacayacu-7_crop0.npy",74.420784,2.341413,5
"..\\..\\..\\..\\Correos\\2024\December\04\TRACK ALERT ID 114,115 at , Serial_ T010987 Prueba Amacayacu 2024\features_0\2024-December-04_114-Camara_Amacayacu-7_crop0.npy",70.11309,45.60833,4
"..\\..\\..\\..\\Correos\\2024\December\04\TRACK ALERT ID 114 at , Serial_ T010987 Prueba Amacayacu 2024\features_0\2024-December-04_114-Camara_Amacayacu-7_crop1.npy",68.03302,41.923046,4
"..\\..\\..\\..\\Correos\\2024\December\04\TRACK ALERT ID 114 at , Serial_ T010987 Prueba Amacayacu 2024\features_1\2024-December-04_114-Camara_Amacayacu-7_crop1.npy",68.3764,41.537884,4
"..\\..\\..\\..\\Correos\\2024\December\04\TRACK ALERT ID 114 at , Serial_ T010987 Prueba Amacayacu 2024\features_0\2024-December-04_114-Camara_Amacayacu-9_crop0.npy",74.791954,42.614655,4
"..\\..\\..\\..\\Correos\\2024\December\04\TRACK ALERT ID 114 at , Serial_ T010987 Prueba Amacayacu 2024\features_1\2024-December-04_114-Camara_Amacayacu-9_crop0.npy",74.79187,42.614784,4
"..\\..\\..\\..\\Correos\\2024\December\04\TRACK ALERT ID 114 at , Serial_ T010987 Prueba Amacayacu 2024\features_2\2024-December-04_preset-Camara_Amacayacu-0_crop0.npy",66.587074,40.21685,4
"..\\..\\..\\..\\Correos\\2024\December\04\TRACK ALERT ID 116 at , Serial_ T010987 Prueba Amacayacu 2024\features_0\2024-December-04_preset-Camara_Amacayacu-0_crop0.npy",73.30041,46.5806,4
"..\\..\\..\\..\\Correos\\2024\December\04\TRACK ALERT ID 116 at , Serial_ T010987 Prueba Amacayacu 2024\features_1\2024-December-04_preset-Camara_Amacayacu-0_crop0.npy",78.07478,-30.374733,5
"..\\..\\..\\..\\Correos\\2024\December\04\TRACK ALERT ID 311,313 at , Serial_ T010987 Prueba Amacayacu 2024\features_0\2024-December-04_preset-Camara_Amacayacu-0_crop0.npy",16.58998,51.87077,6
"..\\..\\..\\..\\Correos\\2024\December\04\TRACK ALERT ID 114,115 at , Serial_ T010987 Prueba Amacayacu 2024\features_0\2024-December-04_114-Camara_Amacayacu-2_crop0.npy",66.38141,45.651917,4
"..\\..\\..\\..\\Correos\\2024\December\04\TRACK ALERT ID 114,115 at , Serial_ T010987 Prueba Amacayacu 2024\features_0\2024-December-04_114-Camara_Amacayacu-8_crop0.npy",74.420784,2.341413,5
"..\\..\\..\\..\\Correos\\2024\December\04\TRACK ALERT ID 114,115 at , Serial_ T010987 Prueba Amacayacu 2024\features_0\2024-December-04_114-Camara_Amacayacu-8_crop1.npy",68.515175,41.970078,4
"..\\..\\..\\..\\Correos\\2024\December\04\TRACK ALERT ID 116 at , Serial_ T010987 Prueba Amacayacu 2024\features_0\2024-December-04_116-Camara_Amacayacu-6_crop0.npy",76.540985,-29.51901,5
"..\\..\\..\\..\\Correos\\2024\December\04\TRACK ALERT ID 116 at , Serial_ T010987 Prueba Amacayacu 2024\features_0\2024-December-04_preset-Camara_Amacayacu-1_crop0.npy",65.90769,38.037685,4
"..\\..\\..\\..\\Correos\\2024\December\04\TRACK ALERT ID 116 at , Serial_ T010987 Prueba Amacayacu 2024\features_0\2024-December-04_preset-Camara_Amacayacu-2_crop0.npy",77.47647,46.733826,4
"..\\..\\..\\..\\Correos\\2024\December\04\TRACK ALERT ID 116 at , Serial_ T010987 Prueba Amacayacu 2024\features_1\2024-December-04_preset-Camara_Amacayacu-2_crop0.npy",73.30041,46.5806,4
"..\\..\\..\\..\\Correos\\2024\December\04\TRACK ALERT ID 116 at , Serial_ T010987 Prueba Amacayacu 2024\features_0\2024-December-04_preset-Camara_Amacayacu-3_crop0.npy",77.053116,38.682877,4
"..\\..\\..\\..\\Correos\\2024\December\04\TRACK ALERT ID 116 at , Serial_ T010987 Prueba Amacayacu 2024\features_1\2024-December-04_preset-Camara_Amacayacu-3_crop0.npy",65.9082,38.03795,4
"..\\..\\..\\..\\Correos\\2024\December\04\TRACK ALERT ID 116 at , Serial_ T010987 Prueba Amacayacu 2024\features_1\2024-December-04_116-Camara_Amacayacu-8_crop0.npy",76.540985,-29.51901,5
"..\\..\\..\\..\\Correos\\2024\December\04\TRACK ALERT ID 116 at , Serial_ T010987 Prueba Amacayacu 2024\features_1\2024-December-04_preset-Camara_Amacayacu-0_crop1.npy",65.78184,39.74131,4
"..\\..\\..\\..\\Correos\\2024\December\04\TRACK ALERT ID 116 at , Serial_ T010987 Prueba Amacayacu 2024\features_1\2024-December-04_preset-Camara_Amacayacu-4_crop0.npy",77.47647,46.733826,4
"..\\..\\..\\..\\Correos\\2024\December\04\TRACK ALERT ID 116 at , Serial_ T010987 Prueba Amacayacu 2024\features_1\2024-December-04_preset-Camara_Amacayacu-5_crop0.npy",77.053116,38.682877,4
"..\\..\\..\\..\\Correos\\2024\December\04\TRACK ALERT ID 122,124 at , Serial_ T010987 Prueba Amacayacu 2024\features_0\2024-December-04_124-Camara_Amacayacu-7_crop0.npy",-19.674276,-53.914204,9
"..\\..\\..\\..\\Correos\\2024\December\04\TRACK ALERT ID 234,236,238 at , Serial_ T010987 Prueba Amacayacu 2024\features_0\2024-December-04_236-Camara_Amacayacu-5_crop0.npy",30.055548,38.161366,6
"..\\..\\..\\..\\Correos\\2024\December\04\TRACK ALERT ID 234,236,238 at , Serial_ T010987 Prueba Amacayacu 2024\features_0\2024-December-04_236-Camara_Amacayacu-6_crop0.npy",36.248787,30.933144,6
"..\\..\\..\\..\\Correos\\2024\December\04\TRACK ALERT ID 236,238,239,240,241 at , Serial_ T010987 Prueba Amacayacu 2024\features_0\2024-December-04_236-Camara_Amacayacu-2_crop0.npy",35.401066,30.91233,6
"..\\..\\..\\..\\Correos\\2024\December\04\TRACK ALERT ID 236,238,239,240,241 at , Serial_ T010987 Prueba Amacayacu 2024\features_0\2024-December-04_239-Camara_Amacayacu-5_crop0.npy",7.354696,-0.7970388,8
"..\\..\\..\\..\\Correos\\2024\December\04\TRACK ALERT ID 236,238,239,240,241 at , Serial_ T010987 Prueba Amacayacu 2024\features_0\2024-December-04_239-Camara_Amacayacu-6_crop0.npy",20.892616,-8.358618,1
"..\\..\\..\\..\\Correos\\2024\December\04\TRACK ALERT ID 236,238,239,240,241 at , Serial_ T010987 Prueba Amacayacu 2024\features_0\2024-December-04_239-Camara_Amacayacu-7_crop0.npy",8.8365135,-1.309529,8
"..\\..\\..\\..\\Correos\\2024\December\04\TRACK ALERT ID 236,238,239,240,241 at , Serial_ T010987 Prueba Amacayacu 2024\features_0\2024-December-04_241-Camara_Amacayacu-8_crop0.npy",9.871109,0.15078007,8
"..\\..\\..\\..\\Correos\\2024\December\04\TRACK ALERT ID 236,238,239,240,241 at , Serial_ T010987 Prueba Amacayacu 2024\features_0\2024-December-04_241-Camara_Amacayacu-8_crop1.npy",22.947794,-8.933683,1
"..\\..\\..\\..\\Correos\\2024\December\04\TRACK ALERT ID 236,238,239,240,241 at , Serial_ T010987 Prueba Amacayacu 2024\features_0\2024-December-04_241-Camara_Amacayacu-9_crop0.npy",8.138142,0.5790107,8
"..\\..\\..\\..\\Correos\\2024\December\04\TRACK ALERT ID 236,238,239,240,241 at , Serial_ T010987 Prueba Amacayacu 2024\features_0\2024-December-04_241-Camara_Amacayacu-9_crop1.npy",35.677715,29.740063,6
"..\\..\\..\\..\\Correos\\2024\December\04\TRACK ALERT ID 242,243 at , Serial_ T010987 Prueba Amacayacu 2024\features_0\2024-December-04_239-Camara_Amacayacu-2_crop0.npy",7.354696,-0.7970388,8
"..\\..\\..\\..\\Correos\\2024\December\04\TRACK ALERT ID 242,243 at , Serial_ T010987 Prueba Amacayacu 2024\features_0\2024-December-04_239-Camara_Amacayacu-3_crop0.npy",20.892082,-8.359338,1
"..\\..\\..\\..\\Correos\\2024\December\04\TRACK ALERT ID 242,243 at , Serial_ T010987 Prueba Amacayacu 2024\features_0\2024-December-04_239-Camara_Amacayacu-4_crop0.npy",8.8365135,-1.309529,8
"..\\..\\..\\..\\Correos\\2024\December\04\TRACK ALERT ID 242,243 at , Serial_ T010987 Prueba Amacayacu 2024\features_0\2024-December-04_241-Camara_Amacayacu-5_crop0.npy",9.871109,0.15078007,8
"..\\..\\..\\..\\Correos\\2024\December\04\TRACK ALERT ID 242,243 at , Serial_ T010987 Prueba Amacayacu 2024\features_0\2024-December-04_241-Camara_Amacayacu-5_crop1.npy",22.947994,-8.933626,1
"..\\..\\..\\..\\Correos\\2024\December\04\TRACK ALERT ID 242,243 at , Serial_ T010987 Prueba Amacayacu 2024\features_0\2024-December-04_241-Camara_Amacayacu-6_crop0.npy",8.138142,0.5790107,8
"..\\..\\..\\..\\Correos\\2024\December\04\TRACK ALERT ID 242,243 at , Serial_ T010987 Prueba Amacayacu 2024\features_0\2024-December-04_241-Camara_Amacayacu-6_crop1.npy",35.677715,29.740063,6
"..\\..\\..\\..\\Correos\\2024\December\04\TRACK ALERT ID 242,243 at , Serial_ T010987 Prueba Amacayacu 2024\features_0\2024-December-04_242-Camara_Amacayacu-8_crop0.npy",-61.04417,4.9841876,3
"..\\..\\..\\..\\Correos\\2024\December\04\TRACK ALERT ID 242,243 at , Serial_ T010987 Prueba Amacayacu 2024\features_0\2024-December-04_242-Camara_Amacayacu-9_crop0.npy",-29.07996,24.336351,0
"..\\..\\..\\..\\Correos\\2024\December\04\TRACK ALERT ID 245 at , Serial_ T010987 Prueba Amacayacu 2024\features_0\2024-December-04_245-Camara_Amacayacu-0_crop0.npy",-23.857327,11.576137,0
"..\\..\\..\\..\\Correos\\2024\December\04\TRACK ALERT ID 245,247 at , Serial_ T010987 Prueba Amacayacu 2024\features_0\2024-December-04_245-Camara_Amacayacu-0_crop0.npy",-28.218771,23.995516,0
"..\\..\\..\\..\\Correos\\2024\December\04\TRACK ALERT ID 245 at , Serial_ T010987 Prueba Amacayacu 2024\features_0\2024-December-04_245-Camara_Amacayacu-1_crop0.npy",-12.824436,-6.50315,8
"..\\..\\..\\..\\Correos\\2024\December\04\TRACK ALERT ID 245,247 at , Serial_ T010987 Prueba Amacayacu 2024\features_0\2024-December-04_245-Camara_Amacayacu-1_crop0.npy",-23.857279,11.57618,0
"..\\..\\..\\..\\Correos\\2024\December\04\TRACK ALERT ID 245 at , Serial_ T010987 Prueba Amacayacu 2024\features_0\2024-December-04_245-Camara_Amacayacu-2_crop0.npy",-6.7741647,-8.0903425,8
"..\\..\\..\\..\\Correos\\2024\December\04\TRACK ALERT ID 245,247 at , Serial_ T010987 Prueba Amacayacu 2024\features_0\2024-December-04_245-Camara_Amacayacu-2_crop0.npy",-12.824519,-6.5031114,8
"..\\..\\..\\..\\Correos\\2024\December\04\TRACK ALERT ID 245 at , Serial_ T010987 Prueba Amacayacu 2024\features_0\2024-December-04_245-Camara_Amacayacu-3_crop0.npy",3.6565669,-9.938365,8
"..\\..\\..\\..\\Correos\\2024\December\04\TRACK ALERT ID 245,247 at , Serial_ T010987 Prueba Amacayacu 2024\features_0\2024-December-04_245-Camara_Amacayacu-3_crop0.npy",-6.7741647,-8.0903425,8
"..\\..\\..\\..\\Correos\\2024\December\04\TRACK ALERT ID 245 at , Serial_ T010987 Prueba Amacayacu 2024\features_0\2024-December-04_245-Camara_Amacayacu-3_crop1.npy",5.4290695,-9.206618,8
"..\\..\\..\\..\\Correos\\2024\December\04\TRACK ALERT ID 245 at , Serial_ T010987 Prueba Amacayacu 2024\features_0\2024-December-04_245-Camara_Amacayacu-4_crop0.npy",5.0289893,-12.596736,8
"..\\..\\..\\..\\Correos\\2024\December\04\TRACK ALERT ID 245,247 at , Serial_ T010987 Prueba Amacayacu 2024\features_0\2024-December-04_245-Camara_Amacayacu-4_crop0.npy",3.6565669,-9.938365,8
"..\\..\\..\\..\\Correos\\2024\December\04\TRACK ALERT ID 245 at , Serial_ T010987 Prueba Amacayacu 2024\features_0\2024-December-04_245-Camara_Amacayacu-5_crop0.npy",2.5450485,-13.164389,8
"..\\..\\..\\..\\Correos\\2024\December\04\TRACK ALERT ID 245,247 at , Serial_ T010987 Prueba Amacayacu 2024\features_0\2024-December-04_245-Camara_Amacayacu-5_crop0.npy",5.028572,-12.5970335,8
"..\\..\\..\\..\\Correos\\2024\December\04\TRACK ALERT ID 245 at , Serial_ T010987 Prueba Amacayacu 2024\features_0\2024-December-04_245-Camara_Amacayacu-6_crop0.npy",8.907949,-15.2254715,8
"..\\..\\..\\..\\Correos\\2024\December\04\TRACK ALERT ID 245,247 at , Serial_ T010987 Prueba Amacayacu 2024\features_0\2024-December-04_245-Camara_Amacayacu-6_crop0.npy",2.5450485,-13.164389,8
"..\\..\\..\\..\\Correos\\2024\December\04\TRACK ALERT ID 245 at , Serial_ T010987 Prueba Amacayacu 2024\features_0\2024-December-04_245-Camara_Amacayacu-7_crop0.npy",10.5127125,-13.138472,8
"..\\..\\..\\..\\Correos\\2024\December\04\TRACK ALERT ID 245,247 at , Serial_ T010987 Prueba Amacayacu 2024\features_0\2024-December-04_245-Camara_Amacayacu-7_crop0.npy",8.907949,-15.2254715,8
"..\\..\\..\\..\\Correos\\2024\December\04\TRACK ALERT ID 245 at , Serial_ T010987 Prueba Amacayacu 2024\features_0\2024-December-04_245-Camara_Amacayacu-8_crop0.npy",15.020333,-34.996033,2
"..\\..\\..\\..\\Correos\\2024\December\04\TRACK ALERT ID 245,247 at , Serial_ T010987 Prueba Amacayacu 2024\features_0\2024-December-04_245-Camara_Amacayacu-8_crop0.npy",10.512456,-13.138508,8
"..\\..\\..\\..\\Correos\\2024\December\04\TRACK ALERT ID 245,247 at , Serial_ T010987 Prueba Amacayacu 2024\features_0\2024-December-04_245-Camara_Amacayacu-4_crop1.npy",5.4290695,-9.206618,8
"..\\..\\..\\..\\Correos\\2024\December\04\TRACK ALERT ID 245,247 at , Serial_ T010987 Prueba Amacayacu 2024\features_0\2024-December-04_245-Camara_Amacayacu-9_crop0.npy",15.019815,-34.99636,2
"..\\..\\..\\..\\Correos\\2024\December\04\TRACK ALERT ID 251,252 at , Serial_ T010987 Prueba Amacayacu 2024\features_0\2024-December-04_251-Camara_Amacayacu-3_crop0.npy",16.355385,-36.149532,2
"..\\..\\..\\..\\Correos\\2024\December\04\TRACK ALERT ID 252 at , Serial_ T010987 Prueba Amacayacu 2024\features_2\2024-December-04_251-Camara_Amacayacu-3_crop0.npy",16.355385,-36.149532,2
"..\\..\\..\\..\\Correos\\2024\December\04\TRACK ALERT ID 252,255 at , Serial_ T010987 Prueba Amacayacu 2024\features_0\2024-December-04_252-Camara_Amacayacu-1_crop0.npy",18.894075,-15.2707,1
"..\\..\\..\\..\\Correos\\2024\December\04\TRACK ALERT ID 252,255 at , Serial_ T010987 Prueba Amacayacu 2024\features_0\2024-December-04_252-Camara_Amacayacu-2_crop0.npy",20.525646,-14.693976,1
"..\\..\\..\\..\\Correos\\2024\December\04\TRACK ALERT ID 252,255 at , Serial_ T010987 Prueba Amacayacu 2024\features_0\2024-December-04_252-Camara_Amacayacu-2_crop1.npy",19.81548,-14.398362,1
"..\\..\\..\\..\\Correos\\2024\December\04\TRACK ALERT ID 252,255 at , Serial_ T010987 Prueba Amacayacu 2024\features_0\2024-December-04_252-Camara_Amacayacu-3_crop0.npy",17.959536,-13.699185,8
"..\\..\\..\\..\\Correos\\2024\December\04\TRACK ALERT ID 252,255 at , Serial_ T010987 Prueba Amacayacu 2024\features_0\2024-December-04_255-Camara_Amacayacu-4_crop0.npy",16.30035,-14.401009,8
"..\\..\\..\\..\\Correos\\2024\December\04\TRACK ALERT ID 252,255 at , Serial_ T010987 Prueba Amacayacu 2024\features_0\2024-December-04_255-Camara_Amacayacu-5_crop0.npy",15.446708,-13.571736,8
"..\\..\\..\\..\\Correos\\2024\December\04\TRACK ALERT ID 252,255 at , Serial_ T010987 Prueba Amacayacu 2024\features_0\2024-December-04_255-Camara_Amacayacu-6_crop0.npy",23.114191,49.532505,6
"..\\..\\..\\..\\Correos\\2024\December\04\TRACK ALERT ID 252,255 at , Serial_ T010987 Prueba Amacayacu 2024\features_0\2024-December-04_255-Camara_Amacayacu-6_crop1.npy",-5.2701283,-1.4058527,8
"..\\..\\..\\..\\Correos\\2024\December\04\TRACK ALERT ID 252,255 at , Serial_ T010987 Prueba Amacayacu 2024\features_0\2024-December-04_255-Camara_Amacayacu-7_crop0.npy",0.5163585,0.3547349,8
"..\\..\\..\\..\\Correos\\2024\December\04\TRACK ALERT ID 252,255 at , Serial_ T010987 Prueba Amacayacu 2024\features_0\2024-December-04_255-Camara_Amacayacu-7_crop1.npy",-0.05782564,0.3588339,8
"..\\..\\..\\..\\Correos\\2024\December\04\TRACK ALERT ID 252,255 at , Serial_ T010987 Prueba Amacayacu 2024\features_0\2024-December-04_255-Camara_Amacayacu-8_crop0.npy",-5.4404874,-0.6495405,8
"..\\..\\..\\..\\Correos\\2024\December\04\TRACK ALERT ID 252,255 at , Serial_ T010987 Prueba Amacayacu 2024\features_0\2024-December-04_255-Camara_Amacayacu-9_crop0.npy",-3.6956139,0.79398656,8
"..\\..\\..\\..\\Correos\\2024\December\04\TRACK ALERT ID 252,255 at , Serial_ T010987 Prueba Amacayacu 2024\features_0\2024-December-04_255-Camara_Amacayacu-9_crop1.npy",-4.7665977,0.19288972,8
"..\\..\\..\\..\\Correos\\2024\December\04\TRACK ALERT ID 255,256,257 at , Serial_ T010987 Prueba Amacayacu 2024\features_0\2024-December-04_255-Camara_Amacayacu-0_crop0.npy",-19.10009,14.701808,0
"..\\..\\..\\..\\Correos\\2024\December\04\TRACK ALERT ID 255,256,257 at , Serial_ T010987 Prueba Amacayacu 2024\features_0\2024-December-04_255-Camara_Amacayacu-1_crop0.npy",-24.493877,21.469408,0
"..\\..\\..\\..\\Correos\\2024\December\04\TRACK ALERT ID 255,256,257 at , Serial_ T010987 Prueba Amacayacu 2024\features_0\2024-December-04_257-Camara_Amacayacu-2_crop0.npy",-25.326857,23.111448,0
"..\\..\\..\\..\\Correos\\2024\December\04\TRACK ALERT ID 257,259 at , Serial_ T010987 Prueba Amacayacu 2024\features_0\2024-December-04_257-Camara_Amacayacu-2_crop0.npy",-35.014706,34.76505,0
"..\\..\\..\\..\\Correos\\2024\December\04\TRACK ALERT ID 255,256,257 at , Serial_ T010987 Prueba Amacayacu 2024\features_0\2024-December-04_257-Camara_Amacayacu-3_crop0.npy",-23.823822,21.220078,0
"..\\..\\..\\..\\Correos\\2024\December\04\TRACK ALERT ID 255,256,257 at , Serial_ T010987 Prueba Amacayacu 2024\features_0\2024-December-04_257-Camara_Amacayacu-4_crop0.npy",-23.234663,22.421738,0
"..\\..\\..\\..\\Correos\\2024\December\04\TRACK ALERT ID 255,256,257 at , Serial_ T010987 Prueba Amacayacu 2024\features_0\2024-December-04_257-Camara_Amacayacu-5_crop0.npy",-26.86136,23.175497,0
"..\\..\\..\\..\\Correos\\2024\December\04\TRACK ALERT ID 255,256,257 at , Serial_ T010987 Prueba Amacayacu 2024\features_0\2024-December-04_257-Camara_Amacayacu-6_crop0.npy",-26.812357,21.945827,0
"..\\..\\..\\..\\Correos\\2024\December\04\TRACK ALERT ID 255,256,257 at , Serial_ T010987 Prueba Amacayacu 2024\features_0\2024-December-04_257-Camara_Amacayacu-7_crop0.npy",-9.603727,-3.2465668,8
"..\\..\\..\\..\\Correos\\2024\December\04\TRACK ALERT ID 255,256,257 at , Serial_ T010987 Prueba Amacayacu 2024\features_0\2024-December-04_257-Camara_Amacayacu-8_crop0.npy",-35.019135,34.762184,0
"..\\..\\..\\..\\Correos\\2024\December\04\TRACK ALERT ID 257,259 at , Serial_ T010987 Prueba Amacayacu 2024\features_0\2024-December-04_257-Camara_Amacayacu-8_crop0.npy",-31.040522,-13.111254,9
"..\\..\\..\\..\\Correos\\2024\December\04\TRACK ALERT ID 257,259 at , Serial_ T010987 Prueba Amacayacu 2024\features_0\2024-December-04_257-Camara_Amacayacu-0_crop0.npy",-26.812397,21.945889,0
"..\\..\\..\\..\\Correos\\2024\December\04\TRACK ALERT ID 257,259 at , Serial_ T010987 Prueba Amacayacu 2024\features_0\2024-December-04_257-Camara_Amacayacu-1_crop0.npy",-9.603727,-3.2465668,8
"..\\..\\..\\..\\Correos\\2024\December\04\TRACK ALERT ID 257,259 at , Serial_ T010987 Prueba Amacayacu 2024\features_0\2024-December-04_257-Camara_Amacayacu-9_crop0.npy",-59.27966,25.495548,3
"..\\..\\..\\..\\Correos\\2024\December\04\TRACK ALERT ID 265,266 at , Serial_ T010987 Prueba Amacayacu 2024\features_0\2024-December-04_266-Camara_Amacayacu-8_crop0.npy",13.400049,-13.895186,8
"..\\..\\..\\..\\Correos\\2024\December\04\TRACK ALERT ID 265,266 at , Serial_ T010987 Prueba Amacayacu 2024\features_0\2024-December-04_266-Camara_Amacayacu-9_crop0.npy",15.457447,-15.536429,8
"..\\..\\..\\..\\Correos\\2024\December\04\TRACK ALERT ID 266 at , Serial_ T010987 Prueba Amacayacu 2024\features_0\2024-December-04_266-Camara_Amacayacu-0_crop0.npy",14.092075,-16.488756,8
"..\\..\\..\\..\\Correos\\2024\December\04\TRACK ALERT ID 267,268,269,270 at , Serial_ T010987 Prueba Amacayacu 2024\features_0\2024-December-04_266-Camara_Amacayacu-0_crop0.npy",4.7741294,-18.429785,8
"..\\..\\..\\..\\Correos\\2024\December\04\TRACK ALERT ID 266 at , Serial_ T010987 Prueba Amacayacu 2024\features_0\2024-December-04_266-Camara_Amacayacu-1_crop0.npy",4.7741294,-18.429785,8
"..\\..\\..\\..\\Correos\\2024\December\04\TRACK ALERT ID 267,268,269,270 at , Serial_ T010987 Prueba Amacayacu 2024\features_0\2024-December-04_267-Camara_Amacayacu-1_crop0.npy",4.762468,-16.734589,8
"..\\..\\..\\..\\Correos\\2024\December\04\TRACK ALERT ID 267,268,269,270 at , Serial_ T010987 Prueba Amacayacu 2024\features_0\2024-December-04_267-Camara_Amacayacu-2_crop0.npy",3.8897455,-17.219118,8
"..\\..\\..\\..\\Correos\\2024\December\04\TRACK ALERT ID 267,268,269,270 at , Serial_ T010987 Prueba Amacayacu 2024\features_0\2024-December-04_268-Camara_Amacayacu-3_crop0.npy",2.7205539,-16.69429,8
"..\\..\\..\\..\\Correos\\2024\December\04\TRACK ALERT ID 267,268,269,270 at , Serial_ T010987 Prueba Amacayacu 2024\features_0\2024-December-04_269-Camara_Amacayacu-4_crop0.npy",-3.6948037,-12.037528,8
"..\\..\\..\\..\\Correos\\2024\December\04\TRACK ALERT ID 267,268,269,270 at , Serial_ T010987 Prueba Amacayacu 2024\features_0\2024-December-04_269-Camara_Amacayacu-5_crop0.npy",-16.872282,-11.872393,9
"..\\..\\..\\..\\Correos\\2024\December\04\TRACK ALERT ID 267,268,269,270 at , Serial_ T010987 Prueba Amacayacu 2024\features_0\2024-December-04_269-Camara_Amacayacu-6_crop0.npy",-19.759209,-12.507143,9
"..\\..\\..\\..\\Correos\\2024\December\04\TRACK ALERT ID 267,268,269,270 at , Serial_ T010987 Prueba Amacayacu 2024\features_0\2024-December-04_269-Camara_Amacayacu-7_crop0.npy",-18.889545,-12.422881,9
"..\\..\\..\\..\\Correos\\2024\December\04\TRACK ALERT ID 267,268,269,270 at , Serial_ T010987 Prueba Amacayacu 2024\features_0\2024-December-04_269-Camara_Amacayacu-8_crop0.npy",-21.367113,-12.976115,9
"..\\..\\..\\..\\Correos\\2024\December\04\TRACK ALERT ID 267,268,269,270 at , Serial_ T010987 Prueba Amacayacu 2024\features_0\2024-December-04_269-Camara_Amacayacu-9_crop0.npy",-24.884455,-14.58981,9
"..\\..\\..\\..\\Correos\\2024\December\04\TRACK ALERT ID 268,270,271,272,273,274,275 at , Serial_ T010987 Prueba Amacayacu 2024\features_0\2024-December-04_269-Camara_Amacayacu-0_crop0.npy",-21.36728,-12.975614,9
"..\\..\\..\\..\\Correos\\2024\December\04\TRACK ALERT ID 268,270,271,272,273,274,275 at , Serial_ T010987 Prueba Amacayacu 2024\features_0\2024-December-04_269-Camara_Amacayacu-1_crop0.npy",-24.884455,-14.58981,9
"..\\..\\..\\..\\Correos\\2024\December\04\TRACK ALERT ID 268,270,271,272,273,274,275 at , Serial_ T010987 Prueba Amacayacu 2024\features_0\2024-December-04_270-Camara_Amacayacu-2_crop0.npy",-26.352758,-14.202484,9
"..\\..\\..\\..\\Correos\\2024\December\04\TRACK ALERT ID 268,270,271,272,273,274,275 at , Serial_ T010987 Prueba Amacayacu 2024\features_0\2024-December-04_270-Camara_Amacayacu-3_crop0.npy",-27.327993,-13.833433,9
"..\\..\\..\\..\\Correos\\2024\December\04\TRACK ALERT ID 268,270,271,272,273,274,275 at , Serial_ T010987 Prueba Amacayacu 2024\features_0\2024-December-04_270-Camara_Amacayacu-4_crop0.npy",-27.995165,-12.868577,9
"..\\..\\..\\..\\Correos\\2024\December\04\TRACK ALERT ID 268,270,271,272,273,274,275 at , Serial_ T010987 Prueba Amacayacu 2024\features_0\2024-December-04_271-Camara_Amacayacu-5_crop0.npy",-29.371304,-13.266559,9
"..\\..\\..\\..\\Correos\\2024\December\04\TRACK ALERT ID 268,270,271,272,273,274,275 at , Serial_ T010987 Prueba Amacayacu 2024\features_0\2024-December-04_271-Camara_Amacayacu-6_crop0.npy",-29.207706,-12.235542,9
"..\\..\\..\\..\\Correos\\2024\December\04\TRACK ALERT ID 268,270,271,272,273,274,275 at , Serial_ T010987 Prueba Amacayacu 2024\features_0\2024-December-04_272-Camara_Amacayacu-7_crop0.npy",-59.623196,23.162424,3
"..\\..\\..\\..\\Correos\\2024\December\04\TRACK ALERT ID 278,279,281 at , Serial_ T010987 Prueba Amacayacu 2024\features_0\2024-December-04_278-Camara_Amacayacu-2_crop0.npy",-2.1168327,-15.727532,8
"..\\..\\..\\..\\Correos\\2024\December\04\TRACK ALERT ID 278,279,281 at , Serial_ T010987 Prueba Amacayacu 2024\features_0\2024-December-04_278-Camara_Amacayacu-3_crop0.npy",-5.4947886,-16.060286,8
"..\\..\\..\\..\\Correos\\2024\December\04\TRACK ALERT ID 278,279,281 at , Serial_ T010987 Prueba Amacayacu 2024\features_0\2024-December-04_278-Camara_Amacayacu-4_crop0.npy",-5.8856955,-14.55541,8
"..\\..\\..\\..\\Correos\\2024\December\04\TRACK ALERT ID 278,279,281 at , Serial_ T010987 Prueba Amacayacu 2024\features_0\2024-December-04_278-Camara_Amacayacu-5_crop0.npy",-5.017435,-14.435107,8
"..\\..\\..\\..\\Correos\\2024\December\04\TRACK ALERT ID 278,279,281,282,283,284 at , Serial_ T010987 Prueba Amacayacu 2024\features_0\2024-December-04_278-Camara_Amacayacu-5_crop0.npy",-27.036718,-12.379581,9
"..\\..\\..\\..\\Correos\\2024\December\04\TRACK ALERT ID 278,279,281 at , Serial_ T010987 Prueba Amacayacu 2024\features_0\2024-December-04_278-Camara_Amacayacu-6_crop0.npy",-3.8308685,-14.719465,8
"..\\..\\..\\..\\Correos\\2024\December\04\TRACK ALERT ID 278,279,281 at , Serial_ T010987 Prueba Amacayacu 2024\features_0\2024-December-04_278-Camara_Amacayacu-7_crop0.npy",-4.3567667,-13.651042,8
"..\\..\\..\\..\\Correos\\2024\December\04\TRACK ALERT ID 278,279,281 at , Serial_ T010987 Prueba Amacayacu 2024\features_0\2024-December-04_278-Camara_Amacayacu-8_crop0.npy",-5.996121,-12.599763,8
"..\\..\\..\\..\\Correos\\2024\December\04\TRACK ALERT ID 278,279,281 at , Serial_ T010987 Prueba Amacayacu 2024\features_0\2024-December-04_278-Camara_Amacayacu-8_crop1.npy",-4.9293056,-12.437063,8
"..\\..\\..\\..\\Correos\\2024\December\04\TRACK ALERT ID 278,279,281 at , Serial_ T010987 Prueba Amacayacu 2024\features_0\2024-December-04_278-Camara_Amacayacu-9_crop0.npy",-11.853353,-10.574991,8
"..\\..\\..\\..\\Correos\\2024\December\04\TRACK ALERT ID 278,279,281 at , Serial_ T010987 Prueba Amacayacu 2024\features_0\2024-December-04_278-Camara_Amacayacu-9_crop1.npy",-13.651305,-11.796485,8
"..\\..\\..\\..\\Correos\\2024\December\04\TRACK ALERT ID 278,279,281,282,283,284 at , Serial_ T010987 Prueba Amacayacu 2024\features_0\2024-December-04_278-Camara_Amacayacu-0_crop0.npy",-11.853353,-10.574991,8
"..\\..\\..\\..\\Correos\\2024\December\04\TRACK ALERT ID 278,279,281,282,283,284 at , Serial_ T010987 Prueba Amacayacu 2024\features_0\2024-December-04_278-Camara_Amacayacu-0_crop1.npy",-13.651305,-11.796485,8
"..\\..\\..\\..\\Correos\\2024\December\04\TRACK ALERT ID 278,279,281,282,283,284 at , Serial_ T010987 Prueba Amacayacu 2024\features_0\2024-December-04_279-Camara_Amacayacu-2_crop0.npy",-30.297611,-21.940952,9
"..\\..\\..\\..\\Correos\\2024\December\04\TRACK ALERT ID 278,279,281,282,283,284 at , Serial_ T010987 Prueba Amacayacu 2024\features_0\2024-December-04_279-Camara_Amacayacu-3_crop0.npy",-23.718643,-12.893173,9
"..\\..\\..\\..\\Correos\\2024\December\04\TRACK ALERT ID 278,279,281,282,283,284 at , Serial_ T010987 Prueba Amacayacu 2024\features_0\2024-December-04_279-Camara_Amacayacu-3_crop1.npy",-24.3621,-12.8519125,9
"..\\..\\..\\..\\Correos\\2024\December\04\TRACK ALERT ID 278,279,281,282,283,284 at , Serial_ T010987 Prueba Amacayacu 2024\features_0\2024-December-04_279-Camara_Amacayacu-4_crop0.npy",-26.248564,-13.08354,9
"..\\..\\..\\..\\Correos\\2024\December\04\TRACK ALERT ID 278,279,281,282,283,284 at , Serial_ T010987 Prueba Amacayacu 2024\features_0\2024-December-04_281-Camara_Amacayacu-1_crop0.npy",-15.202615,-11.642447,8
"..\\..\\..\\..\\Correos\\2024\December\04\TRACK ALERT ID 278,279,281,282,283,284 at , Serial_ T010987 Prueba Amacayacu 2024\features_0\2024-December-04_283-Camara_Amacayacu-7_crop0.npy",-28.07024,-14.524626,9
"..\\..\\..\\..\\Correos\\2024\December\04\TRACK ALERT ID 278,279,281,282,283,284 at , Serial_ T010987 Prueba Amacayacu 2024\features_0\2024-December-04_283-Camara_Amacayacu-8_crop0.npy",-64.6966,25.67262,3
"..\\..\\..\\..\\Correos\\2024\December\04\TRACK ALERT ID 278,279,281,282,283,284 at , Serial_ T010987 Prueba Amacayacu 2024\features_0\2024-December-04_284-Camara_Amacayacu-9_crop0.npy",-68.22353,26.070784,3
"..\\..\\..\\..\\Correos\\2024\December\04\TRACK ALERT ID 278,279,281,282,283,284 at , Serial_ T010987 Prueba Amacayacu 2024\features_0\2024-December-04_284-Camara_Amacayacu-9_crop1.npy",-68.26071,26.045145,3
"..\\..\\..\\..\\Correos\\2024\December\04\TRACK ALERT ID 291 at , Serial_ T010987 Prueba Amacayacu 2024\features_1\2024-December-04_291-Camara_Amacayacu-0_crop0.npy",11.506565,-33.778206,2
"..\\..\\..\\..\\Correos\\2024\December\04\TRACK ALERT ID 293,294,295 at , Serial_ T010987 Prueba Amacayacu 2024\features_0\2024-December-04_293-Camara_Amacayacu-0_crop0.npy",11.832518,1.8973472,8
"..\\..\\..\\..\\Correos\\2024\December\04\TRACK ALERT ID 293,294,295 at , Serial_ T010987 Prueba Amacayacu 2024\features_0\2024-December-04_294-Camara_Amacayacu-6_crop0.npy",80.61186,0.9389411,5
"..\\..\\..\\..\\Correos\\2024\December\04\TRACK ALERT ID 294,295,296 at , Serial_ T010987 Prueba Amacayacu 2024\features_0\2024-December-04_294-Camara_Amacayacu-6_crop0.npy",-19.043587,-15.090675,9
"..\\..\\..\\..\\Correos\\2024\December\04\TRACK ALERT ID 293,294,295 at , Serial_ T010987 Prueba Amacayacu 2024\features_0\2024-December-04_294-Camara_Amacayacu-7_crop0.npy",1.8832165,-21.761673,8
"..\\..\\..\\..\\Correos\\2024\December\04\TRACK ALERT ID 294,295,296 at , Serial_ T010987 Prueba Amacayacu 2024\features_0\2024-December-04_294-Camara_Amacayacu-7_crop0.npy",-23.14726,-15.4885645,9
"..\\..\\..\\..\\Correos\\2024\December\04\TRACK ALERT ID 293,294,295 at , Serial_ T010987 Prueba Amacayacu 2024\features_0\2024-December-04_294-Camara_Amacayacu-8_crop0.npy",-8.796817,-17.253675,9
"..\\..\\..\\..\\Correos\\2024\December\04\TRACK ALERT ID 294,295,296 at , Serial_ T010987 Prueba Amacayacu 2024\features_0\2024-December-04_294-Camara_Amacayacu-8_crop0.npy",-63.239567,25.023628,3
"..\\..\\..\\..\\Correos\\2024\December\04\TRACK ALERT ID 293,294,295 at , Serial_ T010987 Prueba Amacayacu 2024\features_0\2024-December-04_294-Camara_Amacayacu-9_crop0.npy",-8.228001,-14.079881,8
"..\\..\\..\\..\\Correos\\2024\December\04\TRACK ALERT ID 294,295,296 at , Serial_ T010987 Prueba Amacayacu 2024\features_0\2024-December-04_294-Camara_Amacayacu-1_crop0.npy",80.61186,0.9389411,5
"..\\..\\..\\..\\Correos\\2024\December\04\TRACK ALERT ID 297 at , Serial_ T010987 Prueba Amacayacu 2024\features_0\2024-December-04_294-Camara_Amacayacu-1_crop0.npy",-23.14726,-15.4885645,9
"..\\..\\..\\..\\Correos\\2024\December\04\TRACK ALERT ID 294,295,296 at , Serial_ T010987 Prueba Amacayacu 2024\features_0\2024-December-04_294-Camara_Amacayacu-2_crop0.npy",1.8823811,-21.76172,8
"..\\..\\..\\..\\Correos\\2024\December\04\TRACK ALERT ID 297 at , Serial_ T010987 Prueba Amacayacu 2024\features_0\2024-December-04_294-Camara_Amacayacu-2_crop0.npy",-63.239567,25.023628,3
"..\\..\\..\\..\\Correos\\2024\December\04\TRACK ALERT ID 294,295,296 at , Serial_ T010987 Prueba Amacayacu 2024\features_0\2024-December-04_294-Camara_Amacayacu-3_crop0.npy",-8.797666,-17.254139,9
"..\\..\\..\\..\\Correos\\2024\December\04\TRACK ALERT ID 294,295,296 at , Serial_ T010987 Prueba Amacayacu 2024\features_0\2024-December-04_294-Camara_Amacayacu-4_crop0.npy",-8.229202,-14.07998,8
"..\\..\\..\\..\\Correos\\2024\December\04\TRACK ALERT ID 294,295,296 at , Serial_ T010987 Prueba Amacayacu 2024\features_0\2024-December-04_294-Camara_Amacayacu-5_crop0.npy",-10.222181,-13.847915,8
"..\\..\\..\\..\\Correos\\2024\December\04\TRACK ALERT ID 294,295,296 at , Serial_ T010987 Prueba Amacayacu 2024\features_0\2024-December-04_294-Camara_Amacayacu-5_crop1.npy",-10.0631695,-14.049866,8
"..\\..\\..\\..\\Correos\\2024\December\04\TRACK ALERT ID 294,295,296 at , Serial_ T010987 Prueba Amacayacu 2024\features_0\2024-December-04_294-Camara_Amacayacu-6_crop1.npy",-17.505692,-15.444738,9
"..\\..\\..\\..\\Correos\\2024\December\04\TRACK ALERT ID 297 at , Serial_ T010987 Prueba Amacayacu 2024\features_0\2024-December-04_294-Camara_Amacayacu-0_crop0.npy",-19.04363,-15.090292,9
"..\\..\\..\\..\\Correos\\2024\December\04\TRACK ALERT ID 297 at , Serial_ T010987 Prueba Amacayacu 2024\features_0\2024-December-04_294-Camara_Amacayacu-0_crop1.npy",-17.505623,-15.444979,9
"..\\..\\..\\..\\Correos\\2024\December\04\TRACK ALERT ID 299,300 at , Serial_ T010987 Prueba Amacayacu 2024\features_0\2024-December-04_299-Camara_Amacayacu-1_crop0.npy",-34.915047,-18.823828,9
"..\\..\\..\\..\\Correos\\2024\December\04\TRACK ALERT ID 299,300 at , Serial_ T010987 Prueba Amacayacu 2024\features_0\2024-December-04_299-Camara_Amacayacu-1_crop1.npy",-35.331932,-18.014622,9
"..\\..\\..\\..\\Correos\\2024\December\04\TRACK ALERT ID 299,300 at , Serial_ T010987 Prueba Amacayacu 2024\features_0\2024-December-04_299-Camara_Amacayacu-2_crop0.npy",-35.185585,-19.45017,9
"..\\..\\..\\..\\Correos\\2024\December\04\TRACK ALERT ID 299,300 at , Serial_ T010987 Prueba Amacayacu 2024\features_0\2024-December-04_299-Camara_Amacayacu-3_crop0.npy",-22.706799,18.432096,0
"..\\..\\..\\..\\Correos\\2024\December\04\TRACK ALERT ID 299,300 at , Serial_ T010987 Prueba Amacayacu 2024\features_0\2024-December-04_299-Camara_Amacayacu-4_crop0.npy",-23.435598,19.690311,0
"..\\..\\..\\..\\Correos\\2024\December\04\TRACK ALERT ID 299,300 at , Serial_ T010987 Prueba Amacayacu 2024\features_0\2024-December-04_299-Camara_Amacayacu-4_crop1.npy",46.905144,6.500329,1
"..\\..\\..\\..\\Correos\\2024\December\04\TRACK ALERT ID 299,300 at , Serial_ T010987 Prueba Amacayacu 2024\features_0\2024-December-04_299-Camara_Amacayacu-5_crop0.npy",-21.337677,16.858807,0
"..\\..\\..\\..\\Correos\\2024\December\04\TRACK ALERT ID 299,300 at , Serial_ T010987 Prueba Amacayacu 2024\features_0\2024-December-04_299-Camara_Amacayacu-6_crop0.npy",-20.843021,16.063307,0
"..\\..\\..\\..\\Correos\\2024\December\04\TRACK ALERT ID 299,300 at , Serial_ T010987 Prueba Amacayacu 2024\features_0\2024-December-04_300-Camara_Amacayacu-7_crop0.npy",-20.478617,15.343421,0
"..\\..\\..\\..\\Correos\\2024\December\04\TRACK ALERT ID 308 at , Serial_ T010987 Prueba Amacayacu 2024\features_0\2024-December-04_308-Camara_Amacayacu-2_crop0.npy",30.5014,30.236715,6
"..\\..\\..\\..\\Correos\\2024\December\04\TRACK ALERT ID 308 at , Serial_ T010987 Prueba Amacayacu 2024\features_0\2024-December-04_308-Camara_Amacayacu-3_crop0.npy",30.094366,30.517298,6
"..\\..\\..\\..\\Correos\\2024\December\04\TRACK ALERT ID 308 at , Serial_ T010987 Prueba Amacayacu 2024\features_0\2024-December-04_308-Camara_Amacayacu-4_crop0.npy",29.567783,29.271852,6
"..\\..\\..\\..\\Correos\\2024\December\04\TRACK ALERT ID 308 at , Serial_ T010987 Prueba Amacayacu 2024\features_0\2024-December-04_308-Camara_Amacayacu-5_crop0.npy",30.234673,29.247944,6
"..\\..\\..\\..\\Correos\\2024\December\04\TRACK ALERT ID 308 at , Serial_ T010987 Prueba Amacayacu 2024\features_0\2024-December-04_308-Camara_Amacayacu-6_crop0.npy",28.980946,32.225883,6
"..\\..\\..\\..\\Correos\\2024\December\04\TRACK ALERT ID 311 at , Serial_ T010987 Prueba Amacayacu 2024\features_0\2024-December-04_311-Camara_Amacayacu-4_crop0.npy",9.256264,49.73723,6
"..\\..\\..\\..\\Correos\\2024\December\04\TRACK ALERT ID 311 at , Serial_ T010987 Prueba Amacayacu 2024\features_0\2024-December-04_311-Camara_Amacayacu-5_crop0.npy",8.768765,51.746597,6
"..\\..\\..\\..\\Correos\\2024\December\04\TRACK ALERT ID 311 at , Serial_ T010987 Prueba Amacayacu 2024\features_1\2024-December-04_311-Camara_Amacayacu-5_crop0.npy",8.668082,49.4884,6
"..\\..\\..\\..\\Correos\\2024\December\04\TRACK ALERT ID 311 at , Serial_ T010987 Prueba Amacayacu 2024\features_0\2024-December-04_311-Camara_Amacayacu-6_crop0.npy",5.4542694,51.469265,6
"..\\..\\..\\..\\Correos\\2024\December\04\TRACK ALERT ID 311 at , Serial_ T010987 Prueba Amacayacu 2024\features_1\2024-December-04_311-Camara_Amacayacu-6_crop0.npy",8.2845125,52.078213,6
"..\\..\\..\\..\\Correos\\2024\December\04\TRACK ALERT ID 311 at , Serial_ T010987 Prueba Amacayacu 2024\features_0\2024-December-04_311-Camara_Amacayacu-7_crop0.npy",12.081955,53.444786,6
"..\\..\\..\\..\\Correos\\2024\December\04\TRACK ALERT ID 311 at , Serial_ T010987 Prueba Amacayacu 2024\features_1\2024-December-04_311-Camara_Amacayacu-7_crop0.npy",5.4542694,51.469265,6
"..\\..\\..\\..\\Correos\\2024\December\04\TRACK ALERT ID 311 at , Serial_ T010987 Prueba Amacayacu 2024\features_2\2024-December-04_311-Camara_Amacayacu-7_crop0.npy",9.256264,49.73723,6
"..\\..\\..\\..\\Correos\\2024\December\04\TRACK ALERT ID 311 at , Serial_ T010987 Prueba Amacayacu 2024\features_0\2024-December-04_311-Camara_Amacayacu-7_crop1.npy",28.873535,45.77309,6
"..\\..\\..\\..\\Correos\\2024\December\04\TRACK ALERT ID 311 at , Serial_ T010987 Prueba Amacayacu 2024\features_0\2024-December-04_311-Camara_Amacayacu-8_crop0.npy",14.937037,53.682434,6
"..\\..\\..\\..\\Correos\\2024\December\04\TRACK ALERT ID 311 at , Serial_ T010987 Prueba Amacayacu 2024\features_1\2024-December-04_311-Camara_Amacayacu-8_crop0.npy",12.081955,53.444786,6
"..\\..\\..\\..\\Correos\\2024\December\04\TRACK ALERT ID 311 at , Serial_ T010987 Prueba Amacayacu 2024\features_2\2024-December-04_311-Camara_Amacayacu-8_crop0.npy",8.167761,51.495914,6
"..\\..\\..\\..\\Correos\\2024\December\04\TRACK ALERT ID 311 at , Serial_ T010987 Prueba Amacayacu 2024\features_0\2024-December-04_preset-Camara_Amacayacu-9_crop0.npy",16.58998,51.87077,6
"..\\..\\..\\..\\Correos\\2024\December\04\TRACK ALERT ID 311 at , Serial_ T010987 Prueba Amacayacu 2024\features_1\2024-December-04_311-Camara_Amacayacu-8_crop1.npy",28.873535,45.77309,6
"..\\..\\..\\..\\Correos\\2024\December\04\TRACK ALERT ID 311 at , Serial_ T010987 Prueba Amacayacu 2024\features_1\2024-December-04_311-Camara_Amacayacu-9_crop0.npy",14.937231,53.682243,6
"..\\..\\..\\..\\Correos\\2024\December\04\TRACK ALERT ID 311 at , Serial_ T010987 Prueba Amacayacu 2024\features_2\2024-December-04_311-Camara_Amacayacu-9_crop0.npy",5.4542694,51.469265,6
"..\\..\\..\\..\\Correos\\2024\December\04\TRACK ALERT ID 311,313 at , Serial_ T010987 Prueba Amacayacu 2024\features_0\2024-December-04_311-Camara_Amacayacu-1_crop0.npy",20.391565,38.992424,6
"..\\..\\..\\..\\Correos\\2024\December\04\TRACK ALERT ID 311,313 at , Serial_ T010987 Prueba Amacayacu 2024\features_0\2024-December-04_311-Camara_Amacayacu-1_crop1.npy",24.961887,36.546356,6
"..\\..\\..\\..\\Correos\\2024\December\04\TRACK ALERT ID 311,313 at , Serial_ T010987 Prueba Amacayacu 2024\features_0\2024-December-04_311-Camara_Amacayacu-2_crop0.npy",19.320538,38.704044,6
"..\\..\\..\\..\\Correos\\2024\December\04\TRACK ALERT ID 311,313 at , Serial_ T010987 Prueba Amacayacu 2024\features_0\2024-December-04_313-Camara_Amacayacu-3_crop0.npy",22.697386,35.363297,6
"..\\..\\..\\..\\Correos\\2024\December\04\TRACK ALERT ID 311,313 at , Serial_ T010987 Prueba Amacayacu 2024\features_0\2024-December-04_313-Camara_Amacayacu-3_crop1.npy",18.313513,28.482313,6
"..\\..\\..\\..\\Correos\\2024\December\04\TRACK ALERT ID 311,313 at , Serial_ T010987 Prueba Amacayacu 2024\features_0\2024-December-04_313-Camara_Amacayacu-4_crop0.npy",20.81341,37.26336,6
"..\\..\\..\\..\\Correos\\2024\December\04\TRACK ALERT ID 311,313 at , Serial_ T010987 Prueba Amacayacu 2024\features_0\2024-December-04_313-Camara_Amacayacu-5_crop0.npy",20.601528,36.920525,6
"..\\..\\..\\..\\Correos\\2024\December\04\TRACK ALERT ID 311,313 at , Serial_ T010987 Prueba Amacayacu 2024\features_0\2024-December-04_313-Camara_Amacayacu-6_crop0.npy",21.8476,34.66808,6
"..\\..\\..\\..\\Correos\\2024\December\04\TRACK ALERT ID 311,313 at , Serial_ T010987 Prueba Amacayacu 2024\features_0\2024-December-04_313-Camara_Amacayacu-7_crop0.npy",19.298897,37.545086,6
"..\\..\\..\\..\\Correos\\2024\December\04\TRACK ALERT ID 311,313 at , Serial_ T010987 Prueba Amacayacu 2024\features_0\2024-December-04_313-Camara_Amacayacu-8_crop0.npy",21.04431,34.891323,6
"..\\..\\..\\..\\Correos\\2024\December\04\TRACK ALERT ID 311,313 at , Serial_ T010987 Prueba Amacayacu 2024\features_0\2024-December-04_313-Camara_Amacayacu-9_crop0.npy",25.920507,38.78245,6
"..\\..\\..\\..\\Correos\\2024\December\04\TRACK ALERT ID 315 at , Serial_ T010987 Prueba Amacayacu 2024\features_0\2024-December-04_315-Camara_Amacayacu-5_crop0.npy",35.55389,28.020966,6
"..\\..\\..\\..\\Correos\\2024\December\04\TRACK ALERT ID 326,327,328 at , Serial_ T010987 Prueba Amacayacu 2024\features_0\2024-December-04_326-Camara_Amacayacu-1_crop0.npy",-34.589867,-7.382044,9
"..\\..\\..\\..\\Correos\\2024\December\04\TRACK ALERT ID 326,327,328 at , Serial_ T010987 Prueba Amacayacu 2024\features_0\2024-December-04_328-Camara_Amacayacu-2_crop0.npy",-33.885822,-7.1136,9
"..\\..\\..\\..\\Correos\\2024\December\04\TRACK ALERT ID 326,327,328 at , Serial_ T010987 Prueba Amacayacu 2024\features_0\2024-December-04_328-Camara_Amacayacu-2_crop1.npy",44.30518,26.058783,1
"..\\..\\..\\..\\Correos\\2024\December\04\TRACK ALERT ID 326,327,328 at , Serial_ T010987 Prueba Amacayacu 2024\features_0\2024-December-04_328-Camara_Amacayacu-3_crop0.npy",43.644886,26.327335,6
"..\\..\\..\\..\\Correos\\2024\December\04\TRACK ALERT ID 326,327,328 at , Serial_ T010987 Prueba Amacayacu 2024\features_0\2024-December-04_328-Camara_Amacayacu-3_crop1.npy",-33.391838,-6.938735,9
"..\\..\\..\\..\\Correos\\2024\December\04\TRACK ALERT ID 326,327,328 at , Serial_ T010987 Prueba Amacayacu 2024\features_0\2024-December-04_328-Camara_Amacayacu-4_crop0.npy",8.923219,-12.631681,8
"..\\..\\..\\..\\Correos\\2024\December\04\TRACK ALERT ID 326,327,328 at , Serial_ T010987 Prueba Amacayacu 2024\features_0\2024-December-04_328-Camara_Amacayacu-4_crop1.npy",45.444096,27.425121,6
"..\\..\\..\\..\\Correos\\2024\December\04\TRACK ALERT ID 329 at , Serial_ T010987 Prueba Amacayacu 2024\features_0\2024-December-04_329-Camara_Amacayacu-0_crop0.npy",44.28985,29.593119,6
"..\\..\\..\\..\\Correos\\2024\December\04\TRACK ALERT ID 329 at , Serial_ T010987 Prueba Amacayacu 2024\features_0\2024-December-04_329-Camara_Amacayacu-1_crop0.npy",45.642384,28.29065,6
"..\\..\\..\\..\\Correos\\2024\December\04\TRACK ALERT ID 329 at , Serial_ T010987 Prueba Amacayacu 2024\features_0\2024-December-04_329-Camara_Amacayacu-2_crop0.npy",44.04101,28.699266,6
"..\\..\\..\\..\\Correos\\2024\December\04\TRACK ALERT ID 329 at , Serial_ T010987 Prueba Amacayacu 2024\features_0\2024-December-04_329-Camara_Amacayacu-3_crop0.npy",42.876915,28.89132,6
"..\\..\\..\\..\\Correos\\2024\December\04\TRACK ALERT ID 329 at , Serial_ T010987 Prueba Amacayacu 2024\features_0\2024-December-04_329-Camara_Amacayacu-4_crop0.npy",42.11834,30.543928,6
"..\\..\\..\\..\\Correos\\2024\December\04\TRACK ALERT ID 329 at , Serial_ T010987 Prueba Amacayacu 2024\features_0\2024-December-04_329-Camara_Amacayacu-5_crop0.npy",41.658714,30.941395,6
"..\\..\\..\\..\\Correos\\2024\December\04\TRACK ALERT ID 329 at , Serial_ T010987 Prueba Amacayacu 2024\features_0\2024-December-04_329-Camara_Amacayacu-6_crop0.npy",44.55617,30.714222,6
"..\\..\\..\\..\\Correos\\2024\December\04\TRACK ALERT ID 329 at , Serial_ T010987 Prueba Amacayacu 2024\features_0\2024-December-04_329-Camara_Amacayacu-7_crop0.npy",45.48465,29.606522,6
"..\\..\\..\\..\\Correos\\2024\December\04\TRACK ALERT ID 329 at , Serial_ T010987 Prueba Amacayacu 2024\features_0\2024-December-04_329-Camara_Amacayacu-8_crop0.npy",45.049618,31.03716,6
"..\\..\\..\\..\\Correos\\2024\December\04\TRACK ALERT ID 331,332,333 at , Serial_ T010987 Prueba Amacayacu 2024\features_0\2024-December-04_331-Camara_Amacayacu-0_crop0.npy",46.979668,28.634117,4
"..\\..\\..\\..\\Correos\\2024\December\04\TRACK ALERT ID 331,332,333 at , Serial_ T010987 Prueba Amacayacu 2024\features_0\2024-December-04_331-Camara_Amacayacu-1_crop0.npy",47.17051,30.581528,4
"..\\..\\..\\..\\Correos\\2024\December\04\TRACK ALERT ID 331,332,333 at , Serial_ T010987 Prueba Amacayacu 2024\features_0\2024-December-04_331-Camara_Amacayacu-2_crop0.npy",7.6672983,65.89739,6
"..\\..\\..\\..\\Correos\\2024\December\04\TRACK ALERT ID 331,332,333 at , Serial_ T010987 Prueba Amacayacu 2024\features_0\2024-December-04_331-Camara_Amacayacu-3_crop0.npy",7.9622674,64.68275,6
"..\\..\\..\\..\\Correos\\2024\December\04\TRACK ALERT ID 331,332,333 at , Serial_ T010987 Prueba Amacayacu 2024\features_0\2024-December-04_331-Camara_Amacayacu-4_crop0.npy",6.7685723,64.618965,6
"..\\..\\..\\..\\Correos\\2024\December\04\TRACK ALERT ID 331,332,333 at , Serial_ T010987 Prueba Amacayacu 2024\features_0\2024-December-04_332-Camara_Amacayacu-5_crop0.npy",7.4126883,63.389603,6
"..\\..\\..\\..\\Correos\\2024\December\04\TRACK ALERT ID 332 at , Serial_ T010987 Prueba Amacayacu 2024\features_0\2024-December-04_332-Camara_Amacayacu-5_crop0.npy",-3.929228,-39.578674,9
"..\\..\\..\\..\\Correos\\2024\December\04\TRACK ALERT ID 332 at , Serial_ T010987 Prueba Amacayacu 2024\features_1\2024-December-04_332-Camara_Amacayacu-5_crop0.npy",-3.585397,-35.045506,9
"..\\..\\..\\..\\Correos\\2024\December\04\TRACK ALERT ID 332,333 at , Serial_ T010987 Prueba Amacayacu 2024\features_0\2024-December-04_332-Camara_Amacayacu-5_crop0.npy",3.4201765,62.19635,6
"..\\..\\..\\..\\Correos\\2024\December\04\TRACK ALERT ID 331,332,333 at , Serial_ T010987 Prueba Amacayacu 2024\features_0\2024-December-04_332-Camara_Amacayacu-6_crop0.npy",5.209561,63.8736,6
"..\\..\\..\\..\\Correos\\2024\December\04\TRACK ALERT ID 332 at , Serial_ T010987 Prueba Amacayacu 2024\features_0\2024-December-04_332-Camara_Amacayacu-6_crop0.npy",-3.56234,-37.29893,9
"..\\..\\..\\..\\Correos\\2024\December\04\TRACK ALERT ID 332 at , Serial_ T010987 Prueba Amacayacu 2024\features_1\2024-December-04_332-Camara_Amacayacu-6_crop0.npy",-1.9164771,-35.961414,9
"..\\..\\..\\..\\Correos\\2024\December\04\TRACK ALERT ID 332,333 at , Serial_ T010987 Prueba Amacayacu 2024\features_0\2024-December-04_332-Camara_Amacayacu-6_crop0.npy",3.5430796,59.19897,6
"..\\..\\..\\..\\Correos\\2024\December\04\TRACK ALERT ID 331,332,333 at , Serial_ T010987 Prueba Amacayacu 2024\features_0\2024-December-04_332-Camara_Amacayacu-7_crop0.npy",2.62276,63.067486,6
"..\\..\\..\\..\\Correos\\2024\December\04\TRACK ALERT ID 332 at , Serial_ T010987 Prueba Amacayacu 2024\features_0\2024-December-04_332-Camara_Amacayacu-7_crop0.npy",-2.326029,-37.95079,9
"..\\..\\..\\..\\Correos\\2024\December\04\TRACK ALERT ID 332 at , Serial_ T010987 Prueba Amacayacu 2024\features_1\2024-December-04_332-Camara_Amacayacu-7_crop0.npy",-5.1902304,-37.796177,9
"..\\..\\..\\..\\Correos\\2024\December\04\TRACK ALERT ID 332,333 at , Serial_ T010987 Prueba Amacayacu 2024\features_0\2024-December-04_332-Camara_Amacayacu-7_crop0.npy",4.3439627,59.381878,6
"..\\..\\..\\..\\Correos\\2024\December\04\TRACK ALERT ID 331,332,333 at , Serial_ T010987 Prueba Amacayacu 2024\features_0\2024-December-04_332-Camara_Amacayacu-8_crop0.npy",2.826325,60.692173,6
"..\\..\\..\\..\\Correos\\2024\December\04\TRACK ALERT ID 332 at , Serial_ T010987 Prueba Amacayacu 2024\features_0\2024-December-04_332-Camara_Amacayacu-8_crop0.npy",-4.9418855,-36.257877,9
"..\\..\\..\\..\\Correos\\2024\December\04\TRACK ALERT ID 332 at , Serial_ T010987 Prueba Amacayacu 2024\features_1\2024-December-04_332-Camara_Amacayacu-8_crop0.npy",-3.929228,-39.578674,9
"..\\..\\..\\..\\Correos\\2024\December\04\TRACK ALERT ID 332,333 at , Serial_ T010987 Prueba Amacayacu 2024\features_0\2024-December-04_332-Camara_Amacayacu-8_crop0.npy",5.2394404,60.9704,6
"..\\..\\..\\..\\Correos\\2024\December\04\TRACK ALERT ID 331,332,333 at , Serial_ T010987 Prueba Amacayacu 2024\features_0\2024-December-04_332-Camara_Amacayacu-9_crop0.npy",1.8802212,61.58649,6
"..\\..\\..\\..\\Correos\\2024\December\04\TRACK ALERT ID 332 at , Serial_ T010987 Prueba Amacayacu 2024\features_0\2024-December-04_332-Camara_Amacayacu-9_crop0.npy",1.2902944,-37.88586,2
"..\\..\\..\\..\\Correos\\2024\December\04\TRACK ALERT ID 332 at , Serial_ T010987 Prueba Amacayacu 2024\features_1\2024-December-04_332-Camara_Amacayacu-9_crop0.npy",-3.563993,-37.296127,9
"..\\..\\..\\..\\Correos\\2024\December\04\TRACK ALERT ID 332,333 at , Serial_ T010987 Prueba Amacayacu 2024\features_0\2024-December-04_332-Camara_Amacayacu-9_crop0.npy",6.27643,59.581924,6
"..\\..\\..\\..\\Correos\\2024\December\04\TRACK ALERT ID 332 at , Serial_ T010987 Prueba Amacayacu 2024\features_0\2024-December-04_332-Camara_Amacayacu-0_crop0.npy",1.1668673,-32.702328,9
"..\\..\\..\\..\\Correos\\2024\December\04\TRACK ALERT ID 332 at , Serial_ T010987 Prueba Amacayacu 2024\features_1\2024-December-04_332-Camara_Amacayacu-0_crop0.npy",6.307474,60.564114,6
"..\\..\\..\\..\\Correos\\2024\December\04\TRACK ALERT ID 332 at , Serial_ T010987 Prueba Amacayacu 2024\features_2\2024-December-04_332-Camara_Amacayacu-0_crop0.npy",5.256396,-38.483593,2
"..\\..\\..\\..\\Correos\\2024\December\04\TRACK ALERT ID 332 at , Serial_ T010987 Prueba Amacayacu 2024\features_3\2024-December-04_332-Camara_Amacayacu-0_crop0.npy",-0.89018947,-37.617767,9
"..\\..\\..\\..\\Correos\\2024\December\04\TRACK ALERT ID 332 at , Serial_ T010987 Prueba Amacayacu 2024\features_5\2024-December-04_332-Camara_Amacayacu-0_crop0.npy",5.256137,-38.484547,2
"..\\..\\..\\..\\Correos\\2024\December\04\TRACK ALERT ID 332,333 at , Serial_ T010987 Prueba Amacayacu 2024\features_0\2024-December-04_332-Camara_Amacayacu-0_crop0.npy",7.4126883,63.389603,6
"..\\..\\..\\..\\Correos\\2024\December\04\TRACK ALERT ID 334 at , Serial_ T010987 Prueba Amacayacu 2024\features_1\2024-December-04_332-Camara_Amacayacu-0_crop0.npy",-1.6315558,-40.91899,9
"..\\..\\..\\..\\Correos\\2024\December\04\TRACK ALERT ID 332 at , Serial_ T010987 Prueba Amacayacu 2024\features_0\2024-December-04_332-Camara_Amacayacu-1_crop0.npy",-0.6278453,-34.812565,9
"..\\..\\..\\..\\Correos\\2024\December\04\TRACK ALERT ID 332 at , Serial_ T010987 Prueba Amacayacu 2024\features_1\2024-December-04_332-Camara_Amacayacu-1_crop0.npy",4.8118834,60.308784,6
"..\\..\\..\\..\\Correos\\2024\December\04\TRACK ALERT ID 332 at , Serial_ T010987 Prueba Amacayacu 2024\features_3\2024-December-04_332-Camara_Amacayacu-1_crop0.npy",-0.66568035,-38.40281,9
"..\\..\\..\\..\\Correos\\2024\December\04\TRACK ALERT ID 332,333 at , Serial_ T010987 Prueba Amacayacu 2024\features_0\2024-December-04_332-Camara_Amacayacu-1_crop0.npy",5.209561,63.8736,6
"..\\..\\..\\..\\Correos\\2024\December\04\TRACK ALERT ID 332 at , Serial_ T010987 Prueba Amacayacu 2024\features_0\2024-December-04_332-Camara_Amacayacu-2_crop0.npy",-3.4449227,-34.886875,9
"..\\..\\..\\..\\Correos\\2024\December\04\TRACK ALERT ID 332 at , Serial_ T010987 Prueba Amacayacu 2024\features_1\2024-December-04_332-Camara_Amacayacu-2_crop0.npy",12.581094,45.77437,6
"..\\..\\..\\..\\Correos\\2024\December\04\TRACK ALERT ID 332 at , Serial_ T010987 Prueba Amacayacu 2024\features_3\2024-December-04_332-Camara_Amacayacu-2_crop0.npy",0.21365015,-37.06005,9
"..\\..\\..\\..\\Correos\\2024\December\04\TRACK ALERT ID 332,333 at , Serial_ T010987 Prueba Amacayacu 2024\features_0\2024-December-04_332-Camara_Amacayacu-2_crop0.npy",2.62276,63.067486,6
"..\\..\\..\\..\\Correos\\2024\December\04\TRACK ALERT ID 332 at , Serial_ T010987 Prueba Amacayacu 2024\features_0\2024-December-04_332-Camara_Amacayacu-3_crop0.npy",-1.9164771,-35.961414,9
"..\\..\\..\\..\\Correos\\2024\December\04\TRACK ALERT ID 332 at , Serial_ T010987 Prueba Amacayacu 2024\features_1\2024-December-04_332-Camara_Amacayacu-3_crop0.npy",1.1668673,-32.702328,9
"..\\..\\..\\..\\Correos\\2024\December\04\TRACK ALERT ID 332 at , Serial_ T010987 Prueba Amacayacu 2024\features_3\2024-December-04_332-Camara_Amacayacu-3_crop0.npy",-1.6316601,-40.918934,9
"..\\..\\..\\..\\Correos\\2024\December\04\TRACK ALERT ID 332,333 at , Serial_ T010987 Prueba Amacayacu 2024\features_0\2024-December-04_332-Camara_Amacayacu-3_crop0.npy",2.826325,60.692173,6
"..\\..\\..\\..\\Correos\\2024\December\04\TRACK ALERT ID 332 at , Serial_ T010987 Prueba Amacayacu 2024\features_0\2024-December-04_332-Camara_Amacayacu-4_crop0.npy",-5.1902304,-37.796177,9
"..\\..\\..\\..\\Correos\\2024\December\04\TRACK ALERT ID 332 at , Serial_ T010987 Prueba Amacayacu 2024\features_1\2024-December-04_332-Camara_Amacayacu-4_crop0.npy",-0.6278453,-34.812565,9
"..\\..\\..\\..\\Correos\\2024\December\04\TRACK ALERT ID 332,333 at , Serial_ T010987 Prueba Amacayacu 2024\features_0\2024-December-04_332-Camara_Amacayacu-4_crop0.npy",1.8802212,61.58649,6
"..\\..\\..\\..\\Correos\\2024\December\04\TRACK ALERT ID 332 at , Serial_ T010987 Prueba Amacayacu 2024\features_0\2024-December-04_332-Camara_Amacayacu-7_crop1.npy",0.998349,-39.429443,2
"..\\..\\..\\..\\Correos\\2024\December\04\TRACK ALERT ID 332 at , Serial_ T010987 Prueba Amacayacu 2024\features_2\2024-December-04_332-Camara_Amacayacu-0_crop1.npy",6.4228916,-40.102795,2
"..\\..\\..\\..\\Correos\\2024\December\04\TRACK ALERT ID 332 at , Serial_ T010987 Prueba Amacayacu 2024\features_5\2024-December-04_332-Camara_Amacayacu-0_crop1.npy",6.4228916,-40.102795,2
"..\\..\\..\\..\\Correos\\2024\December\04\TRACK ALERT ID 334 at , Serial_ T010987 Prueba Amacayacu 2024\features_0\2024-December-04_334-Camara_Amacayacu-0_crop0.npy",1.149637,-42.10663,2
"..\\..\\..\\..\\Correos\\2024\December\04\TRACK ALERT ID 334 at , Serial_ T010987 Prueba Amacayacu 2024\features_0\2024-December-04_334-Camara_Amacayacu-1_crop0.npy",2.349482,-40.315777,2
"..\\..\\..\\..\\Correos\\2024\December\04\TRACK ALERT ID 334 at , Serial_ T010987 Prueba Amacayacu 2024\features_1\2024-December-04_334-Camara_Amacayacu-1_crop0.npy",1.1516272,-42.10717,2
"..\\..\\..\\..\\Correos\\2024\December\04\TRACK ALERT ID 334 at , Serial_ T010987 Prueba Amacayacu 2024\features_0\2024-December-04_334-Camara_Amacayacu-2_crop0.npy",27.652092,-30.03943,2
"..\\..\\..\\..\\Correos\\2024\December\04\TRACK ALERT ID 334 at , Serial_ T010987 Prueba Amacayacu 2024\features_1\2024-December-04_334-Camara_Amacayacu-2_crop0.npy",2.3494754,-40.31658,2
"..\\..\\..\\..\\Correos\\2024\December\04\TRACK ALERT ID 334 at , Serial_ T010987 Prueba Amacayacu 2024\features_0\2024-December-04_334-Camara_Amacayacu-3_crop0.npy",29.119368,-28.430853,2
"..\\..\\..\\..\\Correos\\2024\December\04\TRACK ALERT ID 334 at , Serial_ T010987 Prueba Amacayacu 2024\features_1\2024-December-04_334-Camara_Amacayacu-3_crop0.npy",27.652092,-30.03943,2
"..\\..\\..\\..\\Correos\\2024\December\04\TRACK ALERT ID 334 at , Serial_ T010987 Prueba Amacayacu 2024\features_0\2024-December-04_334-Camara_Amacayacu-4_crop0.npy",31.17221,-30.484203,2
"..\\..\\..\\..\\Correos\\2024\December\04\TRACK ALERT ID 334 at , Serial_ T010987 Prueba Amacayacu 2024\features_1\2024-December-04_334-Camara_Amacayacu-4_crop0.npy",29.119368,-28.430853,2
"..\\..\\..\\..\\Correos\\2024\December\04\TRACK ALERT ID 334 at , Serial_ T010987 Prueba Amacayacu 2024\features_0\2024-December-04_334-Camara_Amacayacu-5_crop0.npy",28.919077,-25.549614,2
"..\\..\\..\\..\\Correos\\2024\December\04\TRACK ALERT ID 334 at , Serial_ T010987 Prueba Amacayacu 2024\features_1\2024-December-04_334-Camara_Amacayacu-5_crop0.npy",31.17221,-30.484203,2
"..\\..\\..\\..\\Correos\\2024\December\04\TRACK ALERT ID 334 at , Serial_ T010987 Prueba Amacayacu 2024\features_0\2024-December-04_334-Camara_Amacayacu-7_crop0.npy",27.597837,-23.088491,1
"..\\..\\..\\..\\Correos\\2024\December\04\TRACK ALERT ID 334 at , Serial_ T010987 Prueba Amacayacu 2024\features_1\2024-December-04_334-Camara_Amacayacu-6_crop0.npy",28.919077,-25.549614,2
"..\\..\\..\\..\\Correos\\2024\December\04\TRACK ALERT ID 334 at , Serial_ T010987 Prueba Amacayacu 2024\features_1\2024-December-04_334-Camara_Amacayacu-8_crop0.npy",27.597837,-23.088491,1
"..\\..\\..\\..\\Correos\\2024\December\04\TRACK ALERT ID 356 at , Serial_ T010987 Prueba Amacayacu 2024\features_0\2024-December-04_356-Camara_Amacayacu-0_crop0.npy",19.756914,51.56944,6
"..\\..\\..\\..\\Correos\\2024\December\04\TRACK ALERT ID 356 at , Serial_ T010987 Prueba Amacayacu 2024\features_1\2024-December-04_356-Camara_Amacayacu-0_crop0.npy",19.756914,51.56944,6
"..\\..\\..\\..\\Correos\\2024\December\04\TRACK ALERT ID 356 at , Serial_ T010987 Prueba Amacayacu 2024\features_2\2024-December-04_356-Camara_Amacayacu-0_crop0.npy",19.756914,51.56944,6
"..\\..\\..\\..\\Correos\\2024\December\04\TRACK ALERT ID 356 at , Serial_ T010987 Prueba Amacayacu 2024\features_0\2024-December-04_356-Camara_Amacayacu-0_crop1.npy",13.768104,49.01371,6
"..\\..\\..\\..\\Correos\\2024\December\04\TRACK ALERT ID 356 at , Serial_ T010987 Prueba Amacayacu 2024\features_1\2024-December-04_356-Camara_Amacayacu-0_crop1.npy",13.533409,49.524773,6
"..\\..\\..\\..\\Correos\\2024\December\04\TRACK ALERT ID 356 at , Serial_ T010987 Prueba Amacayacu 2024\features_2\2024-December-04_356-Camara_Amacayacu-0_crop1.npy",13.533409,49.524773,6
"..\\..\\..\\..\\Correos\\2024\December\04\TRACK ALERT ID 356 at , Serial_ T010987 Prueba Amacayacu 2024\features_0\2024-December-04_356-Camara_Amacayacu-1_crop0.npy",20.41669,49.58803,6
"..\\..\\..\\..\\Correos\\2024\December\04\TRACK ALERT ID 356 at , Serial_ T010987 Prueba Amacayacu 2024\features_1\2024-December-04_356-Camara_Amacayacu-1_crop0.npy",19.835726,48.96979,6
"..\\..\\..\\..\\Correos\\2024\December\04\TRACK ALERT ID 356 at , Serial_ T010987 Prueba Amacayacu 2024\features_2\2024-December-04_356-Camara_Amacayacu-1_crop0.npy",19.76117,49.561905,6
"..\\..\\..\\..\\Correos\\2024\December\04\TRACK ALERT ID 356 at , Serial_ T010987 Prueba Amacayacu 2024\features_0\2024-December-04_356-Camara_Amacayacu-1_crop1.npy",24.623846,46.380413,6
"..\\..\\..\\..\\Correos\\2024\December\04\TRACK ALERT ID 356 at , Serial_ T010987 Prueba Amacayacu 2024\features_1\2024-December-04_356-Camara_Amacayacu-1_crop1.npy",24.623846,46.380413,6
"..\\..\\..\\..\\Correos\\2024\December\04\TRACK ALERT ID 356 at , Serial_ T010987 Prueba Amacayacu 2024\features_2\2024-December-04_356-Camara_Amacayacu-1_crop1.npy",24.687426,45.80268,6
"..\\..\\..\\..\\Correos\\2024\December\04\TRACK ALERT ID 356 at , Serial_ T010987 Prueba Amacayacu 2024\features_0\2024-December-04_356-Camara_Amacayacu-2_crop0.npy",17.418804,49.356956,6
"..\\..\\..\\..\\Correos\\2024\December\04\TRACK ALERT ID 356 at , Serial_ T010987 Prueba Amacayacu 2024\features_1\2024-December-04_356-Camara_Amacayacu-2_crop0.npy",18.018366,49.07343,6
"..\\..\\..\\..\\Correos\\2024\December\04\TRACK ALERT ID 356 at , Serial_ T010987 Prueba Amacayacu 2024\features_2\2024-December-04_356-Camara_Amacayacu-2_crop0.npy",17.982193,49.820835,6
"..\\..\\..\\..\\Correos\\2024\December\04\TRACK ALERT ID 356 at , Serial_ T010987 Prueba Amacayacu 2024\features_0\2024-December-04_356-Camara_Amacayacu-2_crop1.npy",21.773277,48.016064,6
"..\\..\\..\\..\\Correos\\2024\December\04\TRACK ALERT ID 356 at , Serial_ T010987 Prueba Amacayacu 2024\features_1\2024-December-04_356-Camara_Amacayacu-2_crop1.npy",21.773277,48.016064,6
"..\\..\\..\\..\\Correos\\2024\December\04\TRACK ALERT ID 356 at , Serial_ T010987 Prueba Amacayacu 2024\features_2\2024-December-04_356-Camara_Amacayacu-2_crop1.npy",21.773277,48.016064,6
"..\\..\\..\\..\\Correos\\2024\December\04\TRACK ALERT ID 356 at , Serial_ T010987 Prueba Amacayacu 2024\features_0\2024-December-04_356-Camara_Amacayacu-3_crop0.npy",21.281425,45.06219,6
"..\\..\\..\\..\\Correos\\2024\December\04\TRACK ALERT ID 356 at , Serial_ T010987 Prueba Amacayacu 2024\features_1\2024-December-04_356-Camara_Amacayacu-3_crop0.npy",21.841228,45.482414,6
"..\\..\\..\\..\\Correos\\2024\December\04\TRACK ALERT ID 356 at , Serial_ T010987 Prueba Amacayacu 2024\features_2\2024-December-04_356-Camara_Amacayacu-3_crop0.npy",21.281425,45.06219,6
"..\\..\\..\\..\\Correos\\2024\December\04\TRACK ALERT ID 356 at , Serial_ T010987 Prueba Amacayacu 2024\features_0\2024-December-04_356-Camara_Amacayacu-4_crop0.npy",17.479382,46.572903,6
"..\\..\\..\\..\\Correos\\2024\December\04\TRACK ALERT ID 356 at , Serial_ T010987 Prueba Amacayacu 2024\features_1\2024-December-04_356-Camara_Amacayacu-4_crop0.npy",17.479382,46.572903,6
"..\\..\\..\\..\\Correos\\2024\December\04\TRACK ALERT ID 356 at , Serial_ T010987 Prueba Amacayacu 2024\features_2\2024-December-04_356-Camara_Amacayacu-4_crop0.npy",17.479382,46.572903,6
"..\\..\\..\\..\\Correos\\2024\December\04\TRACK ALERT ID 356 at , Serial_ T010987 Prueba Amacayacu 2024\features_0\2024-December-04_356-Camara_Amacayacu-5_crop0.npy",19.933113,46.905087,6
"..\\..\\..\\..\\Correos\\2024\December\04\TRACK ALERT ID 356 at , Serial_ T010987 Prueba Amacayacu 2024\features_1\2024-December-04_356-Camara_Amacayacu-5_crop0.npy",19.67134,46.240257,6
"..\\..\\..\\..\\Correos\\2024\December\04\TRACK ALERT ID 356 at , Serial_ T010987 Prueba Amacayacu 2024\features_2\2024-December-04_356-Camara_Amacayacu-5_crop0.npy",19.933113,46.905087,6
"..\\..\\..\\..\\Correos\\2024\December\04\TRACK ALERT ID 356 at , Serial_ T010987 Prueba Amacayacu 2024\features_0\2024-December-04_356-Camara_Amacayacu-6_crop0.npy",22.467237,42.62601,6
"..\\..\\..\\..\\Correos\\2024\December\04\TRACK ALERT ID 356 at , Serial_ T010987 Prueba Amacayacu 2024\features_1\2024-December-04_356-Camara_Amacayacu-6_crop0.npy",23.106457,42.649033,6
"..\\..\\..\\..\\Correos\\2024\December\04\TRACK ALERT ID 356 at , Serial_ T010987 Prueba Amacayacu 2024\features_2\2024-December-04_356-Camara_Amacayacu-6_crop0.npy",22.820145,43.13419,6
"..\\..\\..\\..\\Correos\\2024\December\04\TRACK ALERT ID 356 at , Serial_ T010987 Prueba Amacayacu 2024\features_0\2024-December-04_356-Camara_Amacayacu-7_crop0.npy",19.270924,42.67195,6
"..\\..\\..\\..\\Correos\\2024\December\04\TRACK ALERT ID 356 at , Serial_ T010987 Prueba Amacayacu 2024\features_1\2024-December-04_356-Camara_Amacayacu-7_crop0.npy",18.756691,42.520176,6
"..\\..\\..\\..\\Correos\\2024\December\04\TRACK ALERT ID 356 at , Serial_ T010987 Prueba Amacayacu 2024\features_2\2024-December-04_356-Camara_Amacayacu-7_crop0.npy",18.756691,42.520176,6
"..\\..\\..\\..\\Correos\\2024\December\04\TRACK ALERT ID 356 at , Serial_ T010987 Prueba Amacayacu 2024\features_0\2024-December-04_356-Camara_Amacayacu-8_crop0.npy",25.652966,34.616096,6
"..\\..\\..\\..\\Correos\\2024\December\04\TRACK ALERT ID 356 at , Serial_ T010987 Prueba Amacayacu 2024\features_1\2024-December-04_356-Camara_Amacayacu-8_crop0.npy",25.652966,34.616096,6
"..\\..\\..\\..\\Correos\\2024\December\04\TRACK ALERT ID 356 at , Serial_ T010987 Prueba Amacayacu 2024\features_2\2024-December-04_356-Camara_Amacayacu-8_crop0.npy",25.652966,34.616096,6
"..\\..\\..\\..\\Correos\\2024\December\04\TRACK ALERT ID 356 at , Serial_ T010987 Prueba Amacayacu 2024\features_0\2024-December-04_356-Camara_Amacayacu-9_crop0.npy",23.782675,38.642456,6
"..\\..\\..\\..\\Correos\\2024\December\04\TRACK ALERT ID 356 at , Serial_ T010987 Prueba Amacayacu 2024\features_1\2024-December-04_356-Camara_Amacayacu-9_crop0.npy",23.782675,38.642456,6
"..\\..\\..\\..\\Correos\\2024\December\04\TRACK ALERT ID 356 at , Serial_ T010987 Prueba Amacayacu 2024\features_2\2024-December-04_356-Camara_Amacayacu-9_crop0.npy",23.782675,38.642456,6
"..\\..\\..\\..\\Correos\\2024\December\04\TRACK ALERT ID 376,377 at , Serial_ T010987 Prueba Amacayacu 2024\features_0\2024-December-04_376-Camara_Amacayacu-1_crop0.npy",26.569567,-1.5397941,1
"..\\..\\..\\..\\Correos\\2024\December\04\TRACK ALERT ID 377 at , Serial_ T010987 Prueba Amacayacu 2024\features_0\2024-December-04_376-Camara_Amacayacu-1_crop0.npy",88.96285,41.047035,4
"..\\..\\..\\..\\Correos\\2024\December\04\TRACK ALERT ID 376,377 at , Serial_ T010987 Prueba Amacayacu 2024\features_0\2024-December-04_376-Camara_Amacayacu-2_crop0.npy",26.614275,-1.6774596,1
"..\\..\\..\\..\\Correos\\2024\December\04\TRACK ALERT ID 376,377 at , Serial_ T010987 Prueba Amacayacu 2024\features_0\2024-December-04_376-Camara_Amacayacu-5_crop0.npy",88.96285,41.047035,4
"..\\..\\..\\..\\Correos\\2024\December\04\TRACK ALERT ID 377 at , Serial_ T010987 Prueba Amacayacu 2024\features_0\2024-December-04_377-Camara_Amacayacu-7_crop0.npy",20.484774,-36.212334,2
"..\\..\\..\\..\\Correos\\2024\December\04\TRACK ALERT ID 377,378 at , Serial_ T010987 Prueba Amacayacu 2024\features_0\2024-December-04_378-Camara_Amacayacu-4_crop0.npy",16.797663,25.74986,6
"..\\..\\..\\..\\Correos\\2024\December\04\TRACK ALERT ID 388 at , Serial_ T010987 Prueba Amacayacu 2024\features_0\2024-December-04_388-Camara_Amacayacu-0_crop0.npy",-62.309437,-39.983814,7
"..\\..\\..\\..\\Correos\\2024\December\04\TRACK ALERT ID 388 at , Serial_ T010987 Prueba Amacayacu 2024\features_2\2024-December-04_388-Camara_Amacayacu-0_crop0.npy",-62.309437,-39.983814,7
"..\\..\\..\\..\\Correos\\2024\December\04\TRACK ALERT ID 388 at , Serial_ T010987 Prueba Amacayacu 2024\features_0\2024-December-04_388-Camara_Amacayacu-1_crop0.npy",-44.36198,-27.268335,7
"..\\..\\..\\..\\Correos\\2024\December\04\TRACK ALERT ID 388 at , Serial_ T010987 Prueba Amacayacu 2024\features_2\2024-December-04_388-Camara_Amacayacu-1_crop0.npy",-44.36198,-27.268335,7
"..\\..\\..\\..\\Correos\\2024\December\04\TRACK ALERT ID 388 at , Serial_ T010987 Prueba Amacayacu 2024\features_0\2024-December-04_388-Camara_Amacayacu-2_crop0.npy",-47.545242,-24.466452,7
"..\\..\\..\\..\\Correos\\2024\December\04\TRACK ALERT ID 388 at , Serial_ T010987 Prueba Amacayacu 2024\features_2\2024-December-04_388-Camara_Amacayacu-2_crop0.npy",-47.544945,-24.466055,7
"..\\..\\..\\..\\Correos\\2024\December\04\TRACK ALERT ID 388 at , Serial_ T010987 Prueba Amacayacu 2024\features_0\2024-December-04_388-Camara_Amacayacu-3_crop0.npy",-49.91007,-23.07267,7
"..\\..\\..\\..\\Correos\\2024\December\04\TRACK ALERT ID 388 at , Serial_ T010987 Prueba Amacayacu 2024\features_2\2024-December-04_388-Camara_Amacayacu-3_crop0.npy",-49.91007,-23.07267,7
"..\\..\\..\\..\\Correos\\2024\December\04\TRACK ALERT ID 388 at , Serial_ T010987 Prueba Amacayacu 2024\features_0\2024-December-04_388-Camara_Amacayacu-4_crop0.npy",30.213846,23.828003,6
"..\\..\\..\\..\\Correos\\2024\December\04\TRACK ALERT ID 388 at , Serial_ T010987 Prueba Amacayacu 2024\features_2\2024-December-04_388-Camara_Amacayacu-4_crop0.npy",30.213846,23.828003,6
"..\\..\\..\\..\\Correos\\2024\December\04\TRACK ALERT ID 392 at , Serial_ T010987 Prueba Amacayacu 2024\features_0\2024-December-04_392-Camara_Amacayacu-2_crop0.npy",43.62657,-27.378563,5
"..\\..\\..\\..\\Correos\\2024\December\04\TRACK ALERT ID 396 at , Serial_ T010987 Prueba Amacayacu 2024\features_0\2024-December-04_396-Camara_Amacayacu-0_crop0.npy",-30.720734,-23.675081,9
"..\\..\\..\\..\\Correos\\2024\December\04\TRACK ALERT ID 396 at , Serial_ T010987 Prueba Amacayacu 2024\features_11\2024-December-04_396-Camara_Amacayacu-0_crop0.npy",-4.5469136,-20.714693,9
"..\\..\\..\\..\\Correos\\2024\December\04\TRACK ALERT ID 396 at , Serial_ T010987 Prueba Amacayacu 2024\features_13\2024-December-04_396-Camara_Amacayacu-0_crop0.npy",-28.25924,-28.505821,9
"..\\..\\..\\..\\Correos\\2024\December\04\TRACK ALERT ID 396 at , Serial_ T010987 Prueba Amacayacu 2024\features_20\2024-December-04_396-Camara_Amacayacu-0_crop0.npy",26.692825,-13.20393,1
"..\\..\\..\\..\\Correos\\2024\December\04\TRACK ALERT ID 396 at , Serial_ T010987 Prueba Amacayacu 2024\features_22\2024-December-04_396-Camara_Amacayacu-0_crop0.npy",-28.25924,-28.505821,9
"..\\..\\..\\..\\Correos\\2024\December\04\TRACK ALERT ID 396 at , Serial_ T010987 Prueba Amacayacu 2024\features_23\2024-December-04_396-Camara_Amacayacu-0_crop0.npy",-30.636671,-24.087124,9
"..\\..\\..\\..\\Correos\\2024\December\04\TRACK ALERT ID 396 at , Serial_ T010987 Prueba Amacayacu 2024\features_8\2024-December-04_396-Camara_Amacayacu-0_crop0.npy",-4.892334,-21.384567,9
"..\\..\\..\\..\\Correos\\2024\December\04\TRACK ALERT ID 396 at , Serial_ T010987 Prueba Amacayacu 2024\features_0\2024-December-04_396-Camara_Amacayacu-1_crop0.npy",-27.573898,-27.607756,9
"..\\..\\..\\..\\Correos\\2024\December\04\TRACK ALERT ID 396 at , Serial_ T010987 Prueba Amacayacu 2024\features_11\2024-December-04_396-Camara_Amacayacu-1_crop0.npy",9.454905,-20.497717,8
"..\\..\\..\\..\\Correos\\2024\December\04\TRACK ALERT ID 396 at , Serial_ T010987 Prueba Amacayacu 2024\features_13\2024-December-04_396-Camara_Amacayacu-1_crop0.npy",-24.738604,-28.217722,9
"..\\..\\..\\..\\Correos\\2024\December\04\TRACK ALERT ID 396 at , Serial_ T010987 Prueba Amacayacu 2024\features_22\2024-December-04_396-Camara_Amacayacu-1_crop0.npy",-24.738604,-28.217722,9
"..\\..\\..\\..\\Correos\\2024\December\04\TRACK ALERT ID 396 at , Serial_ T010987 Prueba Amacayacu 2024\features_23\2024-December-04_396-Camara_Amacayacu-1_crop0.npy",-27.573898,-27.607756,9
"..\\..\\..\\..\\Correos\\2024\December\04\TRACK ALERT ID 396 at , Serial_ T010987 Prueba Amacayacu 2024\features_8\2024-December-04_396-Camara_Amacayacu-1_crop0.npy",9.814211,-21.193933,8
"..\\..\\..\\..\\Correos\\2024\December\04\TRACK ALERT ID 396 at , Serial_ T010987 Prueba Amacayacu 2024\features_0\2024-December-04_396-Camara_Amacayacu-1_crop1.npy",-26.835928,-29.662605,9
"..\\..\\..\\..\\Correos\\2024\December\04\TRACK ALERT ID 396 at , Serial_ T010987 Prueba Amacayacu 2024\features_23\2024-December-04_396-Camara_Amacayacu-1_crop1.npy",-26.532972,-28.623816,9
"..\\..\\..\\..\\Correos\\2024\December\04\TRACK ALERT ID 396 at , Serial_ T010987 Prueba Amacayacu 2024\features_0\2024-December-04_396-Camara_Amacayacu-2_crop0.npy",-24.738604,-28.217722,9
"..\\..\\..\\..\\Correos\\2024\December\04\TRACK ALERT ID 396 at , Serial_ T010987 Prueba Amacayacu 2024\features_13\2024-December-04_396-Camara_Amacayacu-2_crop0.npy",-22.395609,-31.095346,9
"..\\..\\..\\..\\Correos\\2024\December\04\TRACK ALERT ID 396 at , Serial_ T010987 Prueba Amacayacu 2024\features_22\2024-December-04_396-Camara_Amacayacu-2_crop0.npy",-22.395609,-31.095346,9
"..\\..\\..\\..\\Correos\\2024\December\04\TRACK ALERT ID 396 at , Serial_ T010987 Prueba Amacayacu 2024\features_23\2024-December-04_396-Camara_Amacayacu-2_crop0.npy",-24.738604,-28.217722,9
"..\\..\\..\\..\\Correos\\2024\December\04\TRACK ALERT ID 396 at , Serial_ T010987 Prueba Amacayacu 2024\features_0\2024-December-04_396-Camara_Amacayacu-3_crop0.npy",-21.925503,-30.394226,9
"..\\..\\..\\..\\Correos\\2024\December\04\TRACK ALERT ID 396 at , Serial_ T010987 Prueba Amacayacu 2024\features_13\2024-December-04_396-Camara_Amacayacu-3_crop0.npy",-4.4647036,-22.010721,9
"..\\..\\..\\..\\Correos\\2024\December\04\TRACK ALERT ID 396 at , Serial_ T010987 Prueba Amacayacu 2024\features_22\2024-December-04_396-Camara_Amacayacu-3_crop0.npy",-3.7112937,-21.961443,9
"..\\..\\..\\..\\Correos\\2024\December\04\TRACK ALERT ID 396 at , Serial_ T010987 Prueba Amacayacu 2024\features_23\2024-December-04_396-Camara_Amacayacu-3_crop0.npy",-21.925503,-30.394226,9
"..\\..\\..\\..\\Correos\\2024\December\04\TRACK ALERT ID 396 at , Serial_ T010987 Prueba Amacayacu 2024\features_25\2024-December-04_396-Camara_Amacayacu-3_crop0.npy",26.692825,-13.20393,1
"..\\..\\..\\..\\Correos\\2024\December\04\TRACK ALERT ID 396 at , Serial_ T010987 Prueba Amacayacu 2024\features_26\2024-December-04_396-Camara_Amacayacu-3_crop0.npy",26.426287,-12.77749,1
"..\\..\\..\\..\\Correos\\2024\December\04\TRACK ALERT ID 396 at , Serial_ T010987 Prueba Amacayacu 2024\features_5\2024-December-04_396-Camara_Amacayacu-3_crop0.npy",45.82833,13.745253,1
"..\\..\\..\\..\\Correos\\2024\December\04\TRACK ALERT ID 396 at , Serial_ T010987 Prueba Amacayacu 2024\features_0\2024-December-04_396-Camara_Amacayacu-4_crop0.npy",-3.794895,-20.655012,9
"..\\..\\..\\..\\Correos\\2024\December\04\TRACK ALERT ID 396 at , Serial_ T010987 Prueba Amacayacu 2024\features_13\2024-December-04_396-Camara_Amacayacu-4_crop0.npy",9.96808,-19.960346,8
"..\\..\\..\\..\\Correos\\2024\December\04\TRACK ALERT ID 396 at , Serial_ T010987 Prueba Amacayacu 2024\features_22\2024-December-04_396-Camara_Amacayacu-4_crop0.npy",11.070056,-20.63416,8
"..\\..\\..\\..\\Correos\\2024\December\04\TRACK ALERT ID 396 at , Serial_ T010987 Prueba Amacayacu 2024\features_23\2024-December-04_396-Camara_Amacayacu-4_crop0.npy",-3.3768842,-21.283442,9
"..\\..\\..\\..\\Correos\\2024\December\04\TRACK ALERT ID 396 at , Serial_ T010987 Prueba Amacayacu 2024\features_0\2024-December-04_396-Camara_Amacayacu-5_crop0.npy",10.54959,-21.180851,8
"..\\..\\..\\..\\Correos\\2024\December\04\TRACK ALERT ID 396 at , Serial_ T010987 Prueba Amacayacu 2024\features_23\2024-December-04_396-Camara_Amacayacu-5_crop0.npy",10.693994,-19.962538,8
"..\\..\\..\\..\\Correos\\2024\December\04\TRACK ALERT ID 396 at , Serial_ T010987 Prueba Amacayacu 2024\features_27\2024-December-04_396-Camara_Amacayacu-5_crop0.npy",20.456053,-35.91408,2
"..\\..\\..\\..\\Correos\\2024\December\04\TRACK ALERT ID 396 at , Serial_ T010987 Prueba Amacayacu 2024\features_10\2024-December-04_396-Camara_Amacayacu-8_crop0.npy",-29.988544,-26.896376,9
"..\\..\\..\\..\\Correos\\2024\December\04\TRACK ALERT ID 396 at , Serial_ T010987 Prueba Amacayacu 2024\features_10\2024-December-04_396-Camara_Amacayacu-8_crop1.npy",-39.87125,15.385411,0
"..\\..\\..\\..\\Correos\\2024\December\04\TRACK ALERT ID 396 at , Serial_ T010987 Prueba Amacayacu 2024\features_10\2024-December-04_396-Camara_Amacayacu-9_crop0.npy",-30.257832,-23.813469,9
"..\\..\\..\\..\\Correos\\2024\December\04\TRACK ALERT ID 396 at , Serial_ T010987 Prueba Amacayacu 2024\features_13\2024-December-04_396-Camara_Amacayacu-0_crop1.npy",-26.835928,-29.662605,9
"..\\..\\..\\..\\Correos\\2024\December\04\TRACK ALERT ID 396 at , Serial_ T010987 Prueba Amacayacu 2024\features_22\2024-December-04_396-Camara_Amacayacu-0_crop1.npy",-26.835928,-29.662605,9
"..\\..\\..\\..\\Correos\\2024\December\04\TRACK ALERT ID 420 at , Serial_ T010987 Prueba Amacayacu 2024\features_2\2024-December-04_420-Camara_Amacayacu-2_crop0.npy",39.803413,-19.01557,1
"..\\..\\..\\..\\Correos\\2024\December\04\TRACK ALERT ID 422 at , Serial_ T010987 Prueba Amacayacu 2024\features_0\2024-December-04_422-Camara_Amacayacu-1_crop0.npy",15.893165,25.43325,6
"..\\..\\..\\..\\Correos\\2024\December\04\TRACK ALERT ID 444,445 at , Serial_ T010987 Prueba Amacayacu 2024\features_0\2024-December-04_444-Camara_Amacayacu-1_crop0.npy",-35.186543,30.471996,0
"..\\..\\..\\..\\Correos\\2024\December\04\TRACK ALERT ID 444,445 at , Serial_ T010987 Prueba Amacayacu 2024\features_0\2024-December-04_444-Camara_Amacayacu-2_crop0.npy",-34.670147,30.261747,0
"..\\..\\..\\..\\Correos\\2024\December\04\TRACK ALERT ID 444,445 at , Serial_ T010987 Prueba Amacayacu 2024\features_0\2024-December-04_444-Camara_Amacayacu-3_crop0.npy",-33.603706,29.914652,0
"..\\..\\..\\..\\Correos\\2024\December\04\TRACK ALERT ID 444,445 at , Serial_ T010987 Prueba Amacayacu 2024\features_0\2024-December-04_444-Camara_Amacayacu-4_crop0.npy",-32.396473,29.727703,0
"..\\..\\..\\..\\Correos\\2024\December\04\TRACK ALERT ID 444,445 at , Serial_ T010987 Prueba Amacayacu 2024\features_0\2024-December-04_444-Camara_Amacayacu-5_crop0.npy",11.081584,-11.017037,8
"..\\..\\..\\..\\Correos\\2024\December\04\TRACK ALERT ID 447 at , Serial_ T010987 Prueba Amacayacu 2024\features_2\2024-December-04_447-Camara_Amacayacu-1_crop0.npy",19.448206,-18.598944,1
"..\\..\\..\\..\\Correos\\2024\December\04\TRACK ALERT ID 459 at , Serial_ T010987 Prueba Amacayacu 2024\features_0\2024-December-04_459-Camara_Amacayacu-0_crop0.npy",-57.01615,-35.09255,7
"..\\..\\..\\..\\Correos\\2024\December\04\TRACK ALERT ID 461,462 at , Serial_ T010987 Prueba Amacayacu 2024\features_0\2024-December-04_459-Camara_Amacayacu-0_crop0.npy",26.158758,6.9618955,1
"..\\..\\..\\..\\Correos\\2024\December\04\TRACK ALERT ID 459 at , Serial_ T010987 Prueba Amacayacu 2024\features_0\2024-December-04_459-Camara_Amacayacu-1_crop0.npy",27.56699,4.7379785,1
"..\\..\\..\\..\\Correos\\2024\December\04\TRACK ALERT ID 459 at , Serial_ T010987 Prueba Amacayacu 2024\features_0\2024-December-04_459-Camara_Amacayacu-2_crop0.npy",27.633207,5.7942634,1
"..\\..\\..\\..\\Correos\\2024\December\04\TRACK ALERT ID 459 at , Serial_ T010987 Prueba Amacayacu 2024\features_0\2024-December-04_459-Camara_Amacayacu-3_crop0.npy",26.158966,6.962001,1
"..\\..\\..\\..\\Correos\\2024\December\04\TRACK ALERT ID 461,462 at , Serial_ T010987 Prueba Amacayacu 2024\features_0\2024-December-04_461-Camara_Amacayacu-1_crop0.npy",16.455719,43.820797,6
"..\\..\\..\\..\\Correos\\2024\December\04\TRACK ALERT ID 462 at , Serial_ T010987 Prueba Amacayacu 2024\features_0\2024-December-04_461-Camara_Amacayacu-1_crop0.npy",28.569328,3.308633,1
"..\\..\\..\\..\\Correos\\2024\December\04\TRACK ALERT ID 461,462 at , Serial_ T010987 Prueba Amacayacu 2024\features_0\2024-December-04_461-Camara_Amacayacu-2_crop0.npy",38.13883,34.158993,6
"..\\..\\..\\..\\Correos\\2024\December\04\TRACK ALERT ID 461,462 at , Serial_ T010987 Prueba Amacayacu 2024\features_0\2024-December-04_461-Camara_Amacayacu-3_crop0.npy",28.570389,3.309839,1
"..\\..\\..\\..\\Correos\\2024\December\04\TRACK ALERT ID 461,462 at , Serial_ T010987 Prueba Amacayacu 2024\features_0\2024-December-04_462-Camara_Amacayacu-5_crop0.npy",-87.94666,-11.191718,3
"..\\..\\..\\..\\Correos\\2024\December\04\TRACK ALERT ID 461,462 at , Serial_ T010987 Prueba Amacayacu 2024\features_0\2024-December-04_462-Camara_Amacayacu-9_crop0.npy",43.99112,-25.240269,5
"..\\..\\..\\..\\Correos\\2024\December\04\TRACK ALERT ID 462 at , Serial_ T010987 Prueba Amacayacu 2024\features_0\2024-December-04_461-Camara_Amacayacu-0_crop0.npy",38.13883,34.158993,6
"..\\..\\..\\..\\Correos\\2024\December\04\TRACK ALERT ID 462 at , Serial_ T010987 Prueba Amacayacu 2024\features_0\2024-December-04_462-Camara_Amacayacu-3_crop0.npy",-87.94666,-11.191718,3
"..\\..\\..\\..\\Correos\\2024\December\04\TRACK ALERT ID 462 at , Serial_ T010987 Prueba Amacayacu 2024\features_0\2024-December-04_462-Camara_Amacayacu-7_crop0.npy",43.99112,-25.240269,5
"..\\..\\..\\..\\Correos\\2024\December\04\TRACK ALERT ID 462 at , Serial_ T010987 Prueba Amacayacu 2024\features_0\2024-December-04_462-Camara_Amacayacu-8_crop0.npy",43.9038,-26.379374,5
"..\\..\\..\\..\\Correos\\2024\December\04\TRACK ALERT ID 464 at , Serial_ T010987 Prueba Amacayacu 2024\features_0\2024-December-04_464-Camara_Amacayacu-0_crop0.npy",-68.36567,-0.44215274,3
"..\\..\\..\\..\\Correos\\2024\December\04\TRACK ALERT ID 464,467,468 at , Serial_ T010987 Prueba Amacayacu 2024\features_0\2024-December-04_464-Camara_Amacayacu-0_crop0.npy",-62.732235,-5.9504995,3
"..\\..\\..\\..\\Correos\\2024\December\04\TRACK ALERT ID 464 at , Serial_ T010987 Prueba Amacayacu 2024\features_0\2024-December-04_464-Camara_Amacayacu-1_crop0.npy",-70.05456,-0.6754466,3
"..\\..\\..\\..\\Correos\\2024\December\04\TRACK ALERT ID 464,467,468 at , Serial_ T010987 Prueba Amacayacu 2024\features_0\2024-December-04_464-Camara_Amacayacu-1_crop0.npy",-64.03326,-9.291709,3
"..\\..\\..\\..\\Correos\\2024\December\04\TRACK ALERT ID 464 at , Serial_ T010987 Prueba Amacayacu 2024\features_0\2024-December-04_464-Camara_Amacayacu-1_crop1.npy",-69.81739,-0.67288023,3
"..\\..\\..\\..\\Correos\\2024\December\04\TRACK ALERT ID 464 at , Serial_ T010987 Prueba Amacayacu 2024\features_0\2024-December-04_464-Camara_Amacayacu-2_crop0.npy",-66.17986,-0.79057735,3
"..\\..\\..\\..\\Correos\\2024\December\04\TRACK ALERT ID 464,467,468 at , Serial_ T010987 Prueba Amacayacu 2024\features_0\2024-December-04_464-Camara_Amacayacu-2_crop0.npy",-63.97664,-9.045805,3
"..\\..\\..\\..\\Correos\\2024\December\04\TRACK ALERT ID 464 at , Serial_ T010987 Prueba Amacayacu 2024\features_0\2024-December-04_464-Camara_Amacayacu-2_crop1.npy",-66.25387,-0.64874494,3
"..\\..\\..\\..\\Correos\\2024\December\04\TRACK ALERT ID 464 at , Serial_ T010987 Prueba Amacayacu 2024\features_0\2024-December-04_464-Camara_Amacayacu-3_crop0.npy",-65.50862,0.5778374,3
"..\\..\\..\\..\\Correos\\2024\December\04\TRACK ALERT ID 464,467,468 at , Serial_ T010987 Prueba Amacayacu 2024\features_0\2024-December-04_464-Camara_Amacayacu-3_crop0.npy",-62.79448,-7.9294662,3
"..\\..\\..\\..\\Correos\\2024\December\04\TRACK ALERT ID 464 at , Serial_ T010987 Prueba Amacayacu 2024\features_0\2024-December-04_464-Camara_Amacayacu-4_crop0.npy",-64.77447,-0.27100828,3
"..\\..\\..\\..\\Correos\\2024\December\04\TRACK ALERT ID 464 at , Serial_ T010987 Prueba Amacayacu 2024\features_0\2024-December-04_464-Camara_Amacayacu-5_crop0.npy",-66.188034,-2.6601202,3
"..\\..\\..\\..\\Correos\\2024\December\04\TRACK ALERT ID 464 at , Serial_ T010987 Prueba Amacayacu 2024\features_0\2024-December-04_464-Camara_Amacayacu-6_crop0.npy",-64.503944,-1.1538141,3
"..\\..\\..\\..\\Correos\\2024\December\04\TRACK ALERT ID 464 at , Serial_ T010987 Prueba Amacayacu 2024\features_0\2024-December-04_464-Camara_Amacayacu-7_crop0.npy",-63.382294,-0.63904184,3
"..\\..\\..\\..\\Correos\\2024\December\04\TRACK ALERT ID 464 at , Serial_ T010987 Prueba Amacayacu 2024\features_0\2024-December-04_464-Camara_Amacayacu-8_crop0.npy",-63.07762,-1.4625955,3
"..\\..\\..\\..\\Correos\\2024\December\04\TRACK ALERT ID 464,467,468 at , Serial_ T010987 Prueba Amacayacu 2024\features_0\2024-December-04_467-Camara_Amacayacu-4_crop0.npy",-52.86765,42.812073,0
"..\\..\\..\\..\\Correos\\2024\December\04\TRACK ALERT ID 464,467,468 at , Serial_ T010987 Prueba Amacayacu 2024\features_0\2024-December-04_467-Camara_Amacayacu-5_crop0.npy",-52.08569,42.06736,0
"..\\..\\..\\..\\Correos\\2024\December\04\TRACK ALERT ID 464,467,468 at , Serial_ T010987 Prueba Amacayacu 2024\features_0\2024-December-04_467-Camara_Amacayacu-6_crop0.npy",-51.312363,42.087048,0
"..\\..\\..\\..\\Correos\\2024\December\04\TRACK ALERT ID 464,467,468 at , Serial_ T010987 Prueba Amacayacu 2024\features_0\2024-December-04_467-Camara_Amacayacu-6_crop1.npy",28.786467,6.433008,1
"..\\..\\..\\..\\Correos\\2024\December\04\TRACK ALERT ID 464,467,468 at , Serial_ T010987 Prueba Amacayacu 2024\features_0\2024-December-04_467-Camara_Amacayacu-7_crop0.npy",-51.28129,41.421284,0
"..\\..\\..\\..\\Correos\\2024\December\04\TRACK ALERT ID 464,467,468 at , Serial_ T010987 Prueba Amacayacu 2024\features_0\2024-December-04_467-Camara_Amacayacu-7_crop1.npy",29.247849,6.7948174,1
"..\\..\\..\\..\\Correos\\2024\December\04\TRACK ALERT ID 464,467,468 at , Serial_ T010987 Prueba Amacayacu 2024\features_0\2024-December-04_468-Camara_Amacayacu-8_crop0.npy",43.554615,11.371626,1
"..\\..\\..\\..\\Correos\\2024\December\04\TRACK ALERT ID 464,467,468 at , Serial_ T010987 Prueba Amacayacu 2024\features_0\2024-December-04_468-Camara_Amacayacu-8_crop1.npy",-27.493542,29.396252,0
"..\\..\\..\\..\\Correos\\2024\December\04\TRACK ALERT ID 464,467,468 at , Serial_ T010987 Prueba Amacayacu 2024\features_0\2024-December-04_468-Camara_Amacayacu-9_crop0.npy",43.526955,11.814275,1
"..\\..\\..\\..\\Correos\\2024\December\04\TRACK ALERT ID 464,467,468 at , Serial_ T010987 Prueba Amacayacu 2024\features_0\2024-December-04_468-Camara_Amacayacu-9_crop1.npy",-26.722013,29.166407,0
"..\\..\\..\\..\\Correos\\2024\December\04\TRACK ALERT ID 469,471 at , Serial_ T010987 Prueba Amacayacu 2024\features_0\2024-December-04_469-Camara_Amacayacu-3_crop0.npy",-80.39068,-18.815586,7
"..\\..\\..\\..\\Correos\\2024\December\04\TRACK ALERT ID 469,471 at , Serial_ T010987 Prueba Amacayacu 2024\features_1\2024-December-04_469-Camara_Amacayacu-3_crop0.npy",-75.57664,-24.923157,7
"..\\..\\..\\..\\Correos\\2024\December\04\TRACK ALERT ID 471 at , Serial_ T010987 Prueba Amacayacu 2024\features_0\2024-December-04_469-Camara_Amacayacu-3_crop0.npy",-75.57664,-24.923157,7
"..\\..\\..\\..\\Correos\\2024\December\04\TRACK ALERT ID 472,473,474,475,476 at , Serial_ T010987 Prueba Amacayacu 2024\features_0\2024-December-04_469-Camara_Amacayacu-3_crop0.npy",-80.39068,-18.815586,7
"..\\..\\..\\..\\Correos\\2024\December\04\TRACK ALERT ID 469,471 at , Serial_ T010987 Prueba Amacayacu 2024\features_0\2024-December-04_471-Camara_Amacayacu-0_crop0.npy",-78.17467,-23.50294,7
"..\\..\\..\\..\\Correos\\2024\December\04\TRACK ALERT ID 472,473,474,475,476 at , Serial_ T010987 Prueba Amacayacu 2024\features_0\2024-December-04_471-Camara_Amacayacu-0_crop0.npy",-78.17467,-23.50294,7
"..\\..\\..\\..\\Correos\\2024\December\04\TRACK ALERT ID 469,471 at , Serial_ T010987 Prueba Amacayacu 2024\features_0\2024-December-04_471-Camara_Amacayacu-1_crop0.npy",-79.5316,-22.013245,7
"..\\..\\..\\..\\Correos\\2024\December\04\TRACK ALERT ID 472,473,474,475,476 at , Serial_ T010987 Prueba Amacayacu 2024\features_0\2024-December-04_471-Camara_Amacayacu-1_crop0.npy",-79.5316,-22.013245,7
"..\\..\\..\\..\\Correos\\2024\December\04\TRACK ALERT ID 469,471 at , Serial_ T010987 Prueba Amacayacu 2024\features_0\2024-December-04_471-Camara_Amacayacu-2_crop0.npy",-81.900635,-20.634478,7
"..\\..\\..\\..\\Correos\\2024\December\04\TRACK ALERT ID 472,473,474,475,476 at , Serial_ T010987 Prueba Amacayacu 2024\features_0\2024-December-04_471-Camara_Amacayacu-2_crop0.npy",-81.900635,-20.634478,7
"..\\..\\..\\..\\Correos\\2024\December\04\TRACK ALERT ID 469,471 at , Serial_ T010987 Prueba Amacayacu 2024\features_1\2024-December-04_469-Camara_Amacayacu-0_crop0.npy",-76.56244,-22.114119,7
"..\\..\\..\\..\\Correos\\2024\December\04\TRACK ALERT ID 471 at , Serial_ T010987 Prueba Amacayacu 2024\features_0\2024-December-04_469-Camara_Amacayacu-0_crop0.npy",-76.56244,-22.114119,7
"..\\..\\..\\..\\Correos\\2024\December\04\TRACK ALERT ID 469,471 at , Serial_ T010987 Prueba Amacayacu 2024\features_1\2024-December-04_469-Camara_Amacayacu-0_crop1.npy",-74.73069,-21.78817,7
"..\\..\\..\\..\\Correos\\2024\December\04\TRACK ALERT ID 471 at , Serial_ T010987 Prueba Amacayacu 2024\features_0\2024-December-04_469-Camara_Amacayacu-0_crop1.npy",-74.88626,-21.65708,7
"..\\..\\..\\..\\Correos\\2024\December\04\TRACK ALERT ID 469,471 at , Serial_ T010987 Prueba Amacayacu 2024\features_1\2024-December-04_469-Camara_Amacayacu-1_crop0.npy",-75.36489,-23.571701,7
"..\\..\\..\\..\\Correos\\2024\December\04\TRACK ALERT ID 471 at , Serial_ T010987 Prueba Amacayacu 2024\features_0\2024-December-04_469-Camara_Amacayacu-1_crop0.npy",-75.04957,-23.620602,7
"..\\..\\..\\..\\Correos\\2024\December\04\TRACK ALERT ID 469,471 at , Serial_ T010987 Prueba Amacayacu 2024\features_1\2024-December-04_469-Camara_Amacayacu-1_crop1.npy",-79.7328,-25.106096,7
"..\\..\\..\\..\\Correos\\2024\December\04\TRACK ALERT ID 471 at , Serial_ T010987 Prueba Amacayacu 2024\features_0\2024-December-04_469-Camara_Amacayacu-1_crop1.npy",-79.73051,-25.110458,7
"..\\..\\..\\..\\Correos\\2024\December\04\TRACK ALERT ID 469,471 at , Serial_ T010987 Prueba Amacayacu 2024\features_1\2024-December-04_469-Camara_Amacayacu-2_crop0.npy",-77.49227,-26.090704,7
"..\\..\\..\\..\\Correos\\2024\December\04\TRACK ALERT ID 471 at , Serial_ T010987 Prueba Amacayacu 2024\features_0\2024-December-04_469-Camara_Amacayacu-2_crop0.npy",-77.49227,-26.090704,7
"..\\..\\..\\..\\Correos\\2024\December\04\TRACK ALERT ID 472,473,474,475,476 at , Serial_ T010987 Prueba Amacayacu 2024\features_0\2024-December-04_473-Camara_Amacayacu-4_crop0.npy",-78.933105,-18.0987,7
"..\\..\\..\\..\\Correos\\2024\December\04\TRACK ALERT ID 472,473,474,475,476 at , Serial_ T010987 Prueba Amacayacu 2024\features_0\2024-December-04_473-Camara_Amacayacu-5_crop0.npy",-78.36837,-17.76549,7
"..\\..\\..\\..\\Correos\\2024\December\04\TRACK ALERT ID 472,473,474,475,476 at , Serial_ T010987 Prueba Amacayacu 2024\features_0\2024-December-04_473-Camara_Amacayacu-6_crop0.npy",-75.943756,-17.743334,7
"..\\..\\..\\..\\Correos\\2024\December\04\TRACK ALERT ID 472,473,474,475,476 at , Serial_ T010987 Prueba Amacayacu 2024\features_0\2024-December-04_473-Camara_Amacayacu-6_crop1.npy",-75.98627,-17.731833,7
"..\\..\\..\\..\\Correos\\2024\December\04\TRACK ALERT ID 472,473,474,475,476 at , Serial_ T010987 Prueba Amacayacu 2024\features_0\2024-December-04_475-Camara_Amacayacu-7_crop0.npy",-75.37762,-16.905508,7
"..\\..\\..\\..\\Correos\\2024\December\04\TRACK ALERT ID 478,480 at , Serial_ T010987 Prueba Amacayacu 2024\features_0\2024-December-04_478-Camara_Amacayacu-1_crop0.npy",-51.26592,36.51755,0
"..\\..\\..\\..\\Correos\\2024\December\04\TRACK ALERT ID 478,480 at , Serial_ T010987 Prueba Amacayacu 2024\features_0\2024-December-04_480-Camara_Amacayacu-2_crop0.npy",-28.220095,26.03546,0
"..\\..\\..\\..\\Correos\\2024\December\04\TRACK ALERT ID 478,480 at , Serial_ T010987 Prueba Amacayacu 2024\features_0\2024-December-04_480-Camara_Amacayacu-3_crop0.npy",-27.930344,15.150484,0
"..\\..\\..\\..\\Correos\\2024\December\04\TRACK ALERT ID 478,480 at , Serial_ T010987 Prueba Amacayacu 2024\features_0\2024-December-04_480-Camara_Amacayacu-4_crop0.npy",-26.32129,14.301115,0
"..\\..\\..\\..\\Correos\\2024\December\04\TRACK ALERT ID 478,480 at , Serial_ T010987 Prueba Amacayacu 2024\features_0\2024-December-04_480-Camara_Amacayacu-4_crop1.npy",-26.246895,14.389365,0
"..\\..\\..\\..\\Correos\\2024\December\04\TRACK ALERT ID 478,480 at , Serial_ T010987 Prueba Amacayacu 2024\features_0\2024-December-04_480-Camara_Amacayacu-5_crop0.npy",-28.521904,13.707389,0
"..\\..\\..\\..\\Correos\\2024\December\04\TRACK ALERT ID 484,486,487 at , Serial_ T010987 Prueba Amacayacu 2024\features_0\2024-December-04_484-Camara_Amacayacu-0_crop0.npy",-56.95043,-34.085346,7
"..\\..\\..\\..\\Correos\\2024\December\04\TRACK ALERT ID 484,486,487 at , Serial_ T010987 Prueba Amacayacu 2024\features_0\2024-December-04_484-Camara_Amacayacu-1_crop0.npy",-40.66038,17.489317,0
"..\\..\\..\\..\\Correos\\2024\December\04\TRACK ALERT ID 484,486,487 at , Serial_ T010987 Prueba Amacayacu 2024\features_0\2024-December-04_484-Camara_Amacayacu-2_crop0.npy",-40.668015,19.27389,0
"..\\..\\..\\..\\Correos\\2024\December\04\TRACK ALERT ID 484,486,487 at , Serial_ T010987 Prueba Amacayacu 2024\features_0\2024-December-04_484-Camara_Amacayacu-2_crop1.npy",-40.71538,16.696993,0
"..\\..\\..\\..\\Correos\\2024\December\04\TRACK ALERT ID 484,486,487 at , Serial_ T010987 Prueba Amacayacu 2024\features_0\2024-December-04_484-Camara_Amacayacu-3_crop0.npy",-36.531605,21.75016,0
"..\\..\\..\\..\\Correos\\2024\December\04\TRACK ALERT ID 484,486,487 at , Serial_ T010987 Prueba Amacayacu 2024\features_0\2024-December-04_484-Camara_Amacayacu-4_crop0.npy",-35.287487,22.204979,0
"..\\..\\..\\..\\Correos\\2024\December\04\TRACK ALERT ID 509 at , Serial_ T010987 Prueba Amacayacu 2024\features_0\2024-December-04_509-Camara_Amacayacu-0_crop0.npy",-17.875198,-45.116352,9
"..\\..\\..\\..\\Correos\\2024\December\04\TRACK ALERT ID 509 at , Serial_ T010987 Prueba Amacayacu 2024\features_0\2024-December-04_509-Camara_Amacayacu-0_crop1.npy",-29.163635,-44.40078,9
"..\\..\\..\\..\\Correos\\2024\December\04\TRACK ALERT ID 516,517,518,519,520 at , Serial_ T010987 Prueba Amacayacu 2024\features_0\2024-December-04_517-Camara_Amacayacu-2_crop0.npy",39.530846,-3.6620054,1
"..\\..\\..\\..\\Correos\\2024\December\04\TRACK ALERT ID 522 at , Serial_ T010987 Prueba Amacayacu 2024\features_0\2024-December-04_522-Camara_Amacayacu-1_crop0.npy",-42.141464,24.926388,0
"..\\..\\..\\..\\Correos\\2024\December\04\TRACK ALERT ID 522 at , Serial_ T010987 Prueba Amacayacu 2024\features_0\2024-December-04_522-Camara_Amacayacu-2_crop0.npy",-41.5678,25.33172,0
"..\\..\\..\\..\\Correos\\2024\December\04\TRACK ALERT ID 522 at , Serial_ T010987 Prueba Amacayacu 2024\features_0\2024-December-04_522-Camara_Amacayacu-3_crop0.npy",-40.869976,25.315432,0
"..\\..\\..\\..\\Correos\\2024\December\04\TRACK ALERT ID 522 at , Serial_ T010987 Prueba Amacayacu 2024\features_0\2024-December-04_522-Camara_Amacayacu-4_crop0.npy",-38.574894,26.45886,0
"..\\..\\..\\..\\Correos\\2024\December\04\TRACK ALERT ID 522 at , Serial_ T010987 Prueba Amacayacu 2024\features_0\2024-December-04_522-Camara_Amacayacu-4_crop1.npy",-38.739887,26.984629,0
"..\\..\\..\\..\\Correos\\2024\December\04\TRACK ALERT ID 523 at , Serial_ T010987 Prueba Amacayacu 2024\features_0\2024-December-04_523-Camara_Amacayacu-0_crop0.npy",-32.59531,19.169516,0
"..\\..\\..\\..\\Correos\\2024\December\04\TRACK ALERT ID 523 at , Serial_ T010987 Prueba Amacayacu 2024\features_0\2024-December-04_523-Camara_Amacayacu-0_crop1.npy",38.543404,-3.9393353,1
"..\\..\\..\\..\\Correos\\2024\December\04\TRACK ALERT ID 523 at , Serial_ T010987 Prueba Amacayacu 2024\features_0\2024-December-04_523-Camara_Amacayacu-1_crop0.npy",12.272916,-10.175794,8
"..\\..\\..\\..\\Correos\\2024\December\04\TRACK ALERT ID 76 at , Serial_ T010987 Prueba Amacayacu 2024\features_0\2024-December-04_76-Camara_Amacayacu-1_crop0.npy",69.95091,38.17271,4
"..\\..\\..\\..\\Correos\\2024\December\04\TRACK ALERT ID 76 at , Serial_ T010987 Prueba Amacayacu 2024\features_1\2024-December-04_76-Camara_Amacayacu-1_crop0.npy",83.00409,38.347668,4
"..\\..\\..\\..\\Correos\\2024\December\04\TRACK ALERT ID 76 at , Serial_ T010987 Prueba Amacayacu 2024\features_0\2024-December-04_76-Camara_Amacayacu-2_crop0.npy",68.302826,48.30766,4
"..\\..\\..\\..\\Correos\\2024\December\04\TRACK ALERT ID 76 at , Serial_ T010987 Prueba Amacayacu 2024\features_0\2024-December-04_76-Camara_Amacayacu-3_crop0.npy",81.45757,40.245567,4
"..\\..\\..\\..\\Correos\\2024\December\04\TRACK ALERT ID 76 at , Serial_ T010987 Prueba Amacayacu 2024\features_1\2024-December-04_76-Camara_Amacayacu-3_crop0.npy",69.95091,38.17271,4
"..\\..\\..\\..\\Correos\\2024\December\04\TRACK ALERT ID 76 at , Serial_ T010987 Prueba Amacayacu 2024\features_0\2024-December-04_76-Camara_Amacayacu-4_crop0.npy",83.57195,43.953384,4
"..\\..\\..\\..\\Correos\\2024\December\04\TRACK ALERT ID 76 at , Serial_ T010987 Prueba Amacayacu 2024\features_1\2024-December-04_76-Camara_Amacayacu-4_crop0.npy",68.304596,48.305054,4
"..\\..\\..\\..\\Correos\\2024\December\04\TRACK ALERT ID 76 at , Serial_ T010987 Prueba Amacayacu 2024\features_0\2024-December-04_76-Camara_Amacayacu-5_crop0.npy",80.190285,37.768013,4
"..\\..\\..\\..\\Correos\\2024\December\04\TRACK ALERT ID 76 at , Serial_ T010987 Prueba Amacayacu 2024\features_1\2024-December-04_76-Camara_Amacayacu-5_crop0.npy",81.45757,40.245567,4
"..\\..\\..\\..\\Correos\\2024\December\04\TRACK ALERT ID 76 at , Serial_ T010987 Prueba Amacayacu 2024\features_0\2024-December-04_76-Camara_Amacayacu-6_crop0.npy",70.21976,29.212492,4
"..\\..\\..\\..\\Correos\\2024\December\04\TRACK ALERT ID 76 at , Serial_ T010987 Prueba Amacayacu 2024\features_1\2024-December-04_76-Camara_Amacayacu-6_crop0.npy",83.57195,43.953384,4
"..\\..\\..\\..\\Correos\\2024\December\04\TRACK ALERT ID 76 at , Serial_ T010987 Prueba Amacayacu 2024\features_0\2024-December-04_76-Camara_Amacayacu-7_crop0.npy",78.968636,40.553623,4
"..\\..\\..\\..\\Correos\\2024\December\04\TRACK ALERT ID 76 at , Serial_ T010987 Prueba Amacayacu 2024\features_1\2024-December-04_76-Camara_Amacayacu-7_crop0.npy",80.19037,37.768093,4
"..\\..\\..\\..\\Correos\\2024\December\04\TRACK ALERT ID 76 at , Serial_ T010987 Prueba Amacayacu 2024\features_0\2024-December-04_76-Camara_Amacayacu-8_crop0.npy",72.70983,35.781498,4
"..\\..\\..\\..\\Correos\\2024\December\04\TRACK ALERT ID 76 at , Serial_ T010987 Prueba Amacayacu 2024\features_1\2024-December-04_76-Camara_Amacayacu-8_crop0.npy",70.21981,29.212519,4
"..\\..\\..\\..\\Correos\\2024\December\04\TRACK ALERT ID 76 at , Serial_ T010987 Prueba Amacayacu 2024\features_0\2024-December-04_76-Camara_Amacayacu-9_crop0.npy",69.34171,36.510944,4
"..\\..\\..\\..\\Correos\\2024\December\04\TRACK ALERT ID 76 at , Serial_ T010987 Prueba Amacayacu 2024\features_1\2024-December-04_76-Camara_Amacayacu-9_crop0.npy",78.968636,40.553623,4
"..\\..\\..\\..\\Correos\\2024\December\04\TRACK ALERT ID 78 at , Serial_ T010987 Prueba Amacayacu 2024\features_0\2024-December-04_78-Camara_Amacayacu-0_crop0.npy",13.493382,-30.286114,2
"..\\..\\..\\..\\Correos\\2024\December\04\TRACK ALERT ID 79 at , Serial_ T010987 Prueba Amacayacu 2024\features_0\2024-December-04_78-Camara_Amacayacu-0_crop0.npy",14.271499,-30.570251,2
"..\\..\\..\\..\\Correos\\2024\December\04\TRACK ALERT ID 79 at , Serial_ T010987 Prueba Amacayacu 2024\features_1\2024-December-04_78-Camara_Amacayacu-0_crop0.npy",14.271499,-30.570251,2
"..\\..\\..\\..\\Correos\\2024\December\04\TRACK ALERT ID 79 at , Serial_ T010987 Prueba Amacayacu 2024\features_2\2024-December-04_78-Camara_Amacayacu-0_crop0.npy",14.271499,-30.570251,2
"..\\..\\..\\..\\Correos\\2024\December\04\TRACK ALERT ID 79 at , Serial_ T010987 Prueba Amacayacu 2024\features_0\2024-December-04_79-Camara_Amacayacu-1_crop0.npy",77.429855,26.706835,4
"..\\..\\..\\..\\Correos\\2024\December\04\TRACK ALERT ID 79 at , Serial_ T010987 Prueba Amacayacu 2024\features_1\2024-December-04_79-Camara_Amacayacu-1_crop0.npy",77.705444,27.144201,4
"..\\..\\..\\..\\Correos\\2024\December\04\TRACK ALERT ID 79 at , Serial_ T010987 Prueba Amacayacu 2024\features_2\2024-December-04_79-Camara_Amacayacu-1_crop0.npy",77.9353,26.699984,4
"..\\..\\..\\..\\Correos\\2024\December\04\TRACK ALERT ID 79 at , Serial_ T010987 Prueba Amacayacu 2024\features_0\2024-December-04_79-Camara_Amacayacu-1_crop1.npy",73.45373,-29.79378,5
"..\\..\\..\\..\\Correos\\2024\December\04\TRACK ALERT ID 79 at , Serial_ T010987 Prueba Amacayacu 2024\features_1\2024-December-04_79-Camara_Amacayacu-1_crop1.npy",73.45373,-29.79378,5
"..\\..\\..\\..\\Correos\\2024\December\04\TRACK ALERT ID 79 at , Serial_ T010987 Prueba Amacayacu 2024\features_2\2024-December-04_79-Camara_Amacayacu-1_crop1.npy",73.45373,-29.79378,5
"..\\..\\..\\..\\Correos\\2024\December\04\TRACK ALERT ID 79 at , Serial_ T010987 Prueba Amacayacu 2024\features_0\2024-December-04_79-Camara_Amacayacu-1_crop2.npy",71.36005,-30.629066,5
"..\\..\\..\\..\\Correos\\2024\December\04\TRACK ALERT ID 79 at , Serial_ T010987 Prueba Amacayacu 2024\features_1\2024-December-04_79-Camara_Amacayacu-1_crop2.npy",71.36005,-30.629066,5
"..\\..\\..\\..\\Correos\\2024\December\04\TRACK ALERT ID 79 at , Serial_ T010987 Prueba Amacayacu 2024\features_2\2024-December-04_79-Camara_Amacayacu-1_crop2.npy",71.36005,-30.629066,5
"..\\..\\..\\..\\Correos\\2024\December\04\TRACK ALERT ID 79 at , Serial_ T010987 Prueba Amacayacu 2024\features_0\2024-December-04_79-Camara_Amacayacu-2_crop0.npy",67.22631,31.471518,4
"..\\..\\..\\..\\Correos\\2024\December\04\TRACK ALERT ID 79 at , Serial_ T010987 Prueba Amacayacu 2024\features_1\2024-December-04_79-Camara_Amacayacu-2_crop0.npy",67.72135,31.305885,4
"..\\..\\..\\..\\Correos\\2024\December\04\TRACK ALERT ID 79 at , Serial_ T010987 Prueba Amacayacu 2024\features_2\2024-December-04_79-Camara_Amacayacu-2_crop0.npy",67.57859,31.863796,4
"..\\..\\..\\..\\Correos\\2024\December\04\TRACK ALERT ID 79 at , Serial_ T010987 Prueba Amacayacu 2024\features_0\2024-December-04_79-Camara_Amacayacu-2_crop1.npy",79.4096,-31.20359,5
"..\\..\\..\\..\\Correos\\2024\December\04\TRACK ALERT ID 79 at , Serial_ T010987 Prueba Amacayacu 2024\features_1\2024-December-04_79-Camara_Amacayacu-2_crop1.npy",79.4096,-31.20359,5
"..\\..\\..\\..\\Correos\\2024\December\04\TRACK ALERT ID 79 at , Serial_ T010987 Prueba Amacayacu 2024\features_2\2024-December-04_79-Camara_Amacayacu-2_crop1.npy",79.4096,-31.20359,5
"..\\..\\..\\..\\Correos\\2024\December\04\TRACK ALERT ID 79 at , Serial_ T010987 Prueba Amacayacu 2024\features_0\2024-December-04_79-Camara_Amacayacu-3_crop0.npy",75.4802,35.19059,4
"..\\..\\..\\..\\Correos\\2024\December\04\TRACK ALERT ID 79 at , Serial_ T010987 Prueba Amacayacu 2024\features_1\2024-December-04_79-Camara_Amacayacu-3_crop0.npy",75.4802,35.19059,4
"..\\..\\..\\..\\Correos\\2024\December\04\TRACK ALERT ID 79 at , Serial_ T010987 Prueba Amacayacu 2024\features_2\2024-December-04_79-Camara_Amacayacu-3_crop0.npy",75.4802,35.19059,4
"..\\..\\..\\..\\Correos\\2024\December\04\TRACK ALERT ID 79 at , Serial_ T010987 Prueba Amacayacu 2024\features_2\2024-December-04_79-Camara_Amacayacu-4_crop0.npy",75.20616,36.984272,4
"..\\..\\..\\..\\Correos\\2024\December\04\TRACK ALERT ID 79 at , Serial_ T010987 Prueba Amacayacu 2024\features_2\2024-December-04_79-Camara_Amacayacu-4_crop1.npy",80.47839,-30.478493,5
"..\\..\\..\\..\\Correos\\2024\December\04\TRACK ALERT ID 79 at , Serial_ T010987 Prueba Amacayacu 2024\features_2\2024-December-04_79-Camara_Amacayacu-5_crop0.npy",76.30357,31.896013,4
"..\\..\\..\\..\\Correos\\2024\December\04\TRACK ALERT ID 79 at , Serial_ T010987 Prueba Amacayacu 2024\features_2\2024-December-04_79-Camara_Amacayacu-5_crop1.npy",72.144295,-34.603397,5
"..\\..\\..\\..\\Correos\\2024\December\04\TRACK ALERT ID 79 at , Serial_ T010987 Prueba Amacayacu 2024\features_2\2024-December-04_79-Camara_Amacayacu-5_crop2.npy",73.64967,-32.18099,5
"..\\..\\..\\..\\Correos\\2024\December\04\TRACK ALERT ID 79 at , Serial_ T010987 Prueba Amacayacu 2024\features_2\2024-December-04_79-Camara_Amacayacu-7_crop0.npy",78.57414,33.00336,4
"..\\..\\..\\..\\Correos\\2024\December\04\TRACK ALERT ID 82,84 at , Serial_ T010987 Prueba Amacayacu 2024\features_0\2024-December-04_84-Camara_Amacayacu-9_crop0.npy",71.21734,35.375275,4
"..\\..\\..\\..\\Correos\\2024\December\04\TRACK ALERT ID 84,85 at , Serial_ T010987 Prueba Amacayacu 2024\features_0\2024-December-04_84-Camara_Amacayacu-9_crop0.npy",73.3314,51.261982,4
"..\\..\\..\\..\\Correos\\2024\December\04\TRACK ALERT ID 85 at , Serial_ T010987 Prueba Amacayacu 2024\features_3\2024-December-04_84-Camara_Amacayacu-9_crop0.npy",73.31768,50.514233,4
"..\\..\\..\\..\\Correos\\2024\December\04\TRACK ALERT ID 84,85 at , Serial_ T010987 Prueba Amacayacu 2024\features_0\2024-December-04_84-Camara_Amacayacu-0_crop0.npy",71.22247,35.809635,4
"..\\..\\..\\..\\Correos\\2024\December\04\TRACK ALERT ID 85 at , Serial_ T010987 Prueba Amacayacu 2024\features_0\2024-December-04_84-Camara_Amacayacu-0_crop0.npy",72.77296,31.722746,4
"..\\..\\..\\..\\Correos\\2024\December\04\TRACK ALERT ID 85 at , Serial_ T010987 Prueba Amacayacu 2024\features_3\2024-December-04_84-Camara_Amacayacu-0_crop0.npy",70.93923,35.654327,4
"..\\..\\..\\..\\Correos\\2024\December\04\TRACK ALERT ID 84,85 at , Serial_ T010987 Prueba Amacayacu 2024\features_0\2024-December-04_84-Camara_Amacayacu-1_crop0.npy",84.361855,38.65064,4
"..\\..\\..\\..\\Correos\\2024\December\04\TRACK ALERT ID 85 at , Serial_ T010987 Prueba Amacayacu 2024\features_0\2024-December-04_84-Camara_Amacayacu-1_crop0.npy",74.02901,50.289127,4
"..\\..\\..\\..\\Correos\\2024\December\04\TRACK ALERT ID 85 at , Serial_ T010987 Prueba Amacayacu 2024\features_1\2024-December-04_84-Camara_Amacayacu-1_crop0.npy",73.4588,32.419125,4
"..\\..\\..\\..\\Correos\\2024\December\04\TRACK ALERT ID 85 at , Serial_ T010987 Prueba Amacayacu 2024\features_2\2024-December-04_84-Camara_Amacayacu-1_crop0.npy",73.4588,32.419125,4
"..\\..\\..\\..\\Correos\\2024\December\04\TRACK ALERT ID 85 at , Serial_ T010987 Prueba Amacayacu 2024\features_3\2024-December-04_84-Camara_Amacayacu-1_crop0.npy",84.36218,38.650665,4
"..\\..\\..\\..\\Correos\\2024\December\04\TRACK ALERT ID 84,85 at , Serial_ T010987 Prueba Amacayacu 2024\features_0\2024-December-04_84-Camara_Amacayacu-2_crop0.npy",70.12296,31.97087,4
"..\\..\\..\\..\\Correos\\2024\December\04\TRACK ALERT ID 85 at , Serial_ T010987 Prueba Amacayacu 2024\features_1\2024-December-04_84-Camara_Amacayacu-2_crop0.npy",74.47873,50.88366,4
"..\\..\\..\\..\\Correos\\2024\December\04\TRACK ALERT ID 85 at , Serial_ T010987 Prueba Amacayacu 2024\features_2\2024-December-04_84-Camara_Amacayacu-2_crop0.npy",74.039566,51.49171,4
"..\\..\\..\\..\\Correos\\2024\December\04\TRACK ALERT ID 85 at , Serial_ T010987 Prueba Amacayacu 2024\features_3\2024-December-04_84-Camara_Amacayacu-2_crop0.npy",70.12296,31.97087,4
"..\\..\\..\\..\\Correos\\2024\December\04\TRACK ALERT ID 84,85 at , Serial_ T010987 Prueba Amacayacu 2024\features_0\2024-December-04_84-Camara_Amacayacu-3_crop0.npy",78.03727,36.1346,4
"..\\..\\..\\..\\Correos\\2024\December\04\TRACK ALERT ID 85 at , Serial_ T010987 Prueba Amacayacu 2024\features_3\2024-December-04_84-Camara_Amacayacu-3_crop0.npy",78.037445,36.134876,4
"..\\..\\..\\..\\Correos\\2024\December\04\TRACK ALERT ID 84,85 at , Serial_ T010987 Prueba Amacayacu 2024\features_0\2024-December-04_84-Camara_Amacayacu-3_crop1.npy",72.09867,-33.069153,5
"..\\..\\..\\..\\Correos\\2024\December\04\TRACK ALERT ID 85 at , Serial_ T010987 Prueba Amacayacu 2024\features_3\2024-December-04_84-Camara_Amacayacu-3_crop1.npy",72.09867,-33.069153,5
"..\\..\\..\\..\\Correos\\2024\December\04\TRACK ALERT ID 84,85 at , Serial_ T010987 Prueba Amacayacu 2024\features_0\2024-December-04_84-Camara_Amacayacu-4_crop0.npy",80.94853,28.059267,4
"..\\..\\..\\..\\Correos\\2024\December\04\TRACK ALERT ID 85 at , Serial_ T010987 Prueba Amacayacu 2024\features_3\2024-December-04_84-Camara_Amacayacu-4_crop0.npy",80.94853,28.059267,4
"..\\..\\..\\..\\Correos\\2024\December\04\TRACK ALERT ID 84,85 at , Serial_ T010987 Prueba Amacayacu 2024\features_0\2024-December-04_84-Camara_Amacayacu-5_crop0.npy",80.71105,32.962883,4
"..\\..\\..\\..\\Correos\\2024\December\04\TRACK ALERT ID 85 at , Serial_ T010987 Prueba Amacayacu 2024\features_3\2024-December-04_84-Camara_Amacayacu-5_crop0.npy",80.71105,32.962883,4
"..\\..\\..\\..\\Correos\\2024\December\04\TRACK ALERT ID 84,85 at , Serial_ T010987 Prueba Amacayacu 2024\features_0\2024-December-04_84-Camara_Amacayacu-5_crop1.npy",69.91553,-33.18924,5
"..\\..\\..\\..\\Correos\\2024\December\04\TRACK ALERT ID 85 at , Serial_ T010987 Prueba Amacayacu 2024\features_3\2024-December-04_84-Camara_Amacayacu-5_crop1.npy",69.91553,-33.18924,5
"..\\..\\..\\..\\Correos\\2024\December\04\TRACK ALERT ID 84,85 at , Serial_ T010987 Prueba Amacayacu 2024\features_0\2024-December-04_84-Camara_Amacayacu-8_crop0.npy",73.4588,32.419125,4
"..\\..\\..\\..\\Correos\\2024\December\04\TRACK ALERT ID 85 at , Serial_ T010987 Prueba Amacayacu 2024\features_3\2024-December-04_84-Camara_Amacayacu-8_crop0.npy",72.77296,31.722746,4
"..\\..\\..\\..\\Correos\\2024\December\04\TRACK ALERT ID 84,85 at , Serial_ T010987 Prueba Amacayacu 2024\features_0\2024-December-04_84-Camara_Amacayacu-8_crop1.npy",59.232025,-30.900208,5
"..\\..\\..\\..\\Correos\\2024\December\04\TRACK ALERT ID 85 at , Serial_ T010987 Prueba Amacayacu 2024\features_3\2024-December-04_84-Camara_Amacayacu-8_crop1.npy",58.589066,-31.7826,5
"..\\..\\..\\..\\Correos\\2024\December\04\TRACK ALERT ID 84,85 at , Serial_ T010987 Prueba Amacayacu 2024\features_0\2024-December-04_84-Camara_Amacayacu-9_crop1.npy",74.42242,-36.46641,5
"..\\..\\..\\..\\Correos\\2024\December\04\TRACK ALERT ID 85 at , Serial_ T010987 Prueba Amacayacu 2024\features_3\2024-December-04_84-Camara_Amacayacu-9_crop1.npy",74.42242,-36.46641,5
"..\\..\\..\\..\\Correos\\2024\December\04\TRACK ALERT ID 84,85 at , Serial_ T010987 Prueba Amacayacu 2024\features_0\2024-December-04_84-Camara_Amacayacu-9_crop2.npy",74.65796,-33.62414,5
"..\\..\\..\\..\\Correos\\2024\December\04\TRACK ALERT ID 85 at , Serial_ T010987 Prueba Amacayacu 2024\features_3\2024-December-04_84-Camara_Amacayacu-9_crop2.npy",74.65796,-33.62414,5
"..\\..\\..\\..\\Correos\\2024\December\04\TRACK ALERT ID 84,85 at , Serial_ T010987 Prueba Amacayacu 2024\features_0\2024-December-04_85-Camara_Amacayacu-6_crop0.npy",80.61171,34.99145,4
"..\\..\\..\\..\\Correos\\2024\December\04\TRACK ALERT ID 85 at , Serial_ T010987 Prueba Amacayacu 2024\features_0\2024-December-04_85-Camara_Amacayacu-6_crop0.npy",83.709335,34.783646,4
"..\\..\\..\\..\\Correos\\2024\December\04\TRACK ALERT ID 85 at , Serial_ T010987 Prueba Amacayacu 2024\features_1\2024-December-04_85-Camara_Amacayacu-6_crop0.npy",83.089264,30.90557,4
"..\\..\\..\\..\\Correos\\2024\December\04\TRACK ALERT ID 85 at , Serial_ T010987 Prueba Amacayacu 2024\features_2\2024-December-04_85-Camara_Amacayacu-6_crop0.npy",83.089264,30.90557,4
"..\\..\\..\\..\\Correos\\2024\December\04\TRACK ALERT ID 85 at , Serial_ T010987 Prueba Amacayacu 2024\features_3\2024-December-04_85-Camara_Amacayacu-6_crop0.npy",80.61171,34.99145,4
"..\\..\\..\\..\\Correos\\2024\December\04\TRACK ALERT ID 84,85 at , Serial_ T010987 Prueba Amacayacu 2024\features_0\2024-December-04_85-Camara_Amacayacu-6_crop1.npy",79.0963,-29.33309,5
"..\\..\\..\\..\\Correos\\2024\December\04\TRACK ALERT ID 85 at , Serial_ T010987 Prueba Amacayacu 2024\features_3\2024-December-04_85-Camara_Amacayacu-6_crop1.npy",79.0963,-29.33309,5
"..\\..\\..\\..\\Correos\\2024\December\04\TRACK ALERT ID 84,85 at , Serial_ T010987 Prueba Amacayacu 2024\features_0\2024-December-04_85-Camara_Amacayacu-7_crop0.npy",73.732124,28.101084,4
"..\\..\\..\\..\\Correos\\2024\December\04\TRACK ALERT ID 85 at , Serial_ T010987 Prueba Amacayacu 2024\features_0\2024-December-04_85-Camara_Amacayacu-7_crop0.npy",80.39709,43.94711,4
"..\\..\\..\\..\\Correos\\2024\December\04\TRACK ALERT ID 85 at , Serial_ T010987 Prueba Amacayacu 2024\features_1\2024-December-04_85-Camara_Amacayacu-7_crop0.npy",83.38313,35.204254,4
"..\\..\\..\\..\\Correos\\2024\December\04\TRACK ALERT ID 85 at , Serial_ T010987 Prueba Amacayacu 2024\features_2\2024-December-04_85-Camara_Amacayacu-7_crop0.npy",83.38313,35.204254,4
"..\\..\\..\\..\\Correos\\2024\December\04\TRACK ALERT ID 85 at , Serial_ T010987 Prueba Amacayacu 2024\features_3\2024-December-04_85-Camara_Amacayacu-7_crop0.npy",72.97905,27.863752,4
"..\\..\\..\\..\\Correos\\2024\December\04\TRACK ALERT ID 85 at , Serial_ T010987 Prueba Amacayacu 2024\features_0\2024-December-04_84-Camara_Amacayacu-0_crop1.npy",59.232025,-30.900208,5
"..\\..\\..\\..\\Correos\\2024\December\04\TRACK ALERT ID 85 at , Serial_ T010987 Prueba Amacayacu 2024\features_0\2024-December-04_84-Camara_Amacayacu-1_crop1.npy",74.42242,-36.46641,5
"..\\..\\..\\..\\Correos\\2024\December\04\TRACK ALERT ID 85 at , Serial_ T010987 Prueba Amacayacu 2024\features_1\2024-December-04_84-Camara_Amacayacu-1_crop1.npy",59.232025,-30.900208,5
"..\\..\\..\\..\\Correos\\2024\December\04\TRACK ALERT ID 85 at , Serial_ T010987 Prueba Amacayacu 2024\features_2\2024-December-04_84-Camara_Amacayacu-1_crop1.npy",59.232025,-30.900208,5
"..\\..\\..\\..\\Correos\\2024\December\04\TRACK ALERT ID 85 at , Serial_ T010987 Prueba Amacayacu 2024\features_0\2024-December-04_84-Camara_Amacayacu-1_crop2.npy",74.65796,-33.62414,5
"..\\..\\..\\..\\Correos\\2024\December\04\TRACK ALERT ID 85 at , Serial_ T010987 Prueba Amacayacu 2024\features_0\2024-December-04_85-Camara_Amacayacu-2_crop0.npy",79.25501,30.267326,4
"..\\..\\..\\..\\Correos\\2024\December\04\TRACK ALERT ID 85 at , Serial_ T010987 Prueba Amacayacu 2024\features_0\2024-December-04_85-Camara_Amacayacu-3_crop0.npy",69.096924,51.89285,4
"..\\..\\..\\..\\Correos\\2024\December\04\TRACK ALERT ID 85 at , Serial_ T010987 Prueba Amacayacu 2024\features_1\2024-December-04_85-Camara_Amacayacu-3_crop0.npy",78.99299,30.63137,4
"..\\..\\..\\..\\Correos\\2024\December\04\TRACK ALERT ID 85 at , Serial_ T010987 Prueba Amacayacu 2024\features_2\2024-December-04_85-Camara_Amacayacu-3_crop0.npy",78.75607,30.180447,4
"..\\..\\..\\..\\Correos\\2024\December\04\TRACK ALERT ID 85 at , Serial_ T010987 Prueba Amacayacu 2024\features_0\2024-December-04_85-Camara_Amacayacu-4_crop0.npy",72.3616,42.604965,4
"..\\..\\..\\..\\Correos\\2024\December\04\TRACK ALERT ID 85 at , Serial_ T010987 Prueba Amacayacu 2024\features_1\2024-December-04_85-Camara_Amacayacu-4_crop0.npy",69.58923,51.711166,4
"..\\..\\..\\..\\Correos\\2024\December\04\TRACK ALERT ID 85 at , Serial_ T010987 Prueba Amacayacu 2024\features_2\2024-December-04_85-Camara_Amacayacu-4_crop0.npy",69.096924,51.89285,4
"..\\..\\..\\..\\Correos\\2024\December\04\TRACK ALERT ID 85 at , Serial_ T010987 Prueba Amacayacu 2024\features_0\2024-December-04_85-Camara_Amacayacu-5_crop0.npy",83.089264,30.90557,4
"..\\..\\..\\..\\Correos\\2024\December\04\TRACK ALERT ID 85 at , Serial_ T010987 Prueba Amacayacu 2024\features_1\2024-December-04_85-Camara_Amacayacu-5_crop0.npy",72.32493,43.042572,4
"..\\..\\..\\..\\Correos\\2024\December\04\TRACK ALERT ID 85 at , Serial_ T010987 Prueba Amacayacu 2024\features_2\2024-December-04_85-Camara_Amacayacu-5_crop0.npy",71.94832,42.714943,4
"..\\..\\..\\..\\Correos\\2024\December\04\TRACK ALERT ID 85 at , Serial_ T010987 Prueba Amacayacu 2024\features_0\2024-December-04_85-Camara_Amacayacu-7_crop1.npy",65.78859,-32.45996,5
"..\\..\\..\\..\\Correos\\2024\December\04\TRACK ALERT ID 85 at , Serial_ T010987 Prueba Amacayacu 2024\features_0\2024-December-04_85-Camara_Amacayacu-8_crop0.npy",61.59656,-31.571125,5
"..\\..\\..\\..\\Correos\\2024\December\04\TRACK ALERT ID 85 at , Serial_ T010987 Prueba Amacayacu 2024\features_1\2024-December-04_85-Camara_Amacayacu-8_crop0.npy",80.39709,43.94711,4
"..\\..\\..\\..\\Correos\\2024\December\04\TRACK ALERT ID 85 at , Serial_ T010987 Prueba Amacayacu 2024\features_2\2024-December-04_85-Camara_Amacayacu-8_crop0.npy",80.39709,43.94711,4
"..\\..\\..\\..\\Correos\\2024\December\04\TRACK ALERT ID 85 at , Serial_ T010987 Prueba Amacayacu 2024\features_0\2024-December-04_85-Camara_Amacayacu-9_crop0.npy",78.055855,-31.65561,5
"..\\..\\..\\..\\Correos\\2024\December\04\TRACK ALERT ID 85 at , Serial_ T010987 Prueba Amacayacu 2024\features_1\2024-December-04_85-Camara_Amacayacu-9_crop0.npy",61.59656,-31.571125,5
"..\\..\\..\\..\\Correos\\2024\December\04\TRACK ALERT ID 85 at , Serial_ T010987 Prueba Amacayacu 2024\features_2\2024-December-04_85-Camara_Amacayacu-9_crop0.npy",62.235607,-31.14969,5
"..\\..\\..\\..\\Correos\\2024\December\04\TRACK ALERT ID 85 at , Serial_ T010987 Prueba Amacayacu 2024\features_1\2024-December-04_84-Camara_Amacayacu-2_crop1.npy",74.42242,-36.46641,5
"..\\..\\..\\..\\Correos\\2024\December\04\TRACK ALERT ID 85 at , Serial_ T010987 Prueba Amacayacu 2024\features_2\2024-December-04_84-Camara_Amacayacu-2_crop1.npy",74.42242,-36.46641,5
"..\\..\\..\\..\\Correos\\2024\December\04\TRACK ALERT ID 85 at , Serial_ T010987 Prueba Amacayacu 2024\features_1\2024-December-04_84-Camara_Amacayacu-2_crop2.npy",74.65796,-33.62414,5
"..\\..\\..\\..\\Correos\\2024\December\04\TRACK ALERT ID 85 at , Serial_ T010987 Prueba Amacayacu 2024\features_2\2024-December-04_84-Camara_Amacayacu-2_crop2.npy",74.65796,-33.62414,5
"..\\..\\..\\..\\Correos\\2024\December\04\TRACK ALERT ID 85 at , Serial_ T010987 Prueba Amacayacu 2024\features_1\2024-December-04_85-Camara_Amacayacu-0_crop0.npy",73.16155,28.660076,4
"..\\..\\..\\..\\Correos\\2024\December\04\TRACK ALERT ID 85 at , Serial_ T010987 Prueba Amacayacu 2024\features_2\2024-December-04_85-Camara_Amacayacu-0_crop0.npy",72.97905,27.863752,4
"..\\..\\..\\..\\Correos\\2024\December\04\TRACK ALERT ID 85 at , Serial_ T010987 Prueba Amacayacu 2024\features_1\2024-December-04_85-Camara_Amacayacu-8_crop1.npy",65.78859,-32.45996,5
"..\\..\\..\\..\\Correos\\2024\December\04\TRACK ALERT ID 85 at , Serial_ T010987 Prueba Amacayacu 2024\features_2\2024-December-04_85-Camara_Amacayacu-8_crop1.npy",65.78859,-32.45996,5
"..\\..\\..\\..\\Correos\\2024\December\04\TRACK ALERT ID 87,89,90,91 at , Serial_ T010987 Prueba Amacayacu 2024\features_0\2024-December-04_87-Camara_Amacayacu-1_crop0.npy",66.02669,35.292538,4
"..\\..\\..\\..\\Correos\\2024\December\04\TRACK ALERT ID 87,89,90,91 at , Serial_ T010987 Prueba Amacayacu 2024\features_0\2024-December-04_87-Camara_Amacayacu-1_crop1.npy",61.747917,-32.947712,5
"..\\..\\..\\..\\Correos\\2024\December\04\TRACK ALERT ID 87,89,90,91 at , Serial_ T010987 Prueba Amacayacu 2024\features_0\2024-December-04_87-Camara_Amacayacu-2_crop0.npy",66.23143,36.35922,4
"..\\..\\..\\..\\Correos\\2024\December\04\TRACK ALERT ID 87,89,90,91 at , Serial_ T010987 Prueba Amacayacu 2024\features_0\2024-December-04_89-Camara_Amacayacu-4_crop0.npy",64.02424,38.057655,4
"..\\..\\..\\..\\Correos\\2024\December\04\TRACK ALERT ID 89,94 at , Serial_ T010987 Prueba Amacayacu 2024\features_0\2024-December-04_94-Camara_Amacayacu-7_crop0.npy",70.109924,34.62171,4
"..\\..\\..\\..\\Correos\\2024\December\04\TRACK ALERT ID 94 at , Serial_ T010987 Prueba Amacayacu 2024\features_0\2024-December-04_94-Camara_Amacayacu-7_crop0.npy",59.775673,-32.678288,5
"..\\..\\..\\..\\Correos\\2024\December\04\TRACK ALERT ID 92,93 at , Serial_ T010987 Prueba Amacayacu 2024\features_0\2024-December-04_preset-Camara_Amacayacu-8_crop0.npy",68.96681,34.362995,4
"..\\..\\..\\..\\Correos\\2024\December\04\TRACK ALERT ID 94 at , Serial_ T010987 Prueba Amacayacu 2024\features_0\2024-December-04_94-Camara_Amacayacu-6_crop0.npy",75.949844,28.984283,4
"..\\..\\..\\..\\Correos\\2024\December\04\TRACK ALERT ID 94 at , Serial_ T010987 Prueba Amacayacu 2024\features_0\2024-December-04_94-Camara_Amacayacu-8_crop0.npy",61.3693,-30.118252,5
"..\\..\\..\\..\\Correos\\2024\December\04\TRACK ALERT ID 96,97 at , Serial_ T010987 Prueba Amacayacu 2024\features_0\2024-December-04_96-Camara_Amacayacu-1_crop0.npy",77.41432,31.446756,4
"..\\..\\..\\..\\Correos\\2024\December\04\TRACK ALERT ID 96,97 at , Serial_ T010987 Prueba Amacayacu 2024\features_0\2024-December-04_96-Camara_Amacayacu-4_crop0.npy",-24.315182,16.83921,0
"..\\..\\..\\..\\Correos\\2024\December\05\TRACK ALERT ID 1317 at , Serial_ T010987 Prueba Amacayacu 2024\features_0\2024-December-05_1317-Camara_Amacayacu-0_crop0.npy",20.952873,27.449297,6
"..\\..\\..\\..\\Correos\\2024\December\05\TRACK ALERT ID 1318 at , Serial_ T010987 Prueba Amacayacu 2024\features_0\2024-December-05_1318-Camara_Amacayacu-0_crop0.npy",9.409967,-28.941076,2
"..\\..\\..\\..\\Correos\\2024\December\05\TRACK ALERT ID 1319 at , Serial_ T010987 Prueba Amacayacu 2024\features_1\2024-December-05_1319-Camara_Amacayacu-0_crop0.npy",10.87634,-29.194433,2
"..\\..\\..\\..\\Correos\\2024\December\05\TRACK ALERT ID 1325,1326 at , Serial_ T010987 Prueba Amacayacu 2024\features_0\2024-December-05_1325-Camara_Amacayacu-0_crop0.npy",-58.989487,-40.46362,7
"..\\..\\..\\..\\Correos\\2024\December\05\TRACK ALERT ID 1325,1326 at , Serial_ T010987 Prueba Amacayacu 2024\features_0\2024-December-05_1325-Camara_Amacayacu-0_crop1.npy",9.172203,-28.376766,2
"..\\..\\..\\..\\Correos\\2024\December\05\TRACK ALERT ID 1325,1326 at , Serial_ T010987 Prueba Amacayacu 2024\features_0\2024-December-05_1325-Camara_Amacayacu-1_crop0.npy",-44.272144,28.424557,0
"..\\..\\..\\..\\Correos\\2024\December\05\TRACK ALERT ID 1325,1326 at , Serial_ T010987 Prueba Amacayacu 2024\features_0\2024-December-05_1325-Camara_Amacayacu-2_crop0.npy",-32.121098,22.199223,0
"..\\..\\..\\..\\Correos\\2024\December\05\TRACK ALERT ID 1325,1326 at , Serial_ T010987 Prueba Amacayacu 2024\features_0\2024-December-05_1326-Camara_Amacayacu-3_crop0.npy",-32.865753,22.044792,0
"..\\..\\..\\..\\Correos\\2024\December\05\TRACK ALERT ID 1325,1326 at , Serial_ T010987 Prueba Amacayacu 2024\features_0\2024-December-05_1326-Camara_Amacayacu-4_crop0.npy",-29.740458,14.201512,0
"..\\..\\..\\..\\Correos\\2024\December\05\TRACK ALERT ID 1325,1326 at , Serial_ T010987 Prueba Amacayacu 2024\features_0\2024-December-05_1326-Camara_Amacayacu-4_crop1.npy",-12.3946705,2.6263602,8
"..\\..\\..\\..\\Correos\\2024\December\05\TRACK ALERT ID 1331 at , Serial_ T010987 Prueba Amacayacu 2024\features_0\2024-December-05_1331-Camara_Amacayacu-0_crop0.npy",20.052969,27.335,6
"..\\..\\..\\..\\Correos\\2024\December\05\TRACK ALERT ID 1371 at , Serial_ T010987 Prueba Amacayacu 2024\features_0\2024-December-05_1371-Camara_Amacayacu-0_crop0.npy",47.619747,14.078396,1
"..\\..\\..\\..\\Correos\\2024\December\05\TRACK ALERT ID 1371 at , Serial_ T010987 Prueba Amacayacu 2024\features_2\2024-December-05_1371-Camara_Amacayacu-0_crop0.npy",47.619682,14.078291,1
"..\\..\\..\\..\\Correos\\2024\December\05\TRACK ALERT ID 1483 at , Serial_ T010987 Prueba Amacayacu 2024\features_0\2024-December-05_1483-Camara_Amacayacu-8_crop0.npy",48.683777,14.664554,1
"..\\..\\..\\..\\Correos\\2024\December\05\TRACK ALERT ID 1483 at , Serial_ T010987 Prueba Amacayacu 2024\features_1\2024-December-05_1483-Camara_Amacayacu-4_crop0.npy",18.59642,-37.393814,2
"..\\..\\..\\..\\Correos\\2024\December\05\TRACK ALERT ID 1500 at , Serial_ T010987 Prueba Amacayacu 2024\features_0\2024-December-05_1500-Camara_Amacayacu-0_crop0.npy",-13.248003,-24.13247,9
"..\\..\\..\\..\\Correos\\2024\December\05\TRACK ALERT ID 1500 at , Serial_ T010987 Prueba Amacayacu 2024\features_1\2024-December-05_1500-Camara_Amacayacu-0_crop0.npy",-10.380897,-27.658932,9
"..\\..\\..\\..\\Correos\\2024\December\05\TRACK ALERT ID 1500 at , Serial_ T010987 Prueba Amacayacu 2024\features_0\2024-December-05_1500-Camara_Amacayacu-1_crop0.npy",-11.850222,-25.560156,9
"..\\..\\..\\..\\Correos\\2024\December\05\TRACK ALERT ID 1500 at , Serial_ T010987 Prueba Amacayacu 2024\features_1\2024-December-05_1500-Camara_Amacayacu-1_crop0.npy",-9.129587,-28.641026,9
"..\\..\\..\\..\\Correos\\2024\December\05\TRACK ALERT ID 1500 at , Serial_ T010987 Prueba Amacayacu 2024\features_0\2024-December-05_1500-Camara_Amacayacu-1_crop1.npy",-12.608082,-24.98167,9
"..\\..\\..\\..\\Correos\\2024\December\05\TRACK ALERT ID 1500 at , Serial_ T010987 Prueba Amacayacu 2024\features_1\2024-December-05_1500-Camara_Amacayacu-1_crop1.npy",-6.7138314,-31.622807,9
"..\\..\\..\\..\\Correos\\2024\December\05\TRACK ALERT ID 1500 at , Serial_ T010987 Prueba Amacayacu 2024\features_0\2024-December-05_1500-Camara_Amacayacu-2_crop0.npy",-11.444103,-23.72517,9
"..\\..\\..\\..\\Correos\\2024\December\05\TRACK ALERT ID 1500 at , Serial_ T010987 Prueba Amacayacu 2024\features_1\2024-December-05_1500-Camara_Amacayacu-2_crop0.npy",-6.990499,-33.12602,9
"..\\..\\..\\..\\Correos\\2024\December\05\TRACK ALERT ID 1500 at , Serial_ T010987 Prueba Amacayacu 2024\features_0\2024-December-05_1500-Camara_Amacayacu-2_crop1.npy",-11.982624,-23.478596,9
"..\\..\\..\\..\\Correos\\2024\December\05\TRACK ALERT ID 1500 at , Serial_ T010987 Prueba Amacayacu 2024\features_1\2024-December-05_1500-Camara_Amacayacu-2_crop1.npy",-6.368231,-33.29106,9
"..\\..\\..\\..\\Correos\\2024\December\05\TRACK ALERT ID 1500 at , Serial_ T010987 Prueba Amacayacu 2024\features_0\2024-December-05_1500-Camara_Amacayacu-3_crop0.npy",-12.575272,-22.711605,9
"..\\..\\..\\..\\Correos\\2024\December\05\TRACK ALERT ID 1500 at , Serial_ T010987 Prueba Amacayacu 2024\features_1\2024-December-05_1500-Camara_Amacayacu-3_crop0.npy",-8.317525,-33.41831,9
"..\\..\\..\\..\\Correos\\2024\December\05\TRACK ALERT ID 1500 at , Serial_ T010987 Prueba Amacayacu 2024\features_0\2024-December-05_1500-Camara_Amacayacu-4_crop0.npy",-14.122023,-23.140076,9
"..\\..\\..\\..\\Correos\\2024\December\05\TRACK ALERT ID 1500 at , Serial_ T010987 Prueba Amacayacu 2024\features_1\2024-December-05_1500-Camara_Amacayacu-4_crop0.npy",-9.782659,-32.24631,9
"..\\..\\..\\..\\Correos\\2024\December\05\TRACK ALERT ID 1500 at , Serial_ T010987 Prueba Amacayacu 2024\features_0\2024-December-05_1500-Camara_Amacayacu-4_crop1.npy",-14.609023,-22.757656,9
"..\\..\\..\\..\\Correos\\2024\December\05\TRACK ALERT ID 1500 at , Serial_ T010987 Prueba Amacayacu 2024\features_1\2024-December-05_1500-Camara_Amacayacu-4_crop1.npy",-9.908047,-31.724813,9
"..\\..\\..\\..\\Correos\\2024\December\05\TRACK ALERT ID 1500 at , Serial_ T010987 Prueba Amacayacu 2024\features_0\2024-December-05_1500-Camara_Amacayacu-5_crop0.npy",-13.621623,-21.681013,9
"..\\..\\..\\..\\Correos\\2024\December\05\TRACK ALERT ID 1500 at , Serial_ T010987 Prueba Amacayacu 2024\features_0\2024-December-05_1500-Camara_Amacayacu-6_crop0.npy",-12.840771,-20.758152,9
"..\\..\\..\\..\\Correos\\2024\December\05\TRACK ALERT ID 1500 at , Serial_ T010987 Prueba Amacayacu 2024\features_0\2024-December-05_1500-Camara_Amacayacu-6_crop1.npy",-13.755395,-20.790474,9
"..\\..\\..\\..\\Correos\\2024\December\05\TRACK ALERT ID 1500 at , Serial_ T010987 Prueba Amacayacu 2024\features_0\2024-December-05_1500-Camara_Amacayacu-7_crop0.npy",-13.275895,-19.297403,9
"..\\..\\..\\..\\Correos\\2024\December\05\TRACK ALERT ID 1500 at , Serial_ T010987 Prueba Amacayacu 2024\features_0\2024-December-05_1500-Camara_Amacayacu-8_crop0.npy",-7.844223,-11.438503,8
"..\\..\\..\\..\\Correos\\2024\December\05\TRACK ALERT ID 1500 at , Serial_ T010987 Prueba Amacayacu 2024\features_0\2024-December-05_1500-Camara_Amacayacu-9_crop0.npy",2.6510324,8.233116,8
"..\\..\\..\\..\\Correos\\2024\December\05\TRACK ALERT ID 1500 at , Serial_ T010987 Prueba Amacayacu 2024\features_1\2024-December-05_1500-Camara_Amacayacu-0_crop1.npy",-10.161584,-28.26092,9
"..\\..\\..\\..\\Correos\\2024\December\05\TRACK ALERT ID 1500 at , Serial_ T010987 Prueba Amacayacu 2024\features_1\2024-December-05_1500-Camara_Amacayacu-3_crop1.npy",-7.821916,-34.07511,9
"..\\..\\..\\..\\Correos\\2024\December\05\TRACK ALERT ID 1504 at , Serial_ T010987 Prueba Amacayacu 2024\features_0\2024-December-05_1504-Camara_Amacayacu-0_crop0.npy",-14.816389,17.124298,8
"..\\..\\..\\..\\Correos\\2024\December\05\TRACK ALERT ID 1504 at , Serial_ T010987 Prueba Amacayacu 2024\features_1\2024-December-05_1504-Camara_Amacayacu-0_crop0.npy",-20.59088,24.441689,0
"..\\..\\..\\..\\Correos\\2024\December\05\TRACK ALERT ID 1504 at , Serial_ T010987 Prueba Amacayacu 2024\features_0\2024-December-05_1504-Camara_Amacayacu-0_crop1.npy",-16.880693,18.296898,0
"..\\..\\..\\..\\Correos\\2024\December\05\TRACK ALERT ID 1504 at , Serial_ T010987 Prueba Amacayacu 2024\features_1\2024-December-05_1504-Camara_Amacayacu-0_crop1.npy",-20.803219,24.520739,0
"..\\..\\..\\..\\Correos\\2024\December\05\TRACK ALERT ID 1504 at , Serial_ T010987 Prueba Amacayacu 2024\features_0\2024-December-05_1504-Camara_Amacayacu-1_crop0.npy",-17.55396,18.30801,0
"..\\..\\..\\..\\Correos\\2024\December\05\TRACK ALERT ID 1504 at , Serial_ T010987 Prueba Amacayacu 2024\features_0\2024-December-05_1504-Camara_Amacayacu-2_crop0.npy",-18.27861,19.14918,0
"..\\..\\..\\..\\Correos\\2024\December\05\TRACK ALERT ID 1504 at , Serial_ T010987 Prueba Amacayacu 2024\features_1\2024-December-05_1504-Camara_Amacayacu-2_crop0.npy",-14.733616,21.407818,0
"..\\..\\..\\..\\Correos\\2024\December\05\TRACK ALERT ID 1504 at , Serial_ T010987 Prueba Amacayacu 2024\features_0\2024-December-05_1504-Camara_Amacayacu-3_crop0.npy",-18.640198,19.81088,0
"..\\..\\..\\..\\Correos\\2024\December\05\TRACK ALERT ID 1504 at , Serial_ T010987 Prueba Amacayacu 2024\features_1\2024-December-05_1504-Camara_Amacayacu-3_crop0.npy",-14.997555,21.587065,0
"..\\..\\..\\..\\Correos\\2024\December\05\TRACK ALERT ID 1504 at , Serial_ T010987 Prueba Amacayacu 2024\features_1\2024-December-05_1504-Camara_Amacayacu-4_crop0.npy",-17.816614,22.548342,0
"..\\..\\..\\..\\Correos\\2024\December\05\TRACK ALERT ID 1504 at , Serial_ T010987 Prueba Amacayacu 2024\features_1\2024-December-05_1504-Camara_Amacayacu-4_crop1.npy",-17.910263,22.568802,0
"..\\..\\..\\..\\Correos\\2024\December\05\TRACK ALERT ID 1504 at , Serial_ T010987 Prueba Amacayacu 2024\features_1\2024-December-05_1504-Camara_Amacayacu-5_crop0.npy",-20.712757,21.237787,0
"..\\..\\..\\..\\Correos\\2024\December\05\TRACK ALERT ID 1509 at , Serial_ T010987 Prueba Amacayacu 2024\features_0\2024-December-05_1509-Camara_Amacayacu-0_crop0.npy",-23.120543,-1.1021831,8
"..\\..\\..\\..\\Correos\\2024\December\05\TRACK ALERT ID 1509 at , Serial_ T010987 Prueba Amacayacu 2024\features_1\2024-December-05_1509-Camara_Amacayacu-0_crop0.npy",-26.178474,-4.301198,8
"..\\..\\..\\..\\Correos\\2024\December\05\TRACK ALERT ID 1509 at , Serial_ T010987 Prueba Amacayacu 2024\features_2\2024-December-05_1509-Camara_Amacayacu-0_crop0.npy",-21.500952,20.002762,0
"..\\..\\..\\..\\Correos\\2024\December\05\TRACK ALERT ID 1509 at , Serial_ T010987 Prueba Amacayacu 2024\features_3\2024-December-05_1509-Camara_Amacayacu-0_crop0.npy",-21.500929,20.002722,0
"..\\..\\..\\..\\Correos\\2024\December\05\TRACK ALERT ID 1509 at , Serial_ T010987 Prueba Amacayacu 2024\features_0\2024-December-05_1509-Camara_Amacayacu-0_crop1.npy",-30.50012,-1.814214,0
"..\\..\\..\\..\\Correos\\2024\December\05\TRACK ALERT ID 1509 at , Serial_ T010987 Prueba Amacayacu 2024\features_0\2024-December-05_1509-Camara_Amacayacu-1_crop0.npy",-20.654613,-20.71756,9
"..\\..\\..\\..\\Correos\\2024\December\05\TRACK ALERT ID 1509 at , Serial_ T010987 Prueba Amacayacu 2024\features_1\2024-December-05_1509-Camara_Amacayacu-1_crop0.npy",-24.36928,-3.9709346,8
"..\\..\\..\\..\\Correos\\2024\December\05\TRACK ALERT ID 1509 at , Serial_ T010987 Prueba Amacayacu 2024\features_2\2024-December-05_1509-Camara_Amacayacu-1_crop0.npy",-26.553482,0.57119066,0
"..\\..\\..\\..\\Correos\\2024\December\05\TRACK ALERT ID 1509 at , Serial_ T010987 Prueba Amacayacu 2024\features_3\2024-December-05_1509-Camara_Amacayacu-1_crop0.npy",-26.553757,0.5702637,0
"..\\..\\..\\..\\Correos\\2024\December\05\TRACK ALERT ID 1509 at , Serial_ T010987 Prueba Amacayacu 2024\features_0\2024-December-05_1509-Camara_Amacayacu-2_crop0.npy",-14.054619,-25.668581,9
"..\\..\\..\\..\\Correos\\2024\December\05\TRACK ALERT ID 1509 at , Serial_ T010987 Prueba Amacayacu 2024\features_1\2024-December-05_1509-Camara_Amacayacu-2_crop0.npy",-24.51672,-5.0589066,8
"..\\..\\..\\..\\Correos\\2024\December\05\TRACK ALERT ID 1509 at , Serial_ T010987 Prueba Amacayacu 2024\features_2\2024-December-05_1509-Camara_Amacayacu-2_crop0.npy",-25.17556,-2.2813492,8
"..\\..\\..\\..\\Correos\\2024\December\05\TRACK ALERT ID 1509 at , Serial_ T010987 Prueba Amacayacu 2024\features_3\2024-December-05_1509-Camara_Amacayacu-2_crop0.npy",-25.175793,-2.2815566,8
"..\\..\\..\\..\\Correos\\2024\December\05\TRACK ALERT ID 1509 at , Serial_ T010987 Prueba Amacayacu 2024\features_0\2024-December-05_1509-Camara_Amacayacu-3_crop0.npy",-17.924925,-22.4325,9
"..\\..\\..\\..\\Correos\\2024\December\05\TRACK ALERT ID 1509 at , Serial_ T010987 Prueba Amacayacu 2024\features_1\2024-December-05_1509-Camara_Amacayacu-3_crop0.npy",-23.120543,-1.1021831,8
"..\\..\\..\\..\\Correos\\2024\December\05\TRACK ALERT ID 1509 at , Serial_ T010987 Prueba Amacayacu 2024\features_2\2024-December-05_1509-Camara_Amacayacu-3_crop0.npy",-26.178474,-4.301198,8
"..\\..\\..\\..\\Correos\\2024\December\05\TRACK ALERT ID 1509 at , Serial_ T010987 Prueba Amacayacu 2024\features_3\2024-December-05_1509-Camara_Amacayacu-3_crop0.npy",-26.178474,-4.301198,8
"..\\..\\..\\..\\Correos\\2024\December\05\TRACK ALERT ID 1509 at , Serial_ T010987 Prueba Amacayacu 2024\features_0\2024-December-05_1509-Camara_Amacayacu-4_crop0.npy",-15.189571,-29.06329,9
"..\\..\\..\\..\\Correos\\2024\December\05\TRACK ALERT ID 1509 at , Serial_ T010987 Prueba Amacayacu 2024\features_1\2024-December-05_1509-Camara_Amacayacu-4_crop0.npy",-20.654613,-20.71756,9
"..\\..\\..\\..\\Correos\\2024\December\05\TRACK ALERT ID 1509 at , Serial_ T010987 Prueba Amacayacu 2024\features_0\2024-December-05_1509-Camara_Amacayacu-5_crop0.npy",-13.957134,-30.91042,9
"..\\..\\..\\..\\Correos\\2024\December\05\TRACK ALERT ID 1509 at , Serial_ T010987 Prueba Amacayacu 2024\features_1\2024-December-05_1509-Camara_Amacayacu-5_crop0.npy",-14.054619,-25.668581,9
"..\\..\\..\\..\\Correos\\2024\December\05\TRACK ALERT ID 1509 at , Serial_ T010987 Prueba Amacayacu 2024\features_0\2024-December-05_1509-Camara_Amacayacu-5_crop1.npy",-15.086902,-31.70444,9
"..\\..\\..\\..\\Correos\\2024\December\05\TRACK ALERT ID 1509 at , Serial_ T010987 Prueba Amacayacu 2024\features_0\2024-December-05_1509-Camara_Amacayacu-6_crop0.npy",-16.32822,-26.418358,9
"..\\..\\..\\..\\Correos\\2024\December\05\TRACK ALERT ID 1509 at , Serial_ T010987 Prueba Amacayacu 2024\features_1\2024-December-05_1509-Camara_Amacayacu-6_crop0.npy",-17.924925,-22.4325,9
"..\\..\\..\\..\\Correos\\2024\December\05\TRACK ALERT ID 1509 at , Serial_ T010987 Prueba Amacayacu 2024\features_0\2024-December-05_1509-Camara_Amacayacu-7_crop0.npy",-15.905395,-24.653952,9
"..\\..\\..\\..\\Correos\\2024\December\05\TRACK ALERT ID 1509 at , Serial_ T010987 Prueba Amacayacu 2024\features_1\2024-December-05_1509-Camara_Amacayacu-7_crop0.npy",-15.189571,-29.06329,9
"..\\..\\..\\..\\Correos\\2024\December\05\TRACK ALERT ID 1509 at , Serial_ T010987 Prueba Amacayacu 2024\features_0\2024-December-05_1509-Camara_Amacayacu-8_crop0.npy",-23.878323,-6.411561,8
"..\\..\\..\\..\\Correos\\2024\December\05\TRACK ALERT ID 1509 at , Serial_ T010987 Prueba Amacayacu 2024\features_1\2024-December-05_1509-Camara_Amacayacu-8_crop0.npy",-14.164615,-30.707695,9
"..\\..\\..\\..\\Correos\\2024\December\05\TRACK ALERT ID 1509 at , Serial_ T010987 Prueba Amacayacu 2024\features_0\2024-December-05_1509-Camara_Amacayacu-9_crop0.npy",-17.91837,-18.411102,9
"..\\..\\..\\..\\Correos\\2024\December\05\TRACK ALERT ID 1509 at , Serial_ T010987 Prueba Amacayacu 2024\features_1\2024-December-05_1509-Camara_Amacayacu-9_crop0.npy",-16.32822,-26.418358,9
"..\\..\\..\\..\\Correos\\2024\December\05\TRACK ALERT ID 1509 at , Serial_ T010987 Prueba Amacayacu 2024\features_0\2024-December-05_1509-Camara_Amacayacu-9_crop1.npy",-17.32816,-19.491014,9
"..\\..\\..\\..\\Correos\\2024\December\05\TRACK ALERT ID 1509 at , Serial_ T010987 Prueba Amacayacu 2024\features_1\2024-December-05_1509-Camara_Amacayacu-3_crop1.npy",-30.50012,-1.814214,0
"..\\..\\..\\..\\Correos\\2024\December\05\TRACK ALERT ID 1509 at , Serial_ T010987 Prueba Amacayacu 2024\features_1\2024-December-05_1509-Camara_Amacayacu-8_crop1.npy",-15.086902,-31.70444,9
"..\\..\\..\\..\\Correos\\2024\December\05\TRACK ALERT ID 1523,1524,1527 at , Serial_ T010987 Prueba Amacayacu 2024\features_0\2024-December-05_1523-Camara_Amacayacu-0_crop0.npy",-59.304146,-34.26661,7
"..\\..\\..\\..\\Correos\\2024\December\05\TRACK ALERT ID 1523,1524,1527 at , Serial_ T010987 Prueba Amacayacu 2024\features_0\2024-December-05_1523-Camara_Amacayacu-1_crop0.npy",-26.470825,19.580954,0
"..\\..\\..\\..\\Correos\\2024\December\05\TRACK ALERT ID 1523,1524,1527 at , Serial_ T010987 Prueba Amacayacu 2024\features_0\2024-December-05_1523-Camara_Amacayacu-1_crop1.npy",-47.825466,-16.562788,7
"..\\..\\..\\..\\Correos\\2024\December\05\TRACK ALERT ID 1523,1524,1527 at , Serial_ T010987 Prueba Amacayacu 2024\features_0\2024-December-05_1523-Camara_Amacayacu-2_crop0.npy",-47.543922,-15.254032,7
"..\\..\\..\\..\\Correos\\2024\December\05\TRACK ALERT ID 1523,1524,1527 at , Serial_ T010987 Prueba Amacayacu 2024\features_0\2024-December-05_1523-Camara_Amacayacu-2_crop1.npy",-23.059029,29.74974,0
"..\\..\\..\\..\\Correos\\2024\December\05\TRACK ALERT ID 1523,1524,1527 at , Serial_ T010987 Prueba Amacayacu 2024\features_0\2024-December-05_1523-Camara_Amacayacu-3_crop0.npy",-47.713833,-14.600923,7
"..\\..\\..\\..\\Correos\\2024\December\05\TRACK ALERT ID 1523,1524,1527 at , Serial_ T010987 Prueba Amacayacu 2024\features_0\2024-December-05_1523-Camara_Amacayacu-3_crop1.npy",-23.776897,28.860676,0
"..\\..\\..\\..\\Correos\\2024\December\05\TRACK ALERT ID 1523,1524,1527 at , Serial_ T010987 Prueba Amacayacu 2024\features_0\2024-December-05_1523-Camara_Amacayacu-4_crop0.npy",-23.869223,28.448305,0
"..\\..\\..\\..\\Correos\\2024\December\05\TRACK ALERT ID 1523,1524,1527 at , Serial_ T010987 Prueba Amacayacu 2024\features_0\2024-December-05_1523-Camara_Amacayacu-4_crop1.npy",-46.240704,-16.297655,7
"..\\..\\..\\..\\Correos\\2024\December\05\TRACK ALERT ID 1523,1524,1527 at , Serial_ T010987 Prueba Amacayacu 2024\features_0\2024-December-05_1523-Camara_Amacayacu-5_crop0.npy",-37.434624,19.751896,0
"..\\..\\..\\..\\Correos\\2024\December\05\TRACK ALERT ID 1523,1524,1527 at , Serial_ T010987 Prueba Amacayacu 2024\features_0\2024-December-05_1523-Camara_Amacayacu-5_crop1.npy",-21.765625,27.907845,0
"..\\..\\..\\..\\Correos\\2024\December\05\TRACK ALERT ID 1523,1524,1527 at , Serial_ T010987 Prueba Amacayacu 2024\features_0\2024-December-05_1523-Camara_Amacayacu-5_crop2.npy",-21.55734,27.690025,0
"..\\..\\..\\..\\Correos\\2024\December\05\TRACK ALERT ID 1523,1524,1527 at , Serial_ T010987 Prueba Amacayacu 2024\features_0\2024-December-05_1524-Camara_Amacayacu-6_crop0.npy",-14.253431,26.040201,0
"..\\..\\..\\..\\Correos\\2024\December\05\TRACK ALERT ID 1523,1524,1527 at , Serial_ T010987 Prueba Amacayacu 2024\features_0\2024-December-05_1524-Camara_Amacayacu-6_crop1.npy",-35.027462,19.550686,0
"..\\..\\..\\..\\Correos\\2024\December\05\TRACK ALERT ID 1523,1524,1527 at , Serial_ T010987 Prueba Amacayacu 2024\features_0\2024-December-05_1524-Camara_Amacayacu-6_crop2.npy",-14.147413,26.008308,0
"..\\..\\..\\..\\Correos\\2024\December\05\TRACK ALERT ID 1523,1524,1527 at , Serial_ T010987 Prueba Amacayacu 2024\features_0\2024-December-05_1524-Camara_Amacayacu-6_crop3.npy",-35.20872,19.737741,0
"..\\..\\..\\..\\Correos\\2024\December\05\TRACK ALERT ID 1523,1524,1527 at , Serial_ T010987 Prueba Amacayacu 2024\features_0\2024-December-05_1527-Camara_Amacayacu-7_crop0.npy",-13.291904,26.202713,0
"..\\..\\..\\..\\Correos\\2024\December\05\TRACK ALERT ID 1523,1524,1527 at , Serial_ T010987 Prueba Amacayacu 2024\features_0\2024-December-05_1527-Camara_Amacayacu-7_crop1.npy",-33.780346,19.039919,0
"..\\..\\..\\..\\Correos\\2024\December\05\TRACK ALERT ID 1529 at , Serial_ T010987 Prueba Amacayacu 2024\features_0\2024-December-05_1529-Camara_Amacayacu-0_crop0.npy",33.02549,37.143017,6
"..\\..\\..\\..\\Correos\\2024\December\05\TRACK ALERT ID 1529 at , Serial_ T010987 Prueba Amacayacu 2024\features_2\2024-December-05_1529-Camara_Amacayacu-0_crop0.npy",33.306515,38.359257,6
"..\\..\\..\\..\\Correos\\2024\December\05\TRACK ALERT ID 1529 at , Serial_ T010987 Prueba Amacayacu 2024\features_0\2024-December-05_1529-Camara_Amacayacu-1_crop0.npy",33.42305,36.621655,6
"..\\..\\..\\..\\Correos\\2024\December\05\TRACK ALERT ID 1529 at , Serial_ T010987 Prueba Amacayacu 2024\features_2\2024-December-05_1529-Camara_Amacayacu-1_crop0.npy",37.36252,36.06536,6
"..\\..\\..\\..\\Correos\\2024\December\05\TRACK ALERT ID 1529 at , Serial_ T010987 Prueba Amacayacu 2024\features_0\2024-December-05_1529-Camara_Amacayacu-2_crop0.npy",32.154324,38.157,6
"..\\..\\..\\..\\Correos\\2024\December\05\TRACK ALERT ID 1529 at , Serial_ T010987 Prueba Amacayacu 2024\features_2\2024-December-05_1529-Camara_Amacayacu-2_crop0.npy",35.043392,35.723587,6
"..\\..\\..\\..\\Correos\\2024\December\05\TRACK ALERT ID 1529 at , Serial_ T010987 Prueba Amacayacu 2024\features_0\2024-December-05_1529-Camara_Amacayacu-3_crop0.npy",31.927938,36.268276,6
"..\\..\\..\\..\\Correos\\2024\December\05\TRACK ALERT ID 1529 at , Serial_ T010987 Prueba Amacayacu 2024\features_2\2024-December-05_1529-Camara_Amacayacu-3_crop0.npy",32.24703,37.410763,6
"..\\..\\..\\..\\Correos\\2024\December\05\TRACK ALERT ID 1530 at , Serial_ T010987 Prueba Amacayacu 2024\features_1\2024-December-05_1530-Camara_Amacayacu-1_crop0.npy",18.424528,-12.153348,8
"..\\..\\..\\..\\Correos\\2024\December\05\TRACK ALERT ID 1530 at , Serial_ T010987 Prueba Amacayacu 2024\features_1\2024-December-05_1530-Camara_Amacayacu-2_crop0.npy",34.31217,34.673367,6
"..\\..\\..\\..\\Correos\\2024\December\05\TRACK ALERT ID 1587 at , Serial_ T010987 Prueba Amacayacu 2024\features_0\2024-December-05_1587-Camara_Amacayacu-1_crop0.npy",-48.998974,2.5309525,3
"..\\..\\..\\..\\Correos\\2024\December\05\TRACK ALERT ID 1588 at , Serial_ T010987 Prueba Amacayacu 2024\features_2\2024-December-05_1587-Camara_Amacayacu-1_crop0.npy",-48.998974,2.5309525,3
"..\\..\\..\\..\\Correos\\2024\December\05\TRACK ALERT ID 1601 at , Serial_ T010987 Prueba Amacayacu 2024\features_0\2024-December-05_1601-Camara_Amacayacu-3_crop0.npy",41.796288,26.87632,6
"..\\..\\..\\..\\Correos\\2024\December\05\TRACK ALERT ID 1601 at , Serial_ T010987 Prueba Amacayacu 2024\features_3\2024-December-05_1601-Camara_Amacayacu-3_crop0.npy",22.6471,31.142767,6
"..\\..\\..\\..\\Correos\\2024\December\05\TRACK ALERT ID 1601 at , Serial_ T010987 Prueba Amacayacu 2024\features_4\2024-December-05_1601-Camara_Amacayacu-3_crop0.npy",22.453594,31.793245,6
"..\\..\\..\\..\\Correos\\2024\December\05\TRACK ALERT ID 1601 at , Serial_ T010987 Prueba Amacayacu 2024\features_0\2024-December-05_1601-Camara_Amacayacu-4_crop0.npy",40.255405,26.879717,6
"..\\..\\..\\..\\Correos\\2024\December\05\TRACK ALERT ID 1601 at , Serial_ T010987 Prueba Amacayacu 2024\features_3\2024-December-05_1601-Camara_Amacayacu-4_crop0.npy",19.822775,32.059834,6
"..\\..\\..\\..\\Correos\\2024\December\05\TRACK ALERT ID 1601 at , Serial_ T010987 Prueba Amacayacu 2024\features_4\2024-December-05_1601-Camara_Amacayacu-4_crop0.npy",19.595657,31.677647,6
"..\\..\\..\\..\\Correos\\2024\December\05\TRACK ALERT ID 1601 at , Serial_ T010987 Prueba Amacayacu 2024\features_0\2024-December-05_1601-Camara_Amacayacu-6_crop0.npy",49.150146,18.736982,1
"..\\..\\..\\..\\Correos\\2024\December\05\TRACK ALERT ID 1601 at , Serial_ T010987 Prueba Amacayacu 2024\features_0\2024-December-05_1601-Camara_Amacayacu-8_crop0.npy",49.322857,17.149853,1
"..\\..\\..\\..\\Correos\\2024\December\05\TRACK ALERT ID 1601 at , Serial_ T010987 Prueba Amacayacu 2024\features_1\2024-December-05_1601-Camara_Amacayacu-7_crop0.npy",24.019674,29.840553,6
"..\\..\\..\\..\\Correos\\2024\December\05\TRACK ALERT ID 1601 at , Serial_ T010987 Prueba Amacayacu 2024\features_2\2024-December-05_1601-Camara_Amacayacu-7_crop0.npy",24.019674,29.840553,6
"..\\..\\..\\..\\Correos\\2024\December\05\TRACK ALERT ID 1601 at , Serial_ T010987 Prueba Amacayacu 2024\features_1\2024-December-05_1601-Camara_Amacayacu-9_crop0.npy",21.216215,30.630014,6
"..\\..\\..\\..\\Correos\\2024\December\05\TRACK ALERT ID 1601 at , Serial_ T010987 Prueba Amacayacu 2024\features_2\2024-December-05_1601-Camara_Amacayacu-9_crop0.npy",21.216215,30.630014,6
"..\\..\\..\\..\\Correos\\2024\December\05\TRACK ALERT ID 1601 at , Serial_ T010987 Prueba Amacayacu 2024\features_3\2024-December-05_1601-Camara_Amacayacu-1_crop0.npy",21.26777,31.654736,6
"..\\..\\..\\..\\Correos\\2024\December\05\TRACK ALERT ID 1601 at , Serial_ T010987 Prueba Amacayacu 2024\features_4\2024-December-05_1601-Camara_Amacayacu-1_crop0.npy",21.216215,30.630014,6
"..\\..\\..\\..\\Correos\\2024\December\05\TRACK ALERT ID 1601 at , Serial_ T010987 Prueba Amacayacu 2024\features_3\2024-December-05_1601-Camara_Amacayacu-2_crop0.npy",22.400673,29.22175,6
"..\\..\\..\\..\\Correos\\2024\December\05\TRACK ALERT ID 1601 at , Serial_ T010987 Prueba Amacayacu 2024\features_4\2024-December-05_1601-Camara_Amacayacu-2_crop0.npy",22.400673,29.22175,6
"..\\..\\..\\..\\Correos\\2024\December\05\TRACK ALERT ID 1601,1605,1607 at , Serial_ T010987 Prueba Amacayacu 2024\features_0\2024-December-05_1601-Camara_Amacayacu-0_crop0.npy",49.322857,17.149853,1
"..\\..\\..\\..\\Correos\\2024\December\05\TRACK ALERT ID 1601,1605,1607 at , Serial_ T010987 Prueba Amacayacu 2024\features_0\2024-December-05_1601-Camara_Amacayacu-5_crop0.npy",21.16141,-30.572264,2
"..\\..\\..\\..\\Correos\\2024\December\05\TRACK ALERT ID 1610,1611 at , Serial_ T010987 Prueba Amacayacu 2024\features_0\2024-December-05_1610-Camara_Amacayacu-2_crop0.npy",16.581123,23.909842,6
"..\\..\\..\\..\\Correos\\2024\December\05\TRACK ALERT ID 1610,1611 at , Serial_ T010987 Prueba Amacayacu 2024\features_0\2024-December-05_1610-Camara_Amacayacu-9_crop0.npy",19.948502,28.804256,6
"..\\..\\..\\..\\Correos\\2024\December\05\TRACK ALERT ID 1610,1612 at , Serial_ T010987 Prueba Amacayacu 2024\features_0\2024-December-05_1610-Camara_Amacayacu-0_crop0.npy",19.948502,28.804256,6
"..\\..\\..\\..\\Correos\\2024\December\05\TRACK ALERT ID 1610,1612 at , Serial_ T010987 Prueba Amacayacu 2024\features_0\2024-December-05_1610-Camara_Amacayacu-7_crop0.npy",17.859798,25.312962,6
"..\\..\\..\\..\\Correos\\2024\December\05\TRACK ALERT ID 1618 at , Serial_ T010987 Prueba Amacayacu 2024\features_2\2024-December-05_1618-Camara_Amacayacu-8_crop0.npy",18.786968,-35.08096,2
"..\\..\\..\\..\\Correos\\2024\December\05\TRACK ALERT ID 1623,1625 at , Serial_ T010987 Prueba Amacayacu 2024\features_0\2024-December-05_1623-Camara_Amacayacu-1_crop0.npy",19.125845,30.51876,6
"..\\..\\..\\..\\Correos\\2024\December\05\TRACK ALERT ID 1652,1653,1654 at , Serial_ T010987 Prueba Amacayacu 2024\features_0\2024-December-05_1653-Camara_Amacayacu-1_crop0.npy",-57.90621,24.248384,3
"..\\..\\..\\..\\Correos\\2024\December\05\TRACK ALERT ID 1676 at , Serial_ T010987 Prueba Amacayacu 2024\features_2\2024-December-05_1676-Camara_Amacayacu-0_crop0.npy",-22.681513,-41.7661,9
"..\\..\\..\\..\\Correos\\2024\December\05\TRACK ALERT ID 1679,1680 at , Serial_ T010987 Prueba Amacayacu 2024\features_0\2024-December-05_1679-Camara_Amacayacu-0_crop0.npy",-60.47571,-38.334892,7
"..\\..\\..\\..\\Correos\\2024\December\05\TRACK ALERT ID 1679,1680 at , Serial_ T010987 Prueba Amacayacu 2024\features_0\2024-December-05_1679-Camara_Amacayacu-0_crop1.npy",-59.936043,-36.393333,7
"..\\..\\..\\..\\Correos\\2024\December\05\TRACK ALERT ID 1679,1680 at , Serial_ T010987 Prueba Amacayacu 2024\features_0\2024-December-05_1679-Camara_Amacayacu-0_crop2.npy",-60.41192,-37.200665,7
"..\\..\\..\\..\\Correos\\2024\December\05\TRACK ALERT ID 1679,1680 at , Serial_ T010987 Prueba Amacayacu 2024\features_0\2024-December-05_1679-Camara_Amacayacu-1_crop0.npy",-43.6326,22.272043,0
"..\\..\\..\\..\\Correos\\2024\December\05\TRACK ALERT ID 1679,1680 at , Serial_ T010987 Prueba Amacayacu 2024\features_0\2024-December-05_1679-Camara_Amacayacu-2_crop0.npy",-42.716156,21.772228,0
"..\\..\\..\\..\\Correos\\2024\December\05\TRACK ALERT ID 1679,1680 at , Serial_ T010987 Prueba Amacayacu 2024\features_0\2024-December-05_1679-Camara_Amacayacu-3_crop0.npy",-41.430145,20.736856,0
"..\\..\\..\\..\\Correos\\2024\December\05\TRACK ALERT ID 1679,1680 at , Serial_ T010987 Prueba Amacayacu 2024\features_0\2024-December-05_1679-Camara_Amacayacu-4_crop0.npy",-40.25422,21.20498,0
"..\\..\\..\\..\\Correos\\2024\December\05\TRACK ALERT ID 1679,1680 at , Serial_ T010987 Prueba Amacayacu 2024\features_0\2024-December-05_1679-Camara_Amacayacu-4_crop1.npy",-40.309902,20.822884,0
"..\\..\\..\\..\\Correos\\2024\December\05\TRACK ALERT ID 1679,1680 at , Serial_ T010987 Prueba Amacayacu 2024\features_0\2024-December-05_1680-Camara_Amacayacu-5_crop0.npy",-33.88521,14.521607,0
"..\\..\\..\\..\\Correos\\2024\December\05\TRACK ALERT ID 1679,1680 at , Serial_ T010987 Prueba Amacayacu 2024\features_0\2024-December-05_1680-Camara_Amacayacu-5_crop1.npy",-33.884098,14.436941,0
"..\\..\\..\\..\\Correos\\2024\December\05\TRACK ALERT ID 1684,1685 at , Serial_ T010987 Prueba Amacayacu 2024\features_0\2024-December-05_1684-Camara_Amacayacu-0_crop0.npy",-55.308292,-44.063538,7
"..\\..\\..\\..\\Correos\\2024\December\05\TRACK ALERT ID 1684,1685 at , Serial_ T010987 Prueba Amacayacu 2024\features_0\2024-December-05_1684-Camara_Amacayacu-1_crop0.npy",-36.27381,17.050154,0
"..\\..\\..\\..\\Correos\\2024\December\05\TRACK ALERT ID 1684,1685 at , Serial_ T010987 Prueba Amacayacu 2024\features_0\2024-December-05_1684-Camara_Amacayacu-1_crop1.npy",-36.196014,16.49647,0
"..\\..\\..\\..\\Correos\\2024\December\05\TRACK ALERT ID 1684,1685 at , Serial_ T010987 Prueba Amacayacu 2024\features_0\2024-December-05_1684-Camara_Amacayacu-2_crop0.npy",-37.128014,15.555907,0
"..\\..\\..\\..\\Correos\\2024\December\05\TRACK ALERT ID 1684,1685 at , Serial_ T010987 Prueba Amacayacu 2024\features_0\2024-December-05_1684-Camara_Amacayacu-2_crop1.npy",-36.855125,15.239211,0
"..\\..\\..\\..\\Correos\\2024\December\05\TRACK ALERT ID 1684,1685 at , Serial_ T010987 Prueba Amacayacu 2024\features_0\2024-December-05_1684-Camara_Amacayacu-3_crop0.npy",-38.032383,17.146648,0
"..\\..\\..\\..\\Correos\\2024\December\05\TRACK ALERT ID 1684,1685 at , Serial_ T010987 Prueba Amacayacu 2024\features_0\2024-December-05_1684-Camara_Amacayacu-4_crop0.npy",-38.932953,15.672811,0
"..\\..\\..\\..\\Correos\\2024\December\05\TRACK ALERT ID 1684,1685 at , Serial_ T010987 Prueba Amacayacu 2024\features_0\2024-December-05_1685-Camara_Amacayacu-5_crop0.npy",-23.835236,27.111801,0
"..\\..\\..\\..\\Correos\\2024\December\05\TRACK ALERT ID 1684,1685 at , Serial_ T010987 Prueba Amacayacu 2024\features_0\2024-December-05_preset-Camara_Amacayacu-6_crop0.npy",-22.841824,26.537014,0
"..\\..\\..\\..\\Correos\\2024\December\05\TRACK ALERT ID 1692,1693 at , Serial_ T010987 Prueba Amacayacu 2024\features_0\2024-December-05_1692-Camara_Amacayacu-0_crop0.npy",-61.056896,-41.70611,7
"..\\..\\..\\..\\Correos\\2024\December\05\TRACK ALERT ID 1696 at , Serial_ T010987 Prueba Amacayacu 2024\features_0\2024-December-05_1696-Camara_Amacayacu-2_crop0.npy",16.234848,-16.371063,8
"..\\..\\..\\..\\Correos\\2024\December\05\TRACK ALERT ID 1886 at , Serial_ T010987 Prueba Amacayacu 2024\features_0\2024-December-05_1886-Camara_Amacayacu-1_crop0.npy",-38.70204,19.007545,0
"..\\..\\..\\..\\Correos\\2024\December\05\TRACK ALERT ID 1886 at , Serial_ T010987 Prueba Amacayacu 2024\features_0\2024-December-05_1886-Camara_Amacayacu-1_crop1.npy",-38.655056,19.170015,0
"..\\..\\..\\..\\Correos\\2024\December\18\TRACK ALERT ID 1985 at , Serial_ T010987 Prueba Amacayacu 2024\features_0\2024-December-18_1985-Camara_Amacayacu-0_crop0.npy",-37.147396,-1.3090645,0
"..\\..\\..\\..\\Correos\\2024\December\18\TRACK ALERT ID 1985 at , Serial_ T010987 Prueba Amacayacu 2024\features_0\2024-December-18_1985-Camara_Amacayacu-0_crop1.npy",-11.233994,38.104115,0
"..\\..\\..\\..\\Correos\\2024\December\18\TRACK ALERT ID 1985 at , Serial_ T010987 Prueba Amacayacu 2024\features_0\2024-December-18_1985-Camara_Amacayacu-0_crop2.npy",-37.30519,-1.2624893,0
"..\\..\\..\\..\\Correos\\2024\December\18\TRACK ALERT ID 1985 at , Serial_ T010987 Prueba Amacayacu 2024\features_0\2024-December-18_1985-Camara_Amacayacu-1_crop0.npy",-12.065225,38.070473,0
"..\\..\\..\\..\\Correos\\2024\December\18\TRACK ALERT ID 1985 at , Serial_ T010987 Prueba Amacayacu 2024\features_1\2024-December-18_1985-Camara_Amacayacu-1_crop0.npy",-13.8493185,37.64265,0
"..\\..\\..\\..\\Correos\\2024\December\18\TRACK ALERT ID 1985 at , Serial_ T010987 Prueba Amacayacu 2024\features_0\2024-December-18_1985-Camara_Amacayacu-1_crop1.npy",-38.9481,-0.7004061,0
"..\\..\\..\\..\\Correos\\2024\December\18\TRACK ALERT ID 1985 at , Serial_ T010987 Prueba Amacayacu 2024\features_1\2024-December-18_1985-Camara_Amacayacu-1_crop1.npy",-41.001823,-1.4618506,3
"..\\..\\..\\..\\Correos\\2024\December\18\TRACK ALERT ID 1985 at , Serial_ T010987 Prueba Amacayacu 2024\features_1\2024-December-18_1985-Camara_Amacayacu-1_crop2.npy",-37.597233,-37.906105,9
"..\\..\\..\\..\\Correos\\2024\December\18\TRACK ALERT ID 1985 at , Serial_ T010987 Prueba Amacayacu 2024\features_1\2024-December-18_1985-Camara_Amacayacu-2_crop0.npy",-38.66433,-2.493677,0
"..\\..\\..\\..\\Correos\\2024\December\18\TRACK ALERT ID 1985 at , Serial_ T010987 Prueba Amacayacu 2024\features_1\2024-December-18_1985-Camara_Amacayacu-2_crop1.npy",-12.473946,36.778984,0
"..\\..\\..\\..\\Correos\\2024\December\18\TRACK ALERT ID 1985 at , Serial_ T010987 Prueba Amacayacu 2024\features_1\2024-December-18_1985-Camara_Amacayacu-3_crop0.npy",-13.668195,37.407036,0
"..\\..\\..\\..\\Correos\\2024\December\18\TRACK ALERT ID 1985 at , Serial_ T010987 Prueba Amacayacu 2024\features_1\2024-December-18_1985-Camara_Amacayacu-3_crop1.npy",-40.61274,-1.5062513,3
"..\\..\\..\\..\\Correos\\2024\December\18\TRACK ALERT ID 1985 at , Serial_ T010987 Prueba Amacayacu 2024\features_1\2024-December-18_1985-Camara_Amacayacu-4_crop0.npy",-11.963648,36.37647,0
"..\\..\\..\\..\\Correos\\2024\December\18\TRACK ALERT ID 1985 at , Serial_ T010987 Prueba Amacayacu 2024\features_1\2024-December-18_1985-Camara_Amacayacu-4_crop1.npy",-39.856373,-2.4228394,3
"..\\..\\..\\..\\Correos\\2024\December\18\TRACK ALERT ID 1988 at , Serial_ T010987 Prueba Amacayacu 2024\features_0\2024-December-18_1988-Camara_Amacayacu-0_crop0.npy",-32.209965,10.014605,0
"..\\..\\..\\..\\Correos\\2024\December\18\TRACK ALERT ID 1999 at , Serial_ T010987 Prueba Amacayacu 2024\features_0\2024-December-18_1999-Camara_Amacayacu-0_crop0.npy",38.47356,9.294933,1
"..\\..\\..\\..\\Correos\\2024\December\18\TRACK ALERT ID 2000 at , Serial_ T010987 Prueba Amacayacu 2024\features_0\2024-December-18_2000-Camara_Amacayacu-0_crop0.npy",-22.394098,0.5205412,8
"..\\..\\..\\..\\Correos\\2024\December\18\TRACK ALERT ID 2000 at , Serial_ T010987 Prueba Amacayacu 2024\features_0\2024-December-18_2000-Camara_Amacayacu-1_crop0.npy",-22.02241,1.3752056,8
"..\\..\\..\\..\\Correos\\2024\December\18\TRACK ALERT ID 2017 at , Serial_ T010987 Prueba Amacayacu 2024\features_2\2024-December-18_2017-Camara_Amacayacu-0_crop0.npy",-20.774427,6.357164,8
"..\\..\\..\\..\\Correos\\2024\December\18\TRACK ALERT ID 2017 at , Serial_ T010987 Prueba Amacayacu 2024\features_2\2024-December-18_2017-Camara_Amacayacu-1_crop0.npy",-12.8576355,11.798317,8
"..\\..\\..\\..\\Correos\\2024\December\18\TRACK ALERT ID 2020 at , Serial_ T010987 Prueba Amacayacu 2024\features_0\2024-December-18_2020-Camara_Amacayacu-1_crop0.npy",-17.788181,29.374575,0
"..\\..\\..\\..\\Correos\\2024\December\18\TRACK ALERT ID 2020 at , Serial_ T010987 Prueba Amacayacu 2024\features_0\2024-December-18_2020-Camara_Amacayacu-2_crop0.npy",-21.50851,-54.58862,9
"..\\..\\..\\..\\Correos\\2024\December\18\TRACK ALERT ID 2020 at , Serial_ T010987 Prueba Amacayacu 2024\features_0\2024-December-18_2020-Camara_Amacayacu-2_crop1.npy",14.080473,16.74932,8
"..\\..\\..\\..\\Correos\\2024\December\18\TRACK ALERT ID 2020 at , Serial_ T010987 Prueba Amacayacu 2024\features_0\2024-December-18_2020-Camara_Amacayacu-2_crop2.npy",-21.515373,-54.13596,9
"..\\..\\..\\..\\Correos\\2024\December\18\TRACK ALERT ID 2020 at , Serial_ T010987 Prueba Amacayacu 2024\features_0\2024-December-18_2020-Camara_Amacayacu-2_crop3.npy",14.089521,16.351748,8
"..\\..\\..\\..\\Correos\\2024\December\18\TRACK ALERT ID 2020 at , Serial_ T010987 Prueba Amacayacu 2024\features_0\2024-December-18_2020-Camara_Amacayacu-3_crop0.npy",-22.943638,-55.830566,9
"..\\..\\..\\..\\Correos\\2024\December\18\TRACK ALERT ID 2020 at , Serial_ T010987 Prueba Amacayacu 2024\features_0\2024-December-18_2020-Camara_Amacayacu-3_crop1.npy",15.980069,15.9820795,8
"..\\..\\..\\..\\Correos\\2024\December\18\TRACK ALERT ID 2020 at , Serial_ T010987 Prueba Amacayacu 2024\features_0\2024-December-18_2020-Camara_Amacayacu-4_crop0.npy",14.350037,17.918896,8
"..\\..\\..\\..\\Correos\\2024\December\18\TRACK ALERT ID 2020 at , Serial_ T010987 Prueba Amacayacu 2024\features_0\2024-December-18_2020-Camara_Amacayacu-4_crop1.npy",-26.189104,-52.21264,9
"..\\..\\..\\..\\Correos\\2024\December\18\TRACK ALERT ID 2020 at , Serial_ T010987 Prueba Amacayacu 2024\features_0\2024-December-18_2020-Camara_Amacayacu-4_crop2.npy",-22.400677,-54.955307,9
"..\\..\\..\\..\\Correos\\2024\December\18\TRACK ALERT ID 2020 at , Serial_ T010987 Prueba Amacayacu 2024\features_0\2024-December-18_2020-Camara_Amacayacu-5_crop0.npy",13.61624,18.204382,8
"..\\..\\..\\..\\Correos\\2024\December\18\TRACK ALERT ID 2020 at , Serial_ T010987 Prueba Amacayacu 2024\features_0\2024-December-18_2020-Camara_Amacayacu-5_crop1.npy",-22.91176,-54.134254,9
"..\\..\\..\\..\\Correos\\2024\December\18\TRACK ALERT ID 2020 at , Serial_ T010987 Prueba Amacayacu 2024\features_0\2024-December-18_2020-Camara_Amacayacu-6_crop0.npy",16.260096,16.920801,8
"..\\..\\..\\..\\Correos\\2024\December\18\TRACK ALERT ID 2020 at , Serial_ T010987 Prueba Amacayacu 2024\features_0\2024-December-18_2020-Camara_Amacayacu-7_crop0.npy",17.446726,17.543335,8
"..\\..\\..\\..\\Correos\\2024\December\18\TRACK ALERT ID 2020 at , Serial_ T010987 Prueba Amacayacu 2024\features_0\2024-December-18_2020-Camara_Amacayacu-7_crop1.npy",-28.204268,-52.953728,9
"..\\..\\..\\..\\Correos\\2024\December\18\TRACK ALERT ID 2021 at , Serial_ T010987 Prueba Amacayacu 2024\features_0\2024-December-18_2021-Camara_Amacayacu-1_crop0.npy",16.577045,12.581328,8
"..\\..\\..\\..\\Correos\\2024\December\18\TRACK ALERT ID 2021 at , Serial_ T010987 Prueba Amacayacu 2024\features_1\2024-December-18_2021-Camara_Amacayacu-1_crop0.npy",16.577026,12.581219,8
"..\\..\\..\\..\\Correos\\2024\December\18\TRACK ALERT ID 2021,2024 at , Serial_ T010987 Prueba Amacayacu 2024\features_0\2024-December-18_2021-Camara_Amacayacu-1_crop0.npy",16.29703,-18.591555,8
"..\\..\\..\\..\\Correos\\2024\December\18\TRACK ALERT ID 2021 at , Serial_ T010987 Prueba Amacayacu 2024\features_0\2024-December-18_2021-Camara_Amacayacu-2_crop0.npy",15.281735,13.396709,8
"..\\..\\..\\..\\Correos\\2024\December\18\TRACK ALERT ID 2021 at , Serial_ T010987 Prueba Amacayacu 2024\features_1\2024-December-18_2021-Camara_Amacayacu-2_crop0.npy",15.281431,13.397033,8
"..\\..\\..\\..\\Correos\\2024\December\18\TRACK ALERT ID 2021,2024 at , Serial_ T010987 Prueba Amacayacu 2024\features_0\2024-December-18_2021-Camara_Amacayacu-2_crop0.npy",17.88801,14.393838,8
"..\\..\\..\\..\\Correos\\2024\December\18\TRACK ALERT ID 2021,2024 at , Serial_ T010987 Prueba Amacayacu 2024\features_0\2024-December-18_2021-Camara_Amacayacu-2_crop1.npy",17.360483,14.291907,8
"..\\..\\..\\..\\Correos\\2024\December\18\TRACK ALERT ID 2021,2024 at , Serial_ T010987 Prueba Amacayacu 2024\features_0\2024-December-18_2021-Camara_Amacayacu-3_crop0.npy",19.32117,14.828213,1
"..\\..\\..\\..\\Correos\\2024\December\18\TRACK ALERT ID 2021,2024 at , Serial_ T010987 Prueba Amacayacu 2024\features_0\2024-December-18_2021-Camara_Amacayacu-3_crop1.npy",19.83958,14.909522,1
"..\\..\\..\\..\\Correos\\2024\December\18\TRACK ALERT ID 2021,2024 at , Serial_ T010987 Prueba Amacayacu 2024\features_0\2024-December-18_2024-Camara_Amacayacu-5_crop0.npy",22.817484,14.398928,1
"..\\..\\..\\..\\Correos\\2024\December\18\TRACK ALERT ID 2027 at , Serial_ T010987 Prueba Amacayacu 2024\features_0\2024-December-18_2027-Camara_Amacayacu-0_crop0.npy",25.59234,16.589003,1
"..\\..\\..\\..\\Correos\\2024\December\18\TRACK ALERT ID 2027 at , Serial_ T010987 Prueba Amacayacu 2024\features_2\2024-December-18_2027-Camara_Amacayacu-0_crop0.npy",25.59234,16.589003,1
"..\\..\\..\\..\\Correos\\2024\December\18\TRACK ALERT ID 2027,2028 at , Serial_ T010987 Prueba Amacayacu 2024\features_0\2024-December-18_2027-Camara_Amacayacu-0_crop0.npy",25.59234,16.589003,1
"..\\..\\..\\..\\Correos\\2024\December\18\TRACK ALERT ID 2027 at , Serial_ T010987 Prueba Amacayacu 2024\features_0\2024-December-18_2027-Camara_Amacayacu-1_crop0.npy",29.620129,17.00678,1
"..\\..\\..\\..\\Correos\\2024\December\18\TRACK ALERT ID 2027 at , Serial_ T010987 Prueba Amacayacu 2024\features_2\2024-December-18_2027-Camara_Amacayacu-1_crop0.npy",29.620129,17.00678,1
"..\\..\\..\\..\\Correos\\2024\December\18\TRACK ALERT ID 2027,2028 at , Serial_ T010987 Prueba Amacayacu 2024\features_0\2024-December-18_2027-Camara_Amacayacu-1_crop0.npy",29.620129,17.00678,1
"..\\..\\..\\..\\Correos\\2024\December\18\TRACK ALERT ID 2032 at , Serial_ T010987 Prueba Amacayacu 2024\features_0\2024-December-18_2032-Camara_Amacayacu-0_crop0.npy",33.927704,10.814222,1
"..\\..\\..\\..\\Correos\\2024\December\18\TRACK ALERT ID 2032 at , Serial_ T010987 Prueba Amacayacu 2024\features_1\2024-December-18_2032-Camara_Amacayacu-0_crop0.npy",37.541187,-8.356663,1
"..\\..\\..\\..\\Correos\\2024\December\18\TRACK ALERT ID 2032 at , Serial_ T010987 Prueba Amacayacu 2024\features_3\2024-December-18_2032-Camara_Amacayacu-0_crop0.npy",11.4882345,13.071897,8
"..\\..\\..\\..\\Correos\\2024\December\18\TRACK ALERT ID 2032 at , Serial_ T010987 Prueba Amacayacu 2024\features_5\2024-December-18_2032-Camara_Amacayacu-0_crop0.npy",10.316443,13.745567,8
"..\\..\\..\\..\\Correos\\2024\December\18\TRACK ALERT ID 2032,2034,2035,2036 at , Serial_ T010987 Prueba Amacayacu 2024\features_0\2024-December-18_2032-Camara_Amacayacu-0_crop0.npy",33.927704,10.814222,1
"..\\..\\..\\..\\Correos\\2024\December\18\TRACK ALERT ID 2036 at , Serial_ T010987 Prueba Amacayacu 2024\features_0\2024-December-18_2032-Camara_Amacayacu-0_crop0.npy",33.927704,10.814222,1
"..\\..\\..\\..\\Correos\\2024\December\18\TRACK ALERT ID 2032 at , Serial_ T010987 Prueba Amacayacu 2024\features_0\2024-December-18_2032-Camara_Amacayacu-0_crop1.npy",30.673187,0.30448043,1
"..\\..\\..\\..\\Correos\\2024\December\18\TRACK ALERT ID 2032 at , Serial_ T010987 Prueba Amacayacu 2024\features_1\2024-December-18_2032-Camara_Amacayacu-0_crop1.npy",30.121153,10.74692,1
"..\\..\\..\\..\\Correos\\2024\December\18\TRACK ALERT ID 2032 at , Serial_ T010987 Prueba Amacayacu 2024\features_3\2024-December-18_2032-Camara_Amacayacu-0_crop1.npy",37.884075,-9.408963,1
"..\\..\\..\\..\\Correos\\2024\December\18\TRACK ALERT ID 2032 at , Serial_ T010987 Prueba Amacayacu 2024\features_5\2024-December-18_2032-Camara_Amacayacu-0_crop1.npy",47.18918,16.06481,1
"..\\..\\..\\..\\Correos\\2024\December\18\TRACK ALERT ID 2032,2034,2035,2036 at , Serial_ T010987 Prueba Amacayacu 2024\features_0\2024-December-18_2032-Camara_Amacayacu-0_crop1.npy",30.465918,-0.09143674,1
"..\\..\\..\\..\\Correos\\2024\December\18\TRACK ALERT ID 2036 at , Serial_ T010987 Prueba Amacayacu 2024\features_0\2024-December-18_2032-Camara_Amacayacu-0_crop1.npy",30.940306,-0.03277423,1
"..\\..\\..\\..\\Correos\\2024\December\18\TRACK ALERT ID 2032 at , Serial_ T010987 Prueba Amacayacu 2024\features_1\2024-December-18_2032-Camara_Amacayacu-1_crop0.npy",30.474207,10.642563,1
"..\\..\\..\\..\\Correos\\2024\December\18\TRACK ALERT ID 2032 at , Serial_ T010987 Prueba Amacayacu 2024\features_6\2024-December-18_2032-Camara_Amacayacu-1_crop0.npy",10.047979,12.616831,8
"..\\..\\..\\..\\Correos\\2024\December\18\TRACK ALERT ID 2032 at , Serial_ T010987 Prueba Amacayacu 2024\features_7\2024-December-18_2032-Camara_Amacayacu-1_crop0.npy",10.047817,12.616187,8
"..\\..\\..\\..\\Correos\\2024\December\18\TRACK ALERT ID 2032,2034,2035,2036 at , Serial_ T010987 Prueba Amacayacu 2024\features_0\2024-December-18_2032-Camara_Amacayacu-1_crop0.npy",33.104744,8.127252,1
"..\\..\\..\\..\\Correos\\2024\December\18\TRACK ALERT ID 2036 at , Serial_ T010987 Prueba Amacayacu 2024\features_0\2024-December-18_2032-Camara_Amacayacu-1_crop0.npy",33.104702,8.126914,1
"..\\..\\..\\..\\Correos\\2024\December\18\TRACK ALERT ID 2032,2034,2035,2036 at , Serial_ T010987 Prueba Amacayacu 2024\features_0\2024-December-18_2032-Camara_Amacayacu-1_crop1.npy",38.88089,-8.4604025,1
"..\\..\\..\\..\\Correos\\2024\December\18\TRACK ALERT ID 2036 at , Serial_ T010987 Prueba Amacayacu 2024\features_0\2024-December-18_2032-Camara_Amacayacu-1_crop1.npy",38.880013,-8.459474,1
"..\\..\\..\\..\\Correos\\2024\December\18\TRACK ALERT ID 2032,2034,2035,2036 at , Serial_ T010987 Prueba Amacayacu 2024\features_0\2024-December-18_2032-Camara_Amacayacu-2_crop0.npy",35.162594,7.205197,1
"..\\..\\..\\..\\Correos\\2024\December\18\TRACK ALERT ID 2036 at , Serial_ T010987 Prueba Amacayacu 2024\features_0\2024-December-18_2032-Camara_Amacayacu-2_crop0.npy",35.162582,7.2050524,1
"..\\..\\..\\..\\Correos\\2024\December\18\TRACK ALERT ID 2046 at , Serial_ T010987 Prueba Amacayacu 2024\features_0\2024-December-18_2046-Camara_Amacayacu-0_crop0.npy",32.488956,-4.6518598,1
"..\\..\\..\\..\\Correos\\2024\December\18\TRACK ALERT ID 2046 at , Serial_ T010987 Prueba Amacayacu 2024\features_2\2024-December-18_2046-Camara_Amacayacu-0_crop0.npy",33.787292,-3.926698,1
"..\\..\\..\\..\\Correos\\2024\December\18\TRACK ALERT ID 2046 at , Serial_ T010987 Prueba Amacayacu 2024\features_3\2024-December-18_2046-Camara_Amacayacu-0_crop0.npy",11.020997,-51.741917,2
"..\\..\\..\\..\\Correos\\2024\December\18\TRACK ALERT ID 2046 at , Serial_ T010987 Prueba Amacayacu 2024\features_3\2024-December-18_2046-Camara_Amacayacu-2_crop0.npy",35.736977,-4.664849,1
"..\\..\\..\\..\\Correos\\2024\December\18\TRACK ALERT ID 2048 at , Serial_ T010987 Prueba Amacayacu 2024\features_0\2024-December-18_2048-Camara_Amacayacu-0_crop0.npy",32.09507,-6.7751284,1
"..\\..\\..\\..\\Correos\\2024\December\18\TRACK ALERT ID 2048 at , Serial_ T010987 Prueba Amacayacu 2024\features_1\2024-December-18_2048-Camara_Amacayacu-0_crop0.npy",36.769733,-19.851532,1
"..\\..\\..\\..\\Correos\\2024\December\18\TRACK ALERT ID 2048 at , Serial_ T010987 Prueba Amacayacu 2024\features_2\2024-December-18_2048-Camara_Amacayacu-0_crop0.npy",36.33492,-20.183952,1
"..\\..\\..\\..\\Correos\\2024\December\18\TRACK ALERT ID 2048 at , Serial_ T010987 Prueba Amacayacu 2024\features_3\2024-December-18_2048-Camara_Amacayacu-0_crop0.npy",36.33492,-20.183952,1
"..\\..\\..\\..\\Correos\\2024\December\18\TRACK ALERT ID 2048 at , Serial_ T010987 Prueba Amacayacu 2024\features_4\2024-December-18_2048-Camara_Amacayacu-0_crop0.npy",34.50491,-12.386923,1
"..\\..\\..\\..\\Correos\\2024\December\18\TRACK ALERT ID 2048,2050 at , Serial_ T010987 Prueba Amacayacu 2024\features_0\2024-December-18_2048-Camara_Amacayacu-0_crop0.npy",32.099026,-6.7744594,1
"..\\..\\..\\..\\Correos\\2024\December\18\TRACK ALERT ID 2048 at , Serial_ T010987 Prueba Amacayacu 2024\features_0\2024-December-18_2048-Camara_Amacayacu-0_crop1.npy",-19.78839,-59.9341,9
"..\\..\\..\\..\\Correos\\2024\December\18\TRACK ALERT ID 2048,2050 at , Serial_ T010987 Prueba Amacayacu 2024\features_0\2024-December-18_2048-Camara_Amacayacu-0_crop1.npy",-19.78839,-59.9341,9
"..\\..\\..\\..\\Correos\\2024\December\18\TRACK ALERT ID 2048 at , Serial_ T010987 Prueba Amacayacu 2024\features_0\2024-December-18_2048-Camara_Amacayacu-1_crop0.npy",33.84662,-5.2715216,1
"..\\..\\..\\..\\Correos\\2024\December\18\TRACK ALERT ID 2048 at , Serial_ T010987 Prueba Amacayacu 2024\features_4\2024-December-18_2048-Camara_Amacayacu-1_crop0.npy",29.733412,-5.9897857,1
"..\\..\\..\\..\\Correos\\2024\December\18\TRACK ALERT ID 2048,2050 at , Serial_ T010987 Prueba Amacayacu 2024\features_0\2024-December-18_2048-Camara_Amacayacu-1_crop0.npy",33.84662,-5.2715216,1
"..\\..\\..\\..\\Correos\\2024\December\18\TRACK ALERT ID 2048 at , Serial_ T010987 Prueba Amacayacu 2024\features_0\2024-December-18_2048-Camara_Amacayacu-2_crop0.npy",30.205713,-4.6078835,1
"..\\..\\..\\..\\Correos\\2024\December\18\TRACK ALERT ID 2048 at , Serial_ T010987 Prueba Amacayacu 2024\features_4\2024-December-18_2048-Camara_Amacayacu-2_crop0.npy",29.22475,-6.7480607,1
"..\\..\\..\\..\\Correos\\2024\December\18\TRACK ALERT ID 2048,2050 at , Serial_ T010987 Prueba Amacayacu 2024\features_0\2024-December-18_2048-Camara_Amacayacu-2_crop0.npy",30.205652,-4.6078057,1
"..\\..\\..\\..\\Correos\\2024\December\18\TRACK ALERT ID 2048 at , Serial_ T010987 Prueba Amacayacu 2024\features_0\2024-December-18_2048-Camara_Amacayacu-3_crop0.npy",32.832687,-9.917593,1
"..\\..\\..\\..\\Correos\\2024\December\18\TRACK ALERT ID 2048,2050 at , Serial_ T010987 Prueba Amacayacu 2024\features_0\2024-December-18_2048-Camara_Amacayacu-3_crop0.npy",32.832687,-9.917593,1
"..\\..\\..\\..\\Correos\\2024\December\18\TRACK ALERT ID 2048 at , Serial_ T010987 Prueba Amacayacu 2024\features_0\2024-December-18_2048-Camara_Amacayacu-4_crop0.npy",35.60615,-11.063333,1
"..\\..\\..\\..\\Correos\\2024\December\18\TRACK ALERT ID 2048,2050 at , Serial_ T010987 Prueba Amacayacu 2024\features_0\2024-December-18_2048-Camara_Amacayacu-4_crop0.npy",35.60615,-11.063333,1
"..\\..\\..\\..\\Correos\\2024\December\18\TRACK ALERT ID 2048 at , Serial_ T010987 Prueba Amacayacu 2024\features_0\2024-December-18_2048-Camara_Amacayacu-5_crop0.npy",29.72809,-8.622156,1
"..\\..\\..\\..\\Correos\\2024\December\18\TRACK ALERT ID 2048,2050 at , Serial_ T010987 Prueba Amacayacu 2024\features_0\2024-December-18_2048-Camara_Amacayacu-5_crop0.npy",29.727993,-8.622105,1
"..\\..\\..\\..\\Correos\\2024\December\18\TRACK ALERT ID 2048 at , Serial_ T010987 Prueba Amacayacu 2024\features_0\2024-December-18_2048-Camara_Amacayacu-5_crop1.npy",-9.53579,13.965106,8
"..\\..\\..\\..\\Correos\\2024\December\18\TRACK ALERT ID 2048,2050 at , Serial_ T010987 Prueba Amacayacu 2024\features_0\2024-December-18_2048-Camara_Amacayacu-5_crop1.npy",-9.53579,13.965106,8
"..\\..\\..\\..\\Correos\\2024\December\18\TRACK ALERT ID 2048 at , Serial_ T010987 Prueba Amacayacu 2024\features_0\2024-December-18_2048-Camara_Amacayacu-6_crop0.npy",36.33735,-13.945987,1
"..\\..\\..\\..\\Correos\\2024\December\18\TRACK ALERT ID 2048,2050 at , Serial_ T010987 Prueba Amacayacu 2024\features_0\2024-December-18_2048-Camara_Amacayacu-6_crop0.npy",36.33735,-13.945987,1
"..\\..\\..\\..\\Correos\\2024\December\18\TRACK ALERT ID 2048 at , Serial_ T010987 Prueba Amacayacu 2024\features_0\2024-December-18_2048-Camara_Amacayacu-7_crop0.npy",33.441814,-13.859154,1
"..\\..\\..\\..\\Correos\\2024\December\18\TRACK ALERT ID 2048,2050 at , Serial_ T010987 Prueba Amacayacu 2024\features_0\2024-December-18_2048-Camara_Amacayacu-7_crop0.npy",33.441696,-13.859142,1
"..\\..\\..\\..\\Correos\\2024\December\18\TRACK ALERT ID 2052 at , Serial_ T010987 Prueba Amacayacu 2024\features_0\2024-December-18_2052-Camara_Amacayacu-0_crop0.npy",37.95735,-22.084562,1
"..\\..\\..\\..\\Correos\\2024\December\18\TRACK ALERT ID 2052 at , Serial_ T010987 Prueba Amacayacu 2024\features_1\2024-December-18_2052-Camara_Amacayacu-0_crop0.npy",37.43216,-22.487446,1
"..\\..\\..\\..\\Correos\\2024\December\18\TRACK ALERT ID 2052,2053 at , Serial_ T010987 Prueba Amacayacu 2024\features_0\2024-December-18_2052-Camara_Amacayacu-0_crop0.npy",37.95735,-22.084562,1
"..\\..\\..\\..\\Correos\\2024\December\18\TRACK ALERT ID 2052 at , Serial_ T010987 Prueba Amacayacu 2024\features_0\2024-December-18_2052-Camara_Amacayacu-1_crop0.npy",-8.909869,10.408733,8
"..\\..\\..\\..\\Correos\\2024\December\18\TRACK ALERT ID 2052 at , Serial_ T010987 Prueba Amacayacu 2024\features_1\2024-December-18_2052-Camara_Amacayacu-1_crop0.npy",-9.226686,10.136621,8
"..\\..\\..\\..\\Correos\\2024\December\18\TRACK ALERT ID 2052,2053 at , Serial_ T010987 Prueba Amacayacu 2024\features_0\2024-December-18_2052-Camara_Amacayacu-1_crop0.npy",-9.39263,10.4924555,8
"..\\..\\..\\..\\Correos\\2024\December\18\TRACK ALERT ID 2052,2053 at , Serial_ T010987 Prueba Amacayacu 2024\features_0\2024-December-18_2052-Camara_Amacayacu-2_crop0.npy",-8.768413,12.048551,8
"..\\..\\..\\..\\Correos\\2024\December\18\TRACK ALERT ID 2052,2053 at , Serial_ T010987 Prueba Amacayacu 2024\features_0\2024-December-18_2053-Camara_Amacayacu-3_crop0.npy",16.260748,0.5592848,8
"..\\..\\..\\..\\Correos\\2024\December\18\TRACK ALERT ID 2053 at , Serial_ T010987 Prueba Amacayacu 2024\features_0\2024-December-18_2053-Camara_Amacayacu-0_crop0.npy",27.944273,-4.134468,1
"..\\..\\..\\..\\Correos\\2024\December\18\TRACK ALERT ID 2053 at , Serial_ T010987 Prueba Amacayacu 2024\features_0\2024-December-18_2053-Camara_Amacayacu-1_crop0.npy",27.862816,-5.6631284,1
"..\\..\\..\\..\\Correos\\2024\December\18\TRACK ALERT ID 2058 at , Serial_ T010987 Prueba Amacayacu 2024\features_0\2024-December-18_2058-Camara_Amacayacu-0_crop0.npy",53.70865,13.058019,1
"..\\..\\..\\..\\Correos\\2024\December\18\TRACK ALERT ID 2063 at , Serial_ T010987 Prueba Amacayacu 2024\features_0\2024-December-18_2063-Camara_Amacayacu-0_crop0.npy",32.536198,-2.0991464,1
"..\\..\\..\\..\\Correos\\2024\December\18\TRACK ALERT ID 2063 at , Serial_ T010987 Prueba Amacayacu 2024\features_0\2024-December-18_2063-Camara_Amacayacu-1_crop0.npy",11.769753,-0.095228866,8
"..\\..\\..\\..\\Correos\\2024\December\18\TRACK ALERT ID 2067 at , Serial_ T010987 Prueba Amacayacu 2024\features_1\2024-December-18_2067-Camara_Amacayacu-0_crop0.npy",-19.80385,-3.939239,8
"..\\..\\..\\..\\Correos\\2024\December\18\TRACK ALERT ID 2067,2068 at , Serial_ T010987 Prueba Amacayacu 2024\features_0\2024-December-18_2067-Camara_Amacayacu-0_crop0.npy",16.969028,-8.315355,8
"..\\..\\..\\..\\Correos\\2024\December\18\TRACK ALERT ID 2067,2068 at , Serial_ T010987 Prueba Amacayacu 2024\features_0\2024-December-18_2067-Camara_Amacayacu-0_crop1.npy",-19.485605,-4.396748,8
"..\\..\\..\\..\\Correos\\2024\December\18\TRACK ALERT ID 2067,2068 at , Serial_ T010987 Prueba Amacayacu 2024\features_0\2024-December-18_2067-Camara_Amacayacu-0_crop2.npy",-25.363277,-19.010468,9
"..\\..\\..\\..\\Correos\\2024\December\18\TRACK ALERT ID 2067,2068 at , Serial_ T010987 Prueba Amacayacu 2024\features_0\2024-December-18_2067-Camara_Amacayacu-1_crop0.npy",16.499416,-8.902509,8
"..\\..\\..\\..\\Correos\\2024\December\18\TRACK ALERT ID 2067,2068 at , Serial_ T010987 Prueba Amacayacu 2024\features_0\2024-December-18_2067-Camara_Amacayacu-1_crop1.npy",17.720444,-7.1310687,8
"..\\..\\..\\..\\Correos\\2024\December\18\TRACK ALERT ID 2067,2068 at , Serial_ T010987 Prueba Amacayacu 2024\features_0\2024-December-18_2067-Camara_Amacayacu-3_crop0.npy",-18.903404,-5.5950065,8
"..\\..\\..\\..\\Correos\\2024\December\18\TRACK ALERT ID 2067,2068 at , Serial_ T010987 Prueba Amacayacu 2024\features_0\2024-December-18_2067-Camara_Amacayacu-3_crop1.npy",-25.391169,-19.0495,9
"..\\..\\..\\..\\Correos\\2024\December\18\TRACK ALERT ID 2067,2068 at , Serial_ T010987 Prueba Amacayacu 2024\features_0\2024-December-18_2067-Camara_Amacayacu-4_crop0.npy",-18.046535,-6.337781,8
"..\\..\\..\\..\\Correos\\2024\December\18\TRACK ALERT ID 2067,2068 at , Serial_ T010987 Prueba Amacayacu 2024\features_0\2024-December-18_2067-Camara_Amacayacu-5_crop0.npy",-18.3701,-7.21306,8
"..\\..\\..\\..\\Correos\\2024\December\18\TRACK ALERT ID 2067,2068 at , Serial_ T010987 Prueba Amacayacu 2024\features_0\2024-December-18_2067-Camara_Amacayacu-6_crop0.npy",-18.72898,-6.4339023,8
"..\\..\\..\\..\\Correos\\2024\December\18\TRACK ALERT ID 2067,2068 at , Serial_ T010987 Prueba Amacayacu 2024\features_0\2024-December-18_2068-Camara_Amacayacu-8_crop0.npy",-34.58778,-0.337721,0
"..\\..\\..\\..\\Correos\\2024\December\18\TRACK ALERT ID 2073 at , Serial_ T010987 Prueba Amacayacu 2024\features_0\2024-December-18_2073-Camara_Amacayacu-1_crop0.npy",-6.1594076,5.21575,8
"..\\..\\..\\..\\Correos\\2024\December\18\TRACK ALERT ID 2073 at , Serial_ T010987 Prueba Amacayacu 2024\features_1\2024-December-18_2073-Camara_Amacayacu-1_crop0.npy",-6.2529936,6.210371,8
"..\\..\\..\\..\\Correos\\2024\December\18\TRACK ALERT ID 2073 at , Serial_ T010987 Prueba Amacayacu 2024\features_2\2024-December-18_2073-Camara_Amacayacu-1_crop0.npy",-6.2529936,6.210371,8
"..\\..\\..\\..\\Correos\\2024\December\18\TRACK ALERT ID 2073 at , Serial_ T010987 Prueba Amacayacu 2024\features_3\2024-December-18_2073-Camara_Amacayacu-1_crop0.npy",-6.2529936,6.210371,8
"..\\..\\..\\..\\Correos\\2024\December\18\TRACK ALERT ID 2073 at , Serial_ T010987 Prueba Amacayacu 2024\features_6\2024-December-18_2073-Camara_Amacayacu-1_crop0.npy",-5.3402295,5.7625546,8
"..\\..\\..\\..\\Correos\\2024\December\18\TRACK ALERT ID 2073 at , Serial_ T010987 Prueba Amacayacu 2024\features_8\2024-December-18_2073-Camara_Amacayacu-1_crop0.npy",37.614803,-23.782234,1
"..\\..\\..\\..\\Correos\\2024\December\18\TRACK ALERT ID 2073 at , Serial_ T010987 Prueba Amacayacu 2024\features_0\2024-December-18_2073-Camara_Amacayacu-2_crop0.npy",-3.7557514,8.829534,8
"..\\..\\..\\..\\Correos\\2024\December\18\TRACK ALERT ID 2073 at , Serial_ T010987 Prueba Amacayacu 2024\features_1\2024-December-18_2073-Camara_Amacayacu-2_crop0.npy",-3.7557514,8.829534,8
"..\\..\\..\\..\\Correos\\2024\December\18\TRACK ALERT ID 2073 at , Serial_ T010987 Prueba Amacayacu 2024\features_2\2024-December-18_2073-Camara_Amacayacu-2_crop0.npy",-3.7557514,8.829534,8
"..\\..\\..\\..\\Correos\\2024\December\18\TRACK ALERT ID 2073 at , Serial_ T010987 Prueba Amacayacu 2024\features_0\2024-December-18_2073-Camara_Amacayacu-4_crop0.npy",40.764194,-22.12936,1
"..\\..\\..\\..\\Correos\\2024\December\18\TRACK ALERT ID 2073 at , Serial_ T010987 Prueba Amacayacu 2024\features_0\2024-December-18_2073-Camara_Amacayacu-5_crop0.npy",-4.95163,9.909365,8
"..\\..\\..\\..\\Correos\\2024\December\18\TRACK ALERT ID 2073 at , Serial_ T010987 Prueba Amacayacu 2024\features_0\2024-December-18_2073-Camara_Amacayacu-6_crop0.npy",-1.8678275,8.399405,8
"..\\..\\..\\..\\Correos\\2024\December\18\TRACK ALERT ID 2077 at , Serial_ T010987 Prueba Amacayacu 2024\features_0\2024-December-18_2077-Camara_Amacayacu-0_crop0.npy",23.498667,-3.5249794,1
"..\\..\\..\\..\\Correos\\2024\December\18\TRACK ALERT ID 2077 at , Serial_ T010987 Prueba Amacayacu 2024\features_1\2024-December-18_2077-Camara_Amacayacu-0_crop0.npy",18.38538,4.8200436,8
"..\\..\\..\\..\\Correos\\2024\December\18\TRACK ALERT ID 2077 at , Serial_ T010987 Prueba Amacayacu 2024\features_4\2024-December-18_2077-Camara_Amacayacu-0_crop0.npy",23.498667,-3.5249794,1
"..\\..\\..\\..\\Correos\\2024\December\18\TRACK ALERT ID 2077 at , Serial_ T010987 Prueba Amacayacu 2024\features_0\2024-December-18_2077-Camara_Amacayacu-1_crop0.npy",24.40216,1.3459018,1
"..\\..\\..\\..\\Correos\\2024\December\18\TRACK ALERT ID 2077 at , Serial_ T010987 Prueba Amacayacu 2024\features_2\2024-December-18_2077-Camara_Amacayacu-1_crop0.npy",16.77854,2.4700224,8
"..\\..\\..\\..\\Correos\\2024\December\18\TRACK ALERT ID 2077 at , Serial_ T010987 Prueba Amacayacu 2024\features_3\2024-December-18_2077-Camara_Amacayacu-1_crop0.npy",16.778355,2.4700215,8
"..\\..\\..\\..\\Correos\\2024\December\18\TRACK ALERT ID 2077 at , Serial_ T010987 Prueba Amacayacu 2024\features_4\2024-December-18_2077-Camara_Amacayacu-1_crop0.npy",24.402962,1.3450581,1
"..\\..\\..\\..\\Correos\\2024\December\18\TRACK ALERT ID 2077 at , Serial_ T010987 Prueba Amacayacu 2024\features_1\2024-December-18_2077-Camara_Amacayacu-0_crop1.npy",39.32997,-22.122513,1
"..\\..\\..\\..\\Correos\\2024\December\18\TRACK ALERT ID 2077 at , Serial_ T010987 Prueba Amacayacu 2024\features_2\2024-December-18_2077-Camara_Amacayacu-2_crop0.npy",24.283379,11.393114,1
"..\\..\\..\\..\\Correos\\2024\December\18\TRACK ALERT ID 2077 at , Serial_ T010987 Prueba Amacayacu 2024\features_3\2024-December-18_2077-Camara_Amacayacu-2_crop0.npy",24.284298,11.392881,1
"..\\..\\..\\..\\Correos\\2024\December\18\TRACK ALERT ID 2077 at , Serial_ T010987 Prueba Amacayacu 2024\features_2\2024-December-18_2077-Camara_Amacayacu-4_crop0.npy",15.585397,9.142275,8
"..\\..\\..\\..\\Correos\\2024\December\18\TRACK ALERT ID 2077 at , Serial_ T010987 Prueba Amacayacu 2024\features_3\2024-December-18_2077-Camara_Amacayacu-4_crop0.npy",15.516729,9.410672,8
"..\\..\\..\\..\\Correos\\2024\December\18\TRACK ALERT ID 2077 at , Serial_ T010987 Prueba Amacayacu 2024\features_2\2024-December-18_2077-Camara_Amacayacu-4_crop1.npy",16.707972,9.478799,8
"..\\..\\..\\..\\Correos\\2024\December\18\TRACK ALERT ID 2077 at , Serial_ T010987 Prueba Amacayacu 2024\features_3\2024-December-18_2077-Camara_Amacayacu-4_crop1.npy",16.707972,9.478799,8
"..\\..\\..\\..\\Correos\\2024\December\18\TRACK ALERT ID 2077 at , Serial_ T010987 Prueba Amacayacu 2024\features_2\2024-December-18_2077-Camara_Amacayacu-5_crop0.npy",17.689632,6.487037,8
"..\\..\\..\\..\\Correos\\2024\December\18\TRACK ALERT ID 2077 at , Serial_ T010987 Prueba Amacayacu 2024\features_3\2024-December-18_2077-Camara_Amacayacu-5_crop0.npy",17.689793,6.489359,8
"..\\..\\..\\..\\Correos\\2024\December\18\TRACK ALERT ID 2077 at , Serial_ T010987 Prueba Amacayacu 2024\features_2\2024-December-18_2077-Camara_Amacayacu-5_crop1.npy",38.717194,-24.443556,1
"..\\..\\..\\..\\Correos\\2024\December\18\TRACK ALERT ID 2077 at , Serial_ T010987 Prueba Amacayacu 2024\features_3\2024-December-18_2077-Camara_Amacayacu-5_crop1.npy",38.717194,-24.443556,1
"..\\..\\..\\..\\Correos\\2024\December\18\TRACK ALERT ID 2077 at , Serial_ T010987 Prueba Amacayacu 2024\features_2\2024-December-18_2077-Camara_Amacayacu-6_crop0.npy",18.119888,-2.1910493,8
"..\\..\\..\\..\\Correos\\2024\December\18\TRACK ALERT ID 2077 at , Serial_ T010987 Prueba Amacayacu 2024\features_3\2024-December-18_2077-Camara_Amacayacu-6_crop0.npy",18.119888,-2.1910493,8
"..\\..\\..\\..\\Correos\\2024\December\18\TRACK ALERT ID 2077 at , Serial_ T010987 Prueba Amacayacu 2024\features_2\2024-December-18_2077-Camara_Amacayacu-7_crop0.npy",13.803827,-0.54929656,8
"..\\..\\..\\..\\Correos\\2024\December\18\TRACK ALERT ID 2077 at , Serial_ T010987 Prueba Amacayacu 2024\features_3\2024-December-18_2077-Camara_Amacayacu-7_crop0.npy",13.803827,-0.54929656,8
"..\\..\\..\\..\\Correos\\2024\December\18\TRACK ALERT ID 2079 at , Serial_ T010987 Prueba Amacayacu 2024\features_0\2024-December-18_2079-Camara_Amacayacu-1_crop0.npy",13.3741455,6.065614,8
"..\\..\\..\\..\\Correos\\2024\December\18\TRACK ALERT ID 2079 at , Serial_ T010987 Prueba Amacayacu 2024\features_2\2024-December-18_2079-Camara_Amacayacu-1_crop0.npy",13.425565,6.82656,8
"..\\..\\..\\..\\Correos\\2024\December\18\TRACK ALERT ID 2079 at , Serial_ T010987 Prueba Amacayacu 2024\features_3\2024-December-18_2079-Camara_Amacayacu-1_crop0.npy",14.098307,6.39544,8
"..\\..\\..\\..\\Correos\\2024\December\18\TRACK ALERT ID 2079,2081 at , Serial_ T010987 Prueba Amacayacu 2024\features_0\2024-December-18_2079-Camara_Amacayacu-1_crop0.npy",13.425565,6.82656,8
"..\\..\\..\\..\\Correos\\2024\December\18\TRACK ALERT ID 2079 at , Serial_ T010987 Prueba Amacayacu 2024\features_0\2024-December-18_2079-Camara_Amacayacu-2_crop0.npy",20.001595,1.7893802,1
"..\\..\\..\\..\\Correos\\2024\December\18\TRACK ALERT ID 2079 at , Serial_ T010987 Prueba Amacayacu 2024\features_2\2024-December-18_2079-Camara_Amacayacu-2_crop0.npy",20.043245,2.3995864,1
"..\\..\\..\\..\\Correos\\2024\December\18\TRACK ALERT ID 2079 at , Serial_ T010987 Prueba Amacayacu 2024\features_3\2024-December-18_2079-Camara_Amacayacu-2_crop0.npy",20.651426,1.6896719,1
"..\\..\\..\\..\\Correos\\2024\December\18\TRACK ALERT ID 2079,2081 at , Serial_ T010987 Prueba Amacayacu 2024\features_0\2024-December-18_2079-Camara_Amacayacu-2_crop0.npy",20.699598,2.309888,1
"..\\..\\..\\..\\Correos\\2024\December\18\TRACK ALERT ID 2085 at , Serial_ T010987 Prueba Amacayacu 2024\features_0\2024-December-18_2085-Camara_Amacayacu-7_crop0.npy",20.968418,-3.5438337,1
"..\\..\\..\\..\\Correos\\2024\December\18\TRACK ALERT ID 2085 at , Serial_ T010987 Prueba Amacayacu 2024\features_0\2024-December-18_2085-Camara_Amacayacu-8_crop0.npy",20.755157,-3.8093126,1
"..\\..\\..\\..\\Correos\\2024\December\18\TRACK ALERT ID 2085 at , Serial_ T010987 Prueba Amacayacu 2024\features_1\2024-December-18_2085-Camara_Amacayacu-0_crop0.npy",22.152138,-0.91188025,1
"..\\..\\..\\..\\Correos\\2024\December\18\TRACK ALERT ID 2085 at , Serial_ T010987 Prueba Amacayacu 2024\features_1\2024-December-18_2085-Camara_Amacayacu-1_crop0.npy",22.920898,-1.6435055,1
"..\\..\\..\\..\\Correos\\2024\December\18\TRACK ALERT ID 2090 at , Serial_ T010987 Prueba Amacayacu 2024\features_0\2024-December-18_2090-Camara_Amacayacu-0_crop0.npy",8.820995,8.112254,8
"..\\..\\..\\..\\Correos\\2024\December\18\TRACK ALERT ID 2090 at , Serial_ T010987 Prueba Amacayacu 2024\features_0\2024-December-18_2090-Camara_Amacayacu-1_crop0.npy",7.922226,8.270188,8
"..\\..\\..\\..\\Correos\\2024\December\18\TRACK ALERT ID 2091 at , Serial_ T010987 Prueba Amacayacu 2024\features_0\2024-December-18_2091-Camara_Amacayacu-1_crop0.npy",5.7005453,8.307685,8
"..\\..\\..\\..\\Correos\\2024\December\18\TRACK ALERT ID 2091 at , Serial_ T010987 Prueba Amacayacu 2024\features_0\2024-December-18_2091-Camara_Amacayacu-2_crop0.npy",6.7788744,8.592216,8
"..\\..\\..\\..\\Correos\\2024\December\18\TRACK ALERT ID 2091 at , Serial_ T010987 Prueba Amacayacu 2024\features_0\2024-December-18_2091-Camara_Amacayacu-3_crop0.npy",9.4941225,6.346551,8
"..\\..\\..\\..\\Correos\\2024\December\18\TRACK ALERT ID 2091 at , Serial_ T010987 Prueba Amacayacu 2024\features_0\2024-December-18_2091-Camara_Amacayacu-4_crop0.npy",8.039199,6.61428,8
"..\\..\\..\\..\\Correos\\2024\December\18\TRACK ALERT ID 2091 at , Serial_ T010987 Prueba Amacayacu 2024\features_0\2024-December-18_2091-Camara_Amacayacu-5_crop0.npy",5.89613,9.413492,8
"..\\..\\..\\..\\Correos\\2024\December\18\TRACK ALERT ID 2100 at , Serial_ T010987 Prueba Amacayacu 2024\features_2\2024-December-18_2100-Camara_Amacayacu-0_crop0.npy",-34.17229,-40.897945,9
"..\\..\\..\\..\\Correos\\2024\December\18\TRACK ALERT ID 2112 at , Serial_ T010987 Prueba Amacayacu 2024\features_0\2024-December-18_2112-Camara_Amacayacu-2_crop0.npy",40.29252,-23.497244,1
"..\\..\\..\\..\\Correos\\2024\December\18\TRACK ALERT ID 2120 at , Serial_ T010987 Prueba Amacayacu 2024\features_0\2024-December-18_2120-Camara_Amacayacu-0_crop0.npy",16.176826,4.519351,8
"..\\..\\..\\..\\Correos\\2024\December\18\TRACK ALERT ID 2120 at , Serial_ T010987 Prueba Amacayacu 2024\features_0\2024-December-18_2120-Camara_Amacayacu-1_crop0.npy",14.107986,3.8880467,8
"..\\..\\..\\..\\Correos\\2024\December\18\TRACK ALERT ID 2120 at , Serial_ T010987 Prueba Amacayacu 2024\features_0\2024-December-18_2120-Camara_Amacayacu-2_crop0.npy",13.578277,3.0640566,8
"..\\..\\..\\..\\Correos\\2024\December\18\TRACK ALERT ID 2120 at , Serial_ T010987 Prueba Amacayacu 2024\features_0\2024-December-18_2120-Camara_Amacayacu-3_crop0.npy",19.407566,-0.38152564,1
"..\\..\\..\\..\\Correos\\2024\December\18\TRACK ALERT ID 2120 at , Serial_ T010987 Prueba Amacayacu 2024\features_0\2024-December-18_2120-Camara_Amacayacu-4_crop0.npy",15.239032,2.751555,8
"..\\..\\..\\..\\Correos\\2024\December\18\TRACK ALERT ID 2123 at , Serial_ T010987 Prueba Amacayacu 2024\features_1\2024-December-18_2123-Camara_Amacayacu-0_crop0.npy",-33.647873,-41.65269,9
"..\\..\\..\\..\\Correos\\2024\December\18\TRACK ALERT ID 2123 at , Serial_ T010987 Prueba Amacayacu 2024\features_1\2024-December-18_2123-Camara_Amacayacu-2_crop0.npy",-38.50765,-38.74587,9
"..\\..\\..\\..\\Correos\\2024\December\18\TRACK ALERT ID 2123 at , Serial_ T010987 Prueba Amacayacu 2024\features_1\2024-December-18_2123-Camara_Amacayacu-3_crop0.npy",-38.449123,-39.07743,9
"..\\..\\..\\..\\Correos\\2024\December\18\TRACK ALERT ID 2123 at , Serial_ T010987 Prueba Amacayacu 2024\features_1\2024-December-18_2123-Camara_Amacayacu-4_crop0.npy",-11.911194,11.766945,8
"..\\..\\..\\..\\Correos\\2024\December\18\TRACK ALERT ID 2131,2132 at , Serial_ T010987 Prueba Amacayacu 2024\features_0\2024-December-18_2131-Camara_Amacayacu-0_crop0.npy",-55.87619,-30.41644,7
"..\\..\\..\\..\\Correos\\2024\December\18\TRACK ALERT ID 2131,2132 at , Serial_ T010987 Prueba Amacayacu 2024\features_0\2024-December-18_2131-Camara_Amacayacu-0_crop1.npy",39.318542,-23.162367,1
"..\\..\\..\\..\\Correos\\2024\December\18\TRACK ALERT ID 2131,2132 at , Serial_ T010987 Prueba Amacayacu 2024\features_0\2024-December-18_2131-Camara_Amacayacu-1_crop0.npy",-36.853344,26.690828,0
"..\\..\\..\\..\\Correos\\2024\December\18\TRACK ALERT ID 2131,2132 at , Serial_ T010987 Prueba Amacayacu 2024\features_0\2024-December-18_2131-Camara_Amacayacu-1_crop1.npy",40.39541,-21.103258,1
"..\\..\\..\\..\\Correos\\2024\December\18\TRACK ALERT ID 2131,2132 at , Serial_ T010987 Prueba Amacayacu 2024\features_0\2024-December-18_2131-Camara_Amacayacu-2_crop0.npy",-34.70991,26.318962,0
"..\\..\\..\\..\\Correos\\2024\December\18\TRACK ALERT ID 2131,2132 at , Serial_ T010987 Prueba Amacayacu 2024\features_0\2024-December-18_2131-Camara_Amacayacu-2_crop1.npy",-34.508316,26.562191,0
"..\\..\\..\\..\\Correos\\2024\December\18\TRACK ALERT ID 2137 at , Serial_ T010987 Prueba Amacayacu 2024\features_0\2024-December-18_2137-Camara_Amacayacu-0_crop0.npy",18.060411,0.70227754,8
"..\\..\\..\\..\\Correos\\2024\December\18\TRACK ALERT ID 2137 at , Serial_ T010987 Prueba Amacayacu 2024\features_0\2024-December-18_2137-Camara_Amacayacu-1_crop0.npy",-45.12331,-7.5922413,7
"..\\..\\..\\..\\Correos\\2024\December\18\TRACK ALERT ID 2137 at , Serial_ T010987 Prueba Amacayacu 2024\features_0\2024-December-18_2137-Camara_Amacayacu-1_crop1.npy",39.762325,-20.218048,1
"..\\..\\..\\..\\Correos\\2024\December\18\TRACK ALERT ID 2137 at , Serial_ T010987 Prueba Amacayacu 2024\features_0\2024-December-18_2137-Camara_Amacayacu-2_crop0.npy",-28.685858,3.7623081,0
"..\\..\\..\\..\\Correos\\2024\December\18\TRACK ALERT ID 2137 at , Serial_ T010987 Prueba Amacayacu 2024\features_0\2024-December-18_2137-Camara_Amacayacu-2_crop1.npy",19.657904,-1.0714562,1
"..\\..\\..\\..\\Correos\\2024\December\18\TRACK ALERT ID 2202 at , Serial_ T010987 Prueba Amacayacu 2024\features_0\2024-December-18_2202-Camara_Amacayacu-0_crop0.npy",7.2380404,-14.833186,8
"..\\..\\..\\..\\Correos\\2024\December\18\TRACK ALERT ID 2202 at , Serial_ T010987 Prueba Amacayacu 2024\features_0\2024-December-18_2202-Camara_Amacayacu-0_crop1.npy",15.025218,-3.8899152,8
"..\\..\\..\\..\\Correos\\2024\December\18\TRACK ALERT ID 2214,2215 at , Serial_ T010987 Prueba Amacayacu 2024\features_0\2024-December-18_2214-Camara_Amacayacu-0_crop0.npy",11.111447,-16.516012,8
"..\\..\\..\\..\\Correos\\2024\December\18\TRACK ALERT ID 2219 at , Serial_ T010987 Prueba Amacayacu 2024\features_0\2024-December-18_2219-Camara_Amacayacu-3_crop0.npy",16.454395,27.088484,6
"..\\..\\..\\..\\Correos\\2024\December\18\TRACK ALERT ID 2228 at , Serial_ T010987 Prueba Amacayacu 2024\features_0\2024-December-18_2228-Camara_Amacayacu-2_crop0.npy",-0.5028205,-4.1601434,8
"..\\..\\..\\..\\Correos\\2024\December\18\TRACK ALERT ID 2235 at , Serial_ T010987 Prueba Amacayacu 2024\features_0\2024-December-18_2235-Camara_Amacayacu-1_crop0.npy",-1.464067,-5.337998,8
"..\\..\\..\\..\\Correos\\2024\December\18\TRACK ALERT ID 2235 at , Serial_ T010987 Prueba Amacayacu 2024\features_2\2024-December-18_2235-Camara_Amacayacu-1_crop0.npy",-1.464067,-5.337998,8
"..\\..\\..\\..\\Correos\\2024\December\18\TRACK ALERT ID 2235 at , Serial_ T010987 Prueba Amacayacu 2024\features_3\2024-December-18_2235-Camara_Amacayacu-1_crop0.npy",-1.464067,-5.337998,8
"..\\..\\..\\..\\Correos\\2024\December\18\TRACK ALERT ID 2235 at , Serial_ T010987 Prueba Amacayacu 2024\features_0\2024-December-18_2235-Camara_Amacayacu-2_crop0.npy",-0.2725782,-6.6726007,8
"..\\..\\..\\..\\Correos\\2024\December\18\TRACK ALERT ID 2235 at , Serial_ T010987 Prueba Amacayacu 2024\features_2\2024-December-18_2235-Camara_Amacayacu-2_crop0.npy",-0.2725782,-6.6726007,8
"..\\..\\..\\..\\Correos\\2024\December\18\TRACK ALERT ID 2235 at , Serial_ T010987 Prueba Amacayacu 2024\features_3\2024-December-18_2235-Camara_Amacayacu-2_crop0.npy",-0.2725782,-6.6726007,8
"..\\..\\..\\..\\Correos\\2024\December\18\TRACK ALERT ID 2252 at , Serial_ T010987 Prueba Amacayacu 2024\features_0\2024-December-18_2252-Camara_Amacayacu-0_crop0.npy",0.95246553,-4.4481645,8
"..\\..\\..\\..\\Correos\\2024\December\18\TRACK ALERT ID 2254 at , Serial_ T010987 Prueba Amacayacu 2024\features_0\2024-December-18_2254-Camara_Amacayacu-1_crop0.npy",0.59320205,-4.191835,8
"..\\..\\..\\..\\Correos\\2024\December\18\TRACK ALERT ID 2264,2266 at , Serial_ T010987 Prueba Amacayacu 2024\features_0\2024-December-18_2264-Camara_Amacayacu-0_crop0.npy",-55.18492,-46.47352,7
"..\\..\\..\\..\\Correos\\2024\December\18\TRACK ALERT ID 2278 at , Serial_ T010987 Prueba Amacayacu 2024\features_0\2024-December-18_2278-Camara_Amacayacu-0_crop0.npy",-57.022285,10.742549,3
"..\\..\\..\\..\\Correos\\2024\December\18\TRACK ALERT ID 2278,2280 at , Serial_ T010987 Prueba Amacayacu 2024\features_0\2024-December-18_2278-Camara_Amacayacu-0_crop0.npy",-55.940514,13.429639,3
"..\\..\\..\\..\\Correos\\2024\December\18\TRACK ALERT ID 2278,2280 at , Serial_ T010987 Prueba Amacayacu 2024\features_0\2024-December-18_2278-Camara_Amacayacu-1_crop0.npy",-57.022285,10.742549,3
"..\\..\\..\\..\\Correos\\2024\December\18\TRACK ALERT ID 2299,2307 at , Serial_ T010987 Prueba Amacayacu 2024\features_0\2024-December-18_2307-Camara_Amacayacu-3_crop0.npy",20.110014,-31.89566,2
"..\\..\\..\\..\\Correos\\2024\December\18\TRACK ALERT ID 2299,2309 at , Serial_ T010987 Prueba Amacayacu 2024\features_0\2024-December-18_2299-Camara_Amacayacu-8_crop0.npy",21.305347,-32.587513,2
"..\\..\\..\\..\\Correos\\2024\December\18\TRACK ALERT ID 2334 at , Serial_ T010987 Prueba Amacayacu 2024\features_1\2024-December-18_2334-Camara_Amacayacu-0_crop0.npy",43.443806,0.1784852,1
"..\\..\\..\\..\\Correos\\2024\December\18\TRACK ALERT ID 2336 at , Serial_ T010987 Prueba Amacayacu 2024\features_0\2024-December-18_2334-Camara_Amacayacu-0_crop0.npy",43.4435,0.18124622,1
"..\\..\\..\\..\\Correos\\2024\December\18\TRACK ALERT ID 2334 at , Serial_ T010987 Prueba Amacayacu 2024\features_1\2024-December-18_2334-Camara_Amacayacu-0_crop1.npy",22.459011,-43.23048,2
"..\\..\\..\\..\\Correos\\2024\December\18\TRACK ALERT ID 2336 at , Serial_ T010987 Prueba Amacayacu 2024\features_0\2024-December-18_2334-Camara_Amacayacu-0_crop1.npy",22.459011,-43.23048,2
"..\\..\\..\\..\\Correos\\2024\December\18\TRACK ALERT ID 2334 at , Serial_ T010987 Prueba Amacayacu 2024\features_1\2024-December-18_2334-Camara_Amacayacu-1_crop0.npy",37.555664,-0.767417,1
"..\\..\\..\\..\\Correos\\2024\December\18\TRACK ALERT ID 2336 at , Serial_ T010987 Prueba Amacayacu 2024\features_0\2024-December-18_2334-Camara_Amacayacu-1_crop0.npy",37.55577,-0.7663131,1
"..\\..\\..\\..\\Correos\\2024\December\18\TRACK ALERT ID 2336 at , Serial_ T010987 Prueba Amacayacu 2024\features_0\2024-December-18_2336-Camara_Amacayacu-2_crop0.npy",35.11967,1.7232013,1
"..\\..\\..\\..\\Correos\\2024\December\18\TRACK ALERT ID 2336 at , Serial_ T010987 Prueba Amacayacu 2024\features_0\2024-December-18_2336-Camara_Amacayacu-2_crop1.npy",34.747406,1.9156271,1
"..\\..\\..\\..\\Correos\\2024\December\18\TRACK ALERT ID 2339 at , Serial_ T010987 Prueba Amacayacu 2024\features_1\2024-December-18_2339-Camara_Amacayacu-0_crop0.npy",40.726048,51.86458,6
"..\\..\\..\\..\\Correos\\2024\December\18\TRACK ALERT ID 2339 at , Serial_ T010987 Prueba Amacayacu 2024\features_2\2024-December-18_2339-Camara_Amacayacu-0_crop0.npy",40.726048,51.86458,6
"..\\..\\..\\..\\Correos\\2024\December\18\TRACK ALERT ID 2339,2343 at , Serial_ T010987 Prueba Amacayacu 2024\features_0\2024-December-18_2339-Camara_Amacayacu-0_crop0.npy",40.726048,51.86458,6
"..\\..\\..\\..\\Correos\\2024\December\18\TRACK ALERT ID 2339,2345 at , Serial_ T010987 Prueba Amacayacu 2024\features_0\2024-December-18_2339-Camara_Amacayacu-0_crop0.npy",25.728731,-41.799694,2
"..\\..\\..\\..\\Correos\\2024\December\18\TRACK ALERT ID 2339,2345 at , Serial_ T010987 Prueba Amacayacu 2024\features_1\2024-December-18_2339-Camara_Amacayacu-0_crop0.npy",40.726048,51.86458,6
"..\\..\\..\\..\\Correos\\2024\December\18\TRACK ALERT ID 2339,2349,2350 at , Serial_ T010987 Prueba Amacayacu 2024\features_0\2024-December-18_2339-Camara_Amacayacu-0_crop0.npy",46.593002,54.1315,6
"..\\..\\..\\..\\Correos\\2024\December\18\TRACK ALERT ID 2345 at , Serial_ T010987 Prueba Amacayacu 2024\features_0\2024-December-18_2339-Camara_Amacayacu-0_crop0.npy",25.728594,-41.799297,2
"..\\..\\..\\..\\Correos\\2024\December\18\TRACK ALERT ID 2350 at , Serial_ T010987 Prueba Amacayacu 2024\features_0\2024-December-18_2339-Camara_Amacayacu-0_crop0.npy",46.593002,54.1315,6
"..\\..\\..\\..\\Correos\\2024\December\18\TRACK ALERT ID 2339 at , Serial_ T010987 Prueba Amacayacu 2024\features_1\2024-December-18_2339-Camara_Amacayacu-1_crop0.npy",44.83597,59.390984,6
"..\\..\\..\\..\\Correos\\2024\December\18\TRACK ALERT ID 2339 at , Serial_ T010987 Prueba Amacayacu 2024\features_2\2024-December-18_2339-Camara_Amacayacu-1_crop0.npy",44.83597,59.390984,6
"..\\..\\..\\..\\Correos\\2024\December\18\TRACK ALERT ID 2339,2343 at , Serial_ T010987 Prueba Amacayacu 2024\features_0\2024-December-18_2339-Camara_Amacayacu-1_crop0.npy",45.289165,58.68162,6
"..\\..\\..\\..\\Correos\\2024\December\18\TRACK ALERT ID 2339,2345 at , Serial_ T010987 Prueba Amacayacu 2024\features_1\2024-December-18_2339-Camara_Amacayacu-1_crop0.npy",44.83597,59.390984,6
"..\\..\\..\\..\\Correos\\2024\December\18\TRACK ALERT ID 2339,2349,2350 at , Serial_ T010987 Prueba Amacayacu 2024\features_0\2024-December-18_2339-Camara_Amacayacu-1_crop0.npy",44.360176,51.569256,6
"..\\..\\..\\..\\Correos\\2024\December\18\TRACK ALERT ID 2350 at , Serial_ T010987 Prueba Amacayacu 2024\features_0\2024-December-18_2339-Camara_Amacayacu-1_crop0.npy",44.120842,51.130783,6
"..\\..\\..\\..\\Correos\\2024\December\18\TRACK ALERT ID 2339 at , Serial_ T010987 Prueba Amacayacu 2024\features_3\2024-December-18_2339-Camara_Amacayacu-2_crop0.npy",41.781853,46.68779,6
"..\\..\\..\\..\\Correos\\2024\December\18\TRACK ALERT ID 2339,2340,2341 at , Serial_ T010987 Prueba Amacayacu 2024\features_0\2024-December-18_2339-Camara_Amacayacu-2_crop0.npy",41.781662,46.686836,6
"..\\..\\..\\..\\Correos\\2024\December\18\TRACK ALERT ID 2339,2343 at , Serial_ T010987 Prueba Amacayacu 2024\features_0\2024-December-18_2339-Camara_Amacayacu-2_crop0.npy",39.690685,57.261173,6
"..\\..\\..\\..\\Correos\\2024\December\18\TRACK ALERT ID 2339,2345 at , Serial_ T010987 Prueba Amacayacu 2024\features_1\2024-December-18_2339-Camara_Amacayacu-2_crop0.npy",39.690685,57.261173,6
"..\\..\\..\\..\\Correos\\2024\December\18\TRACK ALERT ID 2339 at , Serial_ T010987 Prueba Amacayacu 2024\features_3\2024-December-18_2339-Camara_Amacayacu-3_crop0.npy",41.65168,54.769867,6
"..\\..\\..\\..\\Correos\\2024\December\18\TRACK ALERT ID 2339,2340,2341 at , Serial_ T010987 Prueba Amacayacu 2024\features_0\2024-December-18_2339-Camara_Amacayacu-3_crop0.npy",41.65168,54.769867,6
"..\\..\\..\\..\\Correos\\2024\December\18\TRACK ALERT ID 2339,2345,2347 at , Serial_ T010987 Prueba Amacayacu 2024\features_0\2024-December-18_2339-Camara_Amacayacu-3_crop0.npy",44.77833,54.397945,6
"..\\..\\..\\..\\Correos\\2024\December\18\TRACK ALERT ID 2339,2349,2350 at , Serial_ T010987 Prueba Amacayacu 2024\features_0\2024-December-18_2339-Camara_Amacayacu-3_crop0.npy",49.509346,51.364315,6
"..\\..\\..\\..\\Correos\\2024\December\18\TRACK ALERT ID 2350 at , Serial_ T010987 Prueba Amacayacu 2024\features_0\2024-December-18_2339-Camara_Amacayacu-3_crop0.npy",49.171497,50.98837,6
"..\\..\\..\\..\\Correos\\2024\December\18\TRACK ALERT ID 2339 at , Serial_ T010987 Prueba Amacayacu 2024\features_3\2024-December-18_2339-Camara_Amacayacu-4_crop0.npy",37.805584,52.138844,6
"..\\..\\..\\..\\Correos\\2024\December\18\TRACK ALERT ID 2339,2340,2341 at , Serial_ T010987 Prueba Amacayacu 2024\features_0\2024-December-18_2339-Camara_Amacayacu-4_crop0.npy",37.805584,52.138844,6
"..\\..\\..\\..\\Correos\\2024\December\18\TRACK ALERT ID 2339,2345,2347 at , Serial_ T010987 Prueba Amacayacu 2024\features_0\2024-December-18_2339-Camara_Amacayacu-4_crop0.npy",44.321514,53.35941,6
"..\\..\\..\\..\\Correos\\2024\December\18\TRACK ALERT ID 2339,2349,2350 at , Serial_ T010987 Prueba Amacayacu 2024\features_0\2024-December-18_2339-Camara_Amacayacu-4_crop0.npy",45.703194,47.541756,6
"..\\..\\..\\..\\Correos\\2024\December\18\TRACK ALERT ID 2350 at , Serial_ T010987 Prueba Amacayacu 2024\features_0\2024-December-18_2339-Camara_Amacayacu-4_crop0.npy",45.703194,47.541756,6
"..\\..\\..\\..\\Correos\\2024\December\18\TRACK ALERT ID 2339 at , Serial_ T010987 Prueba Amacayacu 2024\features_3\2024-December-18_2339-Camara_Amacayacu-5_crop0.npy",33.75886,54.148434,6
"..\\..\\..\\..\\Correos\\2024\December\18\TRACK ALERT ID 2339,2340,2341 at , Serial_ T010987 Prueba Amacayacu 2024\features_0\2024-December-18_2339-Camara_Amacayacu-5_crop0.npy",33.758823,54.14835,6
"..\\..\\..\\..\\Correos\\2024\December\18\TRACK ALERT ID 2339,2345,2347 at , Serial_ T010987 Prueba Amacayacu 2024\features_0\2024-December-18_2339-Camara_Amacayacu-5_crop0.npy",46.031395,51.497673,6
"..\\..\\..\\..\\Correos\\2024\December\18\TRACK ALERT ID 2339,2349,2350 at , Serial_ T010987 Prueba Amacayacu 2024\features_0\2024-December-18_2339-Camara_Amacayacu-5_crop0.npy",50.15097,47.54653,4
"..\\..\\..\\..\\Correos\\2024\December\18\TRACK ALERT ID 2350 at , Serial_ T010987 Prueba Amacayacu 2024\features_0\2024-December-18_2339-Camara_Amacayacu-5_crop0.npy",50.15097,47.54653,4
"..\\..\\..\\..\\Correos\\2024\December\18\TRACK ALERT ID 2339 at , Serial_ T010987 Prueba Amacayacu 2024\features_3\2024-December-18_2339-Camara_Amacayacu-6_crop0.npy",38.988182,54.367355,6
"..\\..\\..\\..\\Correos\\2024\December\18\TRACK ALERT ID 2339,2340,2341 at , Serial_ T010987 Prueba Amacayacu 2024\features_0\2024-December-18_2339-Camara_Amacayacu-6_crop0.npy",38.988342,54.367844,6
"..\\..\\..\\..\\Correos\\2024\December\18\TRACK ALERT ID 2339,2345,2347 at , Serial_ T010987 Prueba Amacayacu 2024\features_0\2024-December-18_2339-Camara_Amacayacu-6_crop0.npy",46.593002,54.1315,6
"..\\..\\..\\..\\Correos\\2024\December\18\TRACK ALERT ID 2339,2343 at , Serial_ T010987 Prueba Amacayacu 2024\features_0\2024-December-18_2339-Camara_Amacayacu-7_crop0.npy",4.378544,-24.851574,9
"..\\..\\..\\..\\Correos\\2024\December\18\TRACK ALERT ID 2339,2345 at , Serial_ T010987 Prueba Amacayacu 2024\features_1\2024-December-18_2339-Camara_Amacayacu-7_crop0.npy",4.378544,-24.851574,9
"..\\..\\..\\..\\Correos\\2024\December\18\TRACK ALERT ID 2339,2345,2347 at , Serial_ T010987 Prueba Amacayacu 2024\features_0\2024-December-18_2339-Camara_Amacayacu-7_crop0.npy",44.360176,51.569256,6
"..\\..\\..\\..\\Correos\\2024\December\18\TRACK ALERT ID 2339,2343 at , Serial_ T010987 Prueba Amacayacu 2024\features_0\2024-December-18_2343-Camara_Amacayacu-3_crop0.npy",40.612923,59.997387,6
"..\\..\\..\\..\\Correos\\2024\December\18\TRACK ALERT ID 2339,2345 at , Serial_ T010987 Prueba Amacayacu 2024\features_1\2024-December-18_2343-Camara_Amacayacu-3_crop0.npy",40.612923,59.997387,6
"..\\..\\..\\..\\Correos\\2024\December\18\TRACK ALERT ID 2339,2343 at , Serial_ T010987 Prueba Amacayacu 2024\features_0\2024-December-18_2343-Camara_Amacayacu-4_crop0.npy",42.711784,57.561607,6
"..\\..\\..\\..\\Correos\\2024\December\18\TRACK ALERT ID 2339,2345 at , Serial_ T010987 Prueba Amacayacu 2024\features_1\2024-December-18_2343-Camara_Amacayacu-4_crop0.npy",42.711784,57.561607,6
"..\\..\\..\\..\\Correos\\2024\December\18\TRACK ALERT ID 2339,2345,2347 at , Serial_ T010987 Prueba Amacayacu 2024\features_0\2024-December-18_2339-Camara_Amacayacu-9_crop0.npy",49.509346,51.364315,6
"..\\..\\..\\..\\Correos\\2024\December\18\TRACK ALERT ID 2339,2345,2347 at , Serial_ T010987 Prueba Amacayacu 2024\features_0\2024-December-18_2345-Camara_Amacayacu-2_crop0.npy",43.06431,52.425167,6
"..\\..\\..\\..\\Correos\\2024\December\18\TRACK ALERT ID 2339,2349,2350 at , Serial_ T010987 Prueba Amacayacu 2024\features_0\2024-December-18_2349-Camara_Amacayacu-6_crop0.npy",50.06631,44.10808,4
"..\\..\\..\\..\\Correos\\2024\December\18\TRACK ALERT ID 2350 at , Serial_ T010987 Prueba Amacayacu 2024\features_0\2024-December-18_2349-Camara_Amacayacu-6_crop0.npy",50.06631,44.10808,4
"..\\..\\..\\..\\Correos\\2024\December\18\TRACK ALERT ID 2350,2352,2353 at , Serial_ T010987 Prueba Amacayacu 2024\features_0\2024-December-18_2350-Camara_Amacayacu-2_crop0.npy",46.94099,45.270847,6
"..\\..\\..\\..\\Correos\\2024\December\18\TRACK ALERT ID 2350,2352,2353 at , Serial_ T010987 Prueba Amacayacu 2024\features_0\2024-December-18_2350-Camara_Amacayacu-4_crop0.npy",47.445614,47.46612,6
"..\\..\\..\\..\\Correos\\2024\December\18\TRACK ALERT ID 2350,2352,2353 at , Serial_ T010987 Prueba Amacayacu 2024\features_0\2024-December-18_2350-Camara_Amacayacu-6_crop0.npy",47.746395,46.525303,6
"..\\..\\..\\..\\Correos\\2024\December\18\TRACK ALERT ID 2369,2372,2374 at , Serial_ T010987 Prueba Amacayacu 2024\features_0\2024-December-18_2372-Camara_Amacayacu-7_crop0.npy",10.596713,-5.8285437,8
"..\\..\\..\\..\\Correos\\2024\December\18\TRACK ALERT ID 2369,2372,2374 at , Serial_ T010987 Prueba Amacayacu 2024\features_0\2024-December-18_2372-Camara_Amacayacu-7_crop1.npy",9.417516,-6.3177857,8
"..\\..\\..\\..\\Correos\\2024\December\18\TRACK ALERT ID 2369,2372,2374 at , Serial_ T010987 Prueba Amacayacu 2024\features_0\2024-December-18_2372-Camara_Amacayacu-8_crop0.npy",4.6513133,3.7813122,8
"..\\..\\..\\..\\Correos\\2024\December\18\TRACK ALERT ID 2369,2372,2374 at , Serial_ T010987 Prueba Amacayacu 2024\features_0\2024-December-18_2374-Camara_Amacayacu-9_crop0.npy",-5.0310407,27.5509,8
"..\\..\\..\\..\\Correos\\2024\December\18\TRACK ALERT ID 2369,2374,2375,2376 at , Serial_ T010987 Prueba Amacayacu 2024\features_0\2024-December-18_2372-Camara_Amacayacu-0_crop0.npy",10.596713,-5.8285437,8
"..\\..\\..\\..\\Correos\\2024\December\18\TRACK ALERT ID 2369,2374,2375,2376 at , Serial_ T010987 Prueba Amacayacu 2024\features_0\2024-December-18_2372-Camara_Amacayacu-0_crop1.npy",9.417516,-6.3177857,8
"..\\..\\..\\..\\Correos\\2024\December\18\TRACK ALERT ID 2369,2374,2375,2376 at , Serial_ T010987 Prueba Amacayacu 2024\features_0\2024-December-18_2372-Camara_Amacayacu-1_crop0.npy",4.6513133,3.7813122,8
"..\\..\\..\\..\\Correos\\2024\December\18\TRACK ALERT ID 2369,2374,2375,2376 at , Serial_ T010987 Prueba Amacayacu 2024\features_0\2024-December-18_2374-Camara_Amacayacu-2_crop0.npy",-5.0310407,27.5509,8
"..\\..\\..\\..\\Correos\\2024\December\18\TRACK ALERT ID 2369,2374,2375,2376 at , Serial_ T010987 Prueba Amacayacu 2024\features_0\2024-December-18_2374-Camara_Amacayacu-3_crop0.npy",-3.3332524,28.311373,8
"..\\..\\..\\..\\Correos\\2024\December\18\TRACK ALERT ID 2369,2374,2375,2376 at , Serial_ T010987 Prueba Amacayacu 2024\features_0\2024-December-18_2374-Camara_Amacayacu-3_crop1.npy",-3.4576716,28.242958,8
"..\\..\\..\\..\\Correos\\2024\December\18\TRACK ALERT ID 2369,2374,2375,2376 at , Serial_ T010987 Prueba Amacayacu 2024\features_0\2024-December-18_2374-Camara_Amacayacu-4_crop0.npy",-1.1728503,28.14081,8
"..\\..\\..\\..\\Correos\\2024\December\18\TRACK ALERT ID 2369,2374,2375,2376 at , Serial_ T010987 Prueba Amacayacu 2024\features_0\2024-December-18_2374-Camara_Amacayacu-4_crop1.npy",-1.3996816,28.571531,8
"..\\..\\..\\..\\Correos\\2024\December\18\TRACK ALERT ID 2369,2374,2375,2376 at , Serial_ T010987 Prueba Amacayacu 2024\features_0\2024-December-18_2375-Camara_Amacayacu-5_crop0.npy",-1.0620713,29.496094,8
"..\\..\\..\\..\\Correos\\2024\December\18\TRACK ALERT ID 2369,2374,2375,2376 at , Serial_ T010987 Prueba Amacayacu 2024\features_0\2024-December-18_2375-Camara_Amacayacu-6_crop0.npy",31.923164,40.618923,6
"..\\..\\..\\..\\Correos\\2024\December\18\TRACK ALERT ID 2369,2374,2375,2376 at , Serial_ T010987 Prueba Amacayacu 2024\features_0\2024-December-18_2375-Camara_Amacayacu-7_crop0.npy",46.23982,44.972515,6
"..\\..\\..\\..\\Correos\\2024\December\18\TRACK ALERT ID 2369,2378 at , Serial_ T010987 Prueba Amacayacu 2024\features_0\2024-December-18_2369-Camara_Amacayacu-3_crop0.npy",36.827488,57.411644,6
"..\\..\\..\\..\\Correos\\2024\December\18\TRACK ALERT ID 2369,2378 at , Serial_ T010987 Prueba Amacayacu 2024\features_0\2024-December-18_2369-Camara_Amacayacu-4_crop0.npy",36.35682,55.90947,6
"..\\..\\..\\..\\Correos\\2024\December\18\TRACK ALERT ID 2369,2378 at , Serial_ T010987 Prueba Amacayacu 2024\features_0\2024-December-18_2369-Camara_Amacayacu-4_crop1.npy",32.066833,42.967846,6
"..\\..\\..\\..\\Correos\\2024\December\18\TRACK ALERT ID 2369,2378 at , Serial_ T010987 Prueba Amacayacu 2024\features_0\2024-December-18_2369-Camara_Amacayacu-4_crop2.npy",32.02973,42.668594,6
"..\\..\\..\\..\\Correos\\2024\December\18\TRACK ALERT ID 2369,2378 at , Serial_ T010987 Prueba Amacayacu 2024\features_0\2024-December-18_2369-Camara_Amacayacu-5_crop0.npy",34.381,18.81844,1
"..\\..\\..\\..\\Correos\\2024\December\18\TRACK ALERT ID 2369,2378 at , Serial_ T010987 Prueba Amacayacu 2024\features_0\2024-December-18_2378-Camara_Amacayacu-1_crop0.npy",34.621937,18.691479,1
"..\\..\\..\\..\\Correos\\2024\December\18\TRACK ALERT ID 2369,2378 at , Serial_ T010987 Prueba Amacayacu 2024\features_0\2024-December-18_2378-Camara_Amacayacu-2_crop0.npy",37.40546,56.512238,6
"..\\..\\..\\..\\Correos\\2024\December\18\TRACK ALERT ID 2379 at , Serial_ T010987 Prueba Amacayacu 2024\features_0\2024-December-18_2379-Camara_Amacayacu-0_crop0.npy",36.280342,46.24651,6
"..\\..\\..\\..\\Correos\\2024\December\18\TRACK ALERT ID 2379 at , Serial_ T010987 Prueba Amacayacu 2024\features_2\2024-December-18_2379-Camara_Amacayacu-0_crop0.npy",36.01542,46.020386,6
"..\\..\\..\\..\\Correos\\2024\December\18\TRACK ALERT ID 2379 at , Serial_ T010987 Prueba Amacayacu 2024\features_5\2024-December-18_2379-Camara_Amacayacu-0_crop0.npy",25.851904,-50.395557,2
"..\\..\\..\\..\\Correos\\2024\December\18\TRACK ALERT ID 2379 at , Serial_ T010987 Prueba Amacayacu 2024\features_2\2024-December-18_2379-Camara_Amacayacu-0_crop1.npy",39.23927,50.545868,6
"..\\..\\..\\..\\Correos\\2024\December\18\TRACK ALERT ID 2379 at , Serial_ T010987 Prueba Amacayacu 2024\features_2\2024-December-18_2379-Camara_Amacayacu-1_crop0.npy",29.463175,44.165306,6
"..\\..\\..\\..\\Correos\\2024\December\18\TRACK ALERT ID 2379 at , Serial_ T010987 Prueba Amacayacu 2024\features_2\2024-December-18_2379-Camara_Amacayacu-1_crop1.npy",36.643696,52.879852,6
"..\\..\\..\\..\\Correos\\2024\December\18\TRACK ALERT ID 2379 at , Serial_ T010987 Prueba Amacayacu 2024\features_2\2024-December-18_2379-Camara_Amacayacu-1_crop2.npy",26.754568,42.146683,6
"..\\..\\..\\..\\Correos\\2024\December\18\TRACK ALERT ID 2379 at , Serial_ T010987 Prueba Amacayacu 2024\features_2\2024-December-18_2379-Camara_Amacayacu-2_crop0.npy",34.77483,48.257053,6
"..\\..\\..\\..\\Correos\\2024\December\18\TRACK ALERT ID 2379 at , Serial_ T010987 Prueba Amacayacu 2024\features_2\2024-December-18_2379-Camara_Amacayacu-2_crop1.npy",35.75051,47.360203,6
"..\\..\\..\\..\\Correos\\2024\December\18\TRACK ALERT ID 2383 at , Serial_ T010987 Prueba Amacayacu 2024\features_0\2024-December-18_2383-Camara_Amacayacu-0_crop0.npy",37.755966,47.815285,6
"..\\..\\..\\..\\Correos\\2024\December\18\TRACK ALERT ID 2383 at , Serial_ T010987 Prueba Amacayacu 2024\features_0\2024-December-18_2383-Camara_Amacayacu-1_crop0.npy",36.993385,48.602917,6
"..\\..\\..\\..\\Correos\\2024\December\18\TRACK ALERT ID 2386 at , Serial_ T010987 Prueba Amacayacu 2024\features_2\2024-December-18_2386-Camara_Amacayacu-0_crop0.npy",38.634754,47.241623,6
"..\\..\\..\\..\\Correos\\2024\December\18\TRACK ALERT ID 2386 at , Serial_ T010987 Prueba Amacayacu 2024\features_2\2024-December-18_2386-Camara_Amacayacu-1_crop0.npy",38.72622,46.56095,6
"..\\..\\..\\..\\Correos\\2024\December\18\TRACK ALERT ID 2386 at , Serial_ T010987 Prueba Amacayacu 2024\features_2\2024-December-18_2386-Camara_Amacayacu-2_crop0.npy",21.016712,11.364275,1
"..\\..\\..\\..\\Correos\\2024\December\18\TRACK ALERT ID 2387 at , Serial_ T010987 Prueba Amacayacu 2024\features_0\2024-December-18_2387-Camara_Amacayacu-0_crop0.npy",5.3454723,19.142958,8
"..\\..\\..\\..\\Correos\\2024\December\18\TRACK ALERT ID 2387 at , Serial_ T010987 Prueba Amacayacu 2024\features_1\2024-December-18_2387-Camara_Amacayacu-0_crop0.npy",4.7570143,18.319899,8
"..\\..\\..\\..\\Correos\\2024\December\18\TRACK ALERT ID 2387 at , Serial_ T010987 Prueba Amacayacu 2024\features_2\2024-December-18_2387-Camara_Amacayacu-0_crop0.npy",4.7570143,18.319899,8
"..\\..\\..\\..\\Correos\\2024\December\18\TRACK ALERT ID 2387 at , Serial_ T010987 Prueba Amacayacu 2024\features_3\2024-December-18_2387-Camara_Amacayacu-0_crop0.npy",4.7570143,18.319899,8
"..\\..\\..\\..\\Correos\\2024\December\18\TRACK ALERT ID 2387 at , Serial_ T010987 Prueba Amacayacu 2024\features_4\2024-December-18_2387-Camara_Amacayacu-0_crop0.npy",4.7570143,18.319899,8
"..\\..\\..\\..\\Correos\\2024\December\18\TRACK ALERT ID 2387 at , Serial_ T010987 Prueba Amacayacu 2024\features_0\2024-December-18_2387-Camara_Amacayacu-1_crop0.npy",2.0711012,21.922924,8
"..\\..\\..\\..\\Correos\\2024\December\18\TRACK ALERT ID 2387 at , Serial_ T010987 Prueba Amacayacu 2024\features_1\2024-December-18_2387-Camara_Amacayacu-1_crop0.npy",2.0711012,21.922924,8
"..\\..\\..\\..\\Correos\\2024\December\18\TRACK ALERT ID 2387 at , Serial_ T010987 Prueba Amacayacu 2024\features_2\2024-December-18_2387-Camara_Amacayacu-1_crop0.npy",2.0711012,21.922924,8
"..\\..\\..\\..\\Correos\\2024\December\18\TRACK ALERT ID 2387 at , Serial_ T010987 Prueba Amacayacu 2024\features_3\2024-December-18_2387-Camara_Amacayacu-1_crop0.npy",2.0711012,21.922924,8
"..\\..\\..\\..\\Correos\\2024\December\18\TRACK ALERT ID 2387 at , Serial_ T010987 Prueba Amacayacu 2024\features_4\2024-December-18_2387-Camara_Amacayacu-1_crop0.npy",2.0711012,21.922924,8
"..\\..\\..\\..\\Correos\\2024\December\18\TRACK ALERT ID 2387 at , Serial_ T010987 Prueba Amacayacu 2024\features_0\2024-December-18_2387-Camara_Amacayacu-2_crop0.npy",-1.931366,21.281324,8
"..\\..\\..\\..\\Correos\\2024\December\18\TRACK ALERT ID 2387 at , Serial_ T010987 Prueba Amacayacu 2024\features_1\2024-December-18_2387-Camara_Amacayacu-2_crop0.npy",-1.931366,21.281324,8
"..\\..\\..\\..\\Correos\\2024\December\18\TRACK ALERT ID 2387 at , Serial_ T010987 Prueba Amacayacu 2024\features_2\2024-December-18_2387-Camara_Amacayacu-2_crop0.npy",-1.931366,21.281324,8
"..\\..\\..\\..\\Correos\\2024\December\18\TRACK ALERT ID 2387 at , Serial_ T010987 Prueba Amacayacu 2024\features_1\2024-December-18_2387-Camara_Amacayacu-3_crop0.npy",-0.21603543,20.223442,8
"..\\..\\..\\..\\Correos\\2024\December\18\TRACK ALERT ID 2387 at , Serial_ T010987 Prueba Amacayacu 2024\features_1\2024-December-18_2387-Camara_Amacayacu-4_crop0.npy",0.19468844,22.568516,8
"..\\..\\..\\..\\Correos\\2024\December\18\TRACK ALERT ID 2387 at , Serial_ T010987 Prueba Amacayacu 2024\features_1\2024-December-18_2387-Camara_Amacayacu-4_crop1.npy",35.08282,56.41531,6
"..\\..\\..\\..\\Correos\\2024\December\18\TRACK ALERT ID 2396 at , Serial_ T010987 Prueba Amacayacu 2024\features_0\2024-December-18_2396-Camara_Amacayacu-0_crop0.npy",12.998211,-26.899761,2
"..\\..\\..\\..\\Correos\\2024\December\18\TRACK ALERT ID 2422 at , Serial_ T010987 Prueba Amacayacu 2024\features_0\2024-December-18_2422-Camara_Amacayacu-0_crop0.npy",23.937119,-51.23151,2
"..\\..\\..\\..\\Correos\\2024\December\18\TRACK ALERT ID 2432,2433 at , Serial_ T010987 Prueba Amacayacu 2024\features_0\2024-December-18_2432-Camara_Amacayacu-1_crop0.npy",-8.258214,18.81124,8
"..\\..\\..\\..\\Correos\\2024\December\18\TRACK ALERT ID 2432,2433 at , Serial_ T010987 Prueba Amacayacu 2024\features_0\2024-December-18_2432-Camara_Amacayacu-1_crop1.npy",-8.243211,18.825022,8
"..\\..\\..\\..\\Correos\\2024\December\18\TRACK ALERT ID 2458 at , Serial_ T010987 Prueba Amacayacu 2024\features_0\2024-December-18_2458-Camara_Amacayacu-2_crop0.npy",15.967428,-9.813479,8
"..\\..\\..\\..\\Correos\\2024\December\18\TRACK ALERT ID 2487 at , Serial_ T010987 Prueba Amacayacu 2024\features_2\2024-December-18_preset-Camara_Amacayacu-4_crop0.npy",36.982124,13.0191555,1
"..\\..\\..\\..\\Correos\\2024\December\18\TRACK ALERT ID 2487 at , Serial_ T010987 Prueba Amacayacu 2024\features_3\2024-December-18_preset-Camara_Amacayacu-4_crop0.npy",36.982124,13.0191555,1
"..\\..\\..\\..\\Correos\\2024\December\18\TRACK ALERT ID 2487 at , Serial_ T010987 Prueba Amacayacu 2024\features_5\2024-December-18_preset-Camara_Amacayacu-4_crop0.npy",37.73588,12.744063,1
"..\\..\\..\\..\\Correos\\2024\December\18\TRACK ALERT ID 2487 at , Serial_ T010987 Prueba Amacayacu 2024\features_6\2024-December-18_preset-Camara_Amacayacu-4_crop0.npy",37.73588,12.744063,1
"..\\..\\..\\..\\Correos\\2024\December\18\TRACK ALERT ID 2489 at , Serial_ T010987 Prueba Amacayacu 2024\features_0\2024-December-18_2489-Camara_Amacayacu-1_crop0.npy",35.294018,8.708116,1
"..\\..\\..\\..\\Correos\\2024\December\18\TRACK ALERT ID 2508 at , Serial_ T010987 Prueba Amacayacu 2024\features_0\2024-December-18_2508-Camara_Amacayacu-1_crop0.npy",30.339336,3.1891353,1
"..\\..\\..\\..\\Correos\\2024\December\18\TRACK ALERT ID 2515 at , Serial_ T010987 Prueba Amacayacu 2024\features_0\2024-December-18_2515-Camara_Amacayacu-1_crop0.npy",68.29438,26.020313,4
"..\\..\\..\\..\\Correos\\2024\December\19\TRACK ALERT ID 2591 at , Serial_ T010987 Prueba Amacayacu 2024\features_0\2024-December-19_2591-Camara_Amacayacu-0_crop0.npy",-60.964325,-43.945824,7
"..\\..\\..\\..\\Correos\\2024\December\19\TRACK ALERT ID 2601 at , Serial_ T010987 Prueba Amacayacu 2024\features_1\2024-December-19_2601-Camara_Amacayacu-1_crop0.npy",-62.410892,2.8774288,3
"..\\..\\..\\..\\Correos\\2024\December\19\TRACK ALERT ID 2603 at , Serial_ T010987 Prueba Amacayacu 2024\features_0\2024-December-19_2603-Camara_Amacayacu-0_crop0.npy",-60.172363,-7.7752147,3
"..\\..\\..\\..\\Correos\\2024\December\19\TRACK ALERT ID 2603 at , Serial_ T010987 Prueba Amacayacu 2024\features_2\2024-December-19_2603-Camara_Amacayacu-2_crop0.npy",-63.53577,4.1722364,3
"..\\..\\..\\..\\Correos\\2024\December\19\TRACK ALERT ID 2614,2615 at , Serial_ T010987 Prueba Amacayacu 2024\features_0\2024-December-19_2614-Camara_Amacayacu-1_crop0.npy",-38.488968,23.186642,0
"..\\..\\..\\..\\Correos\\2024\December\19\TRACK ALERT ID 2621 at , Serial_ T010987 Prueba Amacayacu 2024\features_0\2024-December-19_2621-Camara_Amacayacu-0_crop0.npy",41.067997,-1.0809618,1
"..\\..\\..\\..\\Correos\\2024\December\19\TRACK ALERT ID 2621,2622 at , Serial_ T010987 Prueba Amacayacu 2024\features_0\2024-December-19_2621-Camara_Amacayacu-0_crop0.npy",40.52427,-1.0857879,1
"..\\..\\..\\..\\Correos\\2024\December\19\TRACK ALERT ID 2621 at , Serial_ T010987 Prueba Amacayacu 2024\features_0\2024-December-19_2621-Camara_Amacayacu-1_crop0.npy",43.097088,4.2466393,1
"..\\..\\..\\..\\Correos\\2024\December\19\TRACK ALERT ID 2621 at , Serial_ T010987 Prueba Amacayacu 2024\features_1\2024-December-19_2621-Camara_Amacayacu-1_crop0.npy",40.71857,-1.4326487,1
"..\\..\\..\\..\\Correos\\2024\December\19\TRACK ALERT ID 2621 at , Serial_ T010987 Prueba Amacayacu 2024\features_2\2024-December-19_2621-Camara_Amacayacu-1_crop0.npy",42.021763,-2.6776757,1
"..\\..\\..\\..\\Correos\\2024\December\19\TRACK ALERT ID 2621,2622 at , Serial_ T010987 Prueba Amacayacu 2024\features_0\2024-December-19_2621-Camara_Amacayacu-1_crop0.npy",43.01568,3.782256,1
"..\\..\\..\\..\\Correos\\2024\December\19\TRACK ALERT ID 2621 at , Serial_ T010987 Prueba Amacayacu 2024\features_1\2024-December-19_2621-Camara_Amacayacu-2_crop0.npy",42.6256,4.0846033,1
"..\\..\\..\\..\\Correos\\2024\December\19\TRACK ALERT ID 2621 at , Serial_ T010987 Prueba Amacayacu 2024\features_2\2024-December-19_2621-Camara_Amacayacu-2_crop0.npy",41.276497,-3.420189,1
"..\\..\\..\\..\\Correos\\2024\December\19\TRACK ALERT ID 2626,2629 at , Serial_ T010987 Prueba Amacayacu 2024\features_0\2024-December-19_2629-Camara_Amacayacu-4_crop0.npy",42.267464,-56.61576,2
"..\\..\\..\\..\\Correos\\2024\December\19\TRACK ALERT ID 2629,2630 at , Serial_ T010987 Prueba Amacayacu 2024\features_0\2024-December-19_2629-Camara_Amacayacu-4_crop0.npy",32.029995,63.244022,6
"..\\..\\..\\..\\Correos\\2024\December\19\TRACK ALERT ID 2629,2630,2632 at , Serial_ T010987 Prueba Amacayacu 2024\features_0\2024-December-19_2629-Camara_Amacayacu-4_crop0.npy",-51.578266,21.934185,0
"..\\..\\..\\..\\Correos\\2024\December\19\TRACK ALERT ID 2630 at , Serial_ T010987 Prueba Amacayacu 2024\features_0\2024-December-19_2629-Camara_Amacayacu-4_crop0.npy",32.029995,63.244022,6
"..\\..\\..\\..\\Correos\\2024\December\19\TRACK ALERT ID 2632 at , Serial_ T010987 Prueba Amacayacu 2024\features_0\2024-December-19_2629-Camara_Amacayacu-4_crop0.npy",-53.963013,21.227943,3
"..\\..\\..\\..\\Correos\\2024\December\19\TRACK ALERT ID 2632 at , Serial_ T010987 Prueba Amacayacu 2024\features_2\2024-December-19_2629-Camara_Amacayacu-4_crop0.npy",-54.058006,21.816854,3
"..\\..\\..\\..\\Correos\\2024\December\19\TRACK ALERT ID 2626,2629 at , Serial_ T010987 Prueba Amacayacu 2024\features_0\2024-December-19_2629-Camara_Amacayacu-7_crop0.npy",35.12655,63.14467,6
"..\\..\\..\\..\\Correos\\2024\December\19\TRACK ALERT ID 2626,2629 at , Serial_ T010987 Prueba Amacayacu 2024\features_0\2024-December-19_2629-Camara_Amacayacu-8_crop0.npy",32.029995,63.244022,6
"..\\..\\..\\..\\Correos\\2024\December\19\TRACK ALERT ID 2629,2630 at , Serial_ T010987 Prueba Amacayacu 2024\features_0\2024-December-19_2629-Camara_Amacayacu-8_crop0.npy",40.39089,-57.683064,2
"..\\..\\..\\..\\Correos\\2024\December\19\TRACK ALERT ID 2630 at , Serial_ T010987 Prueba Amacayacu 2024\features_0\2024-December-19_2629-Camara_Amacayacu-8_crop0.npy",40.39089,-57.683064,2
"..\\..\\..\\..\\Correos\\2024\December\19\TRACK ALERT ID 2626,2629 at , Serial_ T010987 Prueba Amacayacu 2024\features_0\2024-December-19_2629-Camara_Amacayacu-9_crop0.npy",30.618372,60.664738,6
"..\\..\\..\\..\\Correos\\2024\December\19\TRACK ALERT ID 2629,2630 at , Serial_ T010987 Prueba Amacayacu 2024\features_0\2024-December-19_2629-Camara_Amacayacu-9_crop0.npy",1.5627156,12.999215,8
"..\\..\\..\\..\\Correos\\2024\December\19\TRACK ALERT ID 2630 at , Serial_ T010987 Prueba Amacayacu 2024\features_0\2024-December-19_2629-Camara_Amacayacu-9_crop0.npy",0.9952829,12.837713,8
"..\\..\\..\\..\\Correos\\2024\December\19\TRACK ALERT ID 2629,2630 at , Serial_ T010987 Prueba Amacayacu 2024\features_0\2024-December-19_2629-Camara_Amacayacu-0_crop0.npy",42.267464,-56.61576,2
"..\\..\\..\\..\\Correos\\2024\December\19\TRACK ALERT ID 2629,2630,2632 at , Serial_ T010987 Prueba Amacayacu 2024\features_0\2024-December-19_2629-Camara_Amacayacu-0_crop0.npy",1.3888803,12.533493,8
"..\\..\\..\\..\\Correos\\2024\December\19\TRACK ALERT ID 2630 at , Serial_ T010987 Prueba Amacayacu 2024\features_0\2024-December-19_2629-Camara_Amacayacu-0_crop0.npy",42.267464,-56.61576,2
"..\\..\\..\\..\\Correos\\2024\December\19\TRACK ALERT ID 2629,2630 at , Serial_ T010987 Prueba Amacayacu 2024\features_0\2024-December-19_2629-Camara_Amacayacu-3_crop0.npy",35.083164,63.6703,6
"..\\..\\..\\..\\Correos\\2024\December\19\TRACK ALERT ID 2629,2630,2632 at , Serial_ T010987 Prueba Amacayacu 2024\features_0\2024-December-19_2629-Camara_Amacayacu-3_crop0.npy",-29.478987,18.083323,0
"..\\..\\..\\..\\Correos\\2024\December\19\TRACK ALERT ID 2630 at , Serial_ T010987 Prueba Amacayacu 2024\features_0\2024-December-19_2629-Camara_Amacayacu-3_crop0.npy",35.12655,63.14467,6
"..\\..\\..\\..\\Correos\\2024\December\19\TRACK ALERT ID 2632 at , Serial_ T010987 Prueba Amacayacu 2024\features_0\2024-December-19_2629-Camara_Amacayacu-3_crop0.npy",-51.578266,21.934185,0
"..\\..\\..\\..\\Correos\\2024\December\19\TRACK ALERT ID 2632 at , Serial_ T010987 Prueba Amacayacu 2024\features_2\2024-December-19_2629-Camara_Amacayacu-3_crop0.npy",-51.74424,22.471302,0
"..\\..\\..\\..\\Correos\\2024\December\19\TRACK ALERT ID 2629,2630 at , Serial_ T010987 Prueba Amacayacu 2024\features_0\2024-December-19_2629-Camara_Amacayacu-5_crop0.npy",30.618372,60.664738,6
"..\\..\\..\\..\\Correos\\2024\December\19\TRACK ALERT ID 2629,2630,2632 at , Serial_ T010987 Prueba Amacayacu 2024\features_0\2024-December-19_2629-Camara_Amacayacu-5_crop0.npy",-54.463417,21.455719,3
"..\\..\\..\\..\\Correos\\2024\December\19\TRACK ALERT ID 2630 at , Serial_ T010987 Prueba Amacayacu 2024\features_0\2024-December-19_2629-Camara_Amacayacu-5_crop0.npy",30.618372,60.664738,6
"..\\..\\..\\..\\Correos\\2024\December\19\TRACK ALERT ID 2632 at , Serial_ T010987 Prueba Amacayacu 2024\features_0\2024-December-19_2629-Camara_Amacayacu-5_crop0.npy",-57.133762,18.70071,3
"..\\..\\..\\..\\Correos\\2024\December\19\TRACK ALERT ID 2632 at , Serial_ T010987 Prueba Amacayacu 2024\features_2\2024-December-19_2629-Camara_Amacayacu-5_crop0.npy",-57.27208,18.250559,3
"..\\..\\..\\..\\Correos\\2024\December\19\TRACK ALERT ID 2629,2630 at , Serial_ T010987 Prueba Amacayacu 2024\features_0\2024-December-19_2629-Camara_Amacayacu-6_crop0.npy",21.939201,7.1280103,1
"..\\..\\..\\..\\Correos\\2024\December\19\TRACK ALERT ID 2629,2630,2632 at , Serial_ T010987 Prueba Amacayacu 2024\features_0\2024-December-19_2629-Camara_Amacayacu-6_crop0.npy",-57.55315,18.632338,3
"..\\..\\..\\..\\Correos\\2024\December\19\TRACK ALERT ID 2630 at , Serial_ T010987 Prueba Amacayacu 2024\features_0\2024-December-19_2629-Camara_Amacayacu-6_crop0.npy",21.939445,7.12795,1
"..\\..\\..\\..\\Correos\\2024\December\19\TRACK ALERT ID 2629,2630 at , Serial_ T010987 Prueba Amacayacu 2024\features_0\2024-December-19_2629-Camara_Amacayacu-9_crop1.npy",0.9690954,15.324002,8
"..\\..\\..\\..\\Correos\\2024\December\19\TRACK ALERT ID 2630 at , Serial_ T010987 Prueba Amacayacu 2024\features_0\2024-December-19_2629-Camara_Amacayacu-9_crop1.npy",0.44665566,15.129126,8
"..\\..\\..\\..\\Correos\\2024\December\19\TRACK ALERT ID 2629,2630,2632 at , Serial_ T010987 Prueba Amacayacu 2024\features_0\2024-December-19_2629-Camara_Amacayacu-0_crop1.npy",0.44665566,15.129126,8
"..\\..\\..\\..\\Correos\\2024\December\19\TRACK ALERT ID 2629,2630,2632 at , Serial_ T010987 Prueba Amacayacu 2024\features_0\2024-December-19_2630-Camara_Amacayacu-1_crop0.npy",-2.3001776,16.53187,8
"..\\..\\..\\..\\Correos\\2024\December\19\TRACK ALERT ID 2632 at , Serial_ T010987 Prueba Amacayacu 2024\features_0\2024-December-19_2629-Camara_Amacayacu-2_crop0.npy",-29.478987,18.083323,0
"..\\..\\..\\..\\Correos\\2024\December\19\TRACK ALERT ID 2632 at , Serial_ T010987 Prueba Amacayacu 2024\features_2\2024-December-19_2629-Camara_Amacayacu-2_crop0.npy",-29.961288,17.973392,0
"..\\..\\..\\..\\Correos\\2024\December\19\TRACK ALERT ID 2632 at , Serial_ T010987 Prueba Amacayacu 2024\features_0\2024-December-19_2630-Camara_Amacayacu-0_crop0.npy",-2.3001776,16.53187,8
"..\\..\\..\\..\\Correos\\2024\December\19\TRACK ALERT ID 2632 at , Serial_ T010987 Prueba Amacayacu 2024\features_2\2024-December-19_2630-Camara_Amacayacu-0_crop0.npy",-2.3001776,16.53187,8
"..\\..\\..\\..\\Correos\\2024\December\19\TRACK ALERT ID 2635 at , Serial_ T010987 Prueba Amacayacu 2024\features_6\2024-December-19_2635-Camara_Amacayacu-5_crop0.npy",27.221846,-45.859463,2
"..\\..\\..\\..\\Correos\\2024\December\19\TRACK ALERT ID 2635 at , Serial_ T010987 Prueba Amacayacu 2024\features_7\2024-December-19_2635-Camara_Amacayacu-7_crop0.npy",27.221846,-45.859463,2
"..\\..\\..\\..\\Correos\\2024\December\19\TRACK ALERT ID 2650 at , Serial_ T010987 Prueba Amacayacu 2024\features_7\2024-December-19_2650-Camara_Amacayacu-2_crop0.npy",-10.230571,0.99474335,8
"..\\..\\..\\..\\Correos\\2024\December\19\TRACK ALERT ID 2650,2656 at , Serial_ T010987 Prueba Amacayacu 2024\features_0\2024-December-19_2650-Camara_Amacayacu-2_crop0.npy",-10.705353,1.0058631,8
"..\\..\\..\\..\\Correos\\2024\December\19\TRACK ALERT ID 2650 at , Serial_ T010987 Prueba Amacayacu 2024\features_7\2024-December-19_2650-Camara_Amacayacu-3_crop0.npy",-17.302658,3.8436553,8
"..\\..\\..\\..\\Correos\\2024\December\19\TRACK ALERT ID 2650,2656 at , Serial_ T010987 Prueba Amacayacu 2024\features_0\2024-December-19_2650-Camara_Amacayacu-3_crop0.npy",-17.126871,3.2760644,8
"..\\..\\..\\..\\Correos\\2024\December\19\TRACK ALERT ID 2650 at , Serial_ T010987 Prueba Amacayacu 2024\features_7\2024-December-19_2650-Camara_Amacayacu-3_crop1.npy",-15.276945,2.6441665,8
"..\\..\\..\\..\\Correos\\2024\December\19\TRACK ALERT ID 2650,2656 at , Serial_ T010987 Prueba Amacayacu 2024\features_0\2024-December-19_2650-Camara_Amacayacu-3_crop1.npy",-15.922973,2.5323982,8
"..\\..\\..\\..\\Correos\\2024\December\19\TRACK ALERT ID 2650 at , Serial_ T010987 Prueba Amacayacu 2024\features_7\2024-December-19_2650-Camara_Amacayacu-4_crop0.npy",-38.425083,-16.328209,7
"..\\..\\..\\..\\Correos\\2024\December\19\TRACK ALERT ID 2650,2656 at , Serial_ T010987 Prueba Amacayacu 2024\features_0\2024-December-19_2650-Camara_Amacayacu-4_crop0.npy",-38.936314,-16.569937,7
"..\\..\\..\\..\\Correos\\2024\December\19\TRACK ALERT ID 2650,2656 at , Serial_ T010987 Prueba Amacayacu 2024\features_1\2024-December-19_2650-Camara_Amacayacu-4_crop0.npy",-10.42602,1.4167182,8
"..\\..\\..\\..\\Correos\\2024\December\19\TRACK ALERT ID 2650 at , Serial_ T010987 Prueba Amacayacu 2024\features_7\2024-December-19_2656-Camara_Amacayacu-5_crop0.npy",-42.170513,-16.285984,7
"..\\..\\..\\..\\Correos\\2024\December\19\TRACK ALERT ID 2650,2656 at , Serial_ T010987 Prueba Amacayacu 2024\features_0\2024-December-19_2656-Camara_Amacayacu-5_crop0.npy",-42.30139,-15.819977,7
"..\\..\\..\\..\\Correos\\2024\December\19\TRACK ALERT ID 2650 at , Serial_ T010987 Prueba Amacayacu 2024\features_7\2024-December-19_2656-Camara_Amacayacu-6_crop0.npy",-43.262665,0.230913,3
"..\\..\\..\\..\\Correos\\2024\December\19\TRACK ALERT ID 2650,2656 at , Serial_ T010987 Prueba Amacayacu 2024\features_0\2024-December-19_2656-Camara_Amacayacu-6_crop0.npy",-43.27856,0.70529836,3
"..\\..\\..\\..\\Correos\\2024\December\19\TRACK ALERT ID 2650 at , Serial_ T010987 Prueba Amacayacu 2024\features_7\2024-December-19_2656-Camara_Amacayacu-6_crop1.npy",-41.57634,2.8691478,0
"..\\..\\..\\..\\Correos\\2024\December\19\TRACK ALERT ID 2650,2656 at , Serial_ T010987 Prueba Amacayacu 2024\features_0\2024-December-19_2656-Camara_Amacayacu-6_crop1.npy",-41.57634,2.8691478,0
"..\\..\\..\\..\\Correos\\2024\December\19\TRACK ALERT ID 2650,2656 at , Serial_ T010987 Prueba Amacayacu 2024\features_1\2024-December-19_2650-Camara_Amacayacu-5_crop0.npy",-16.69918,3.9900823,8
"..\\..\\..\\..\\Correos\\2024\December\19\TRACK ALERT ID 2650,2656 at , Serial_ T010987 Prueba Amacayacu 2024\features_1\2024-December-19_2650-Camara_Amacayacu-5_crop1.npy",-15.444135,3.2792058,8
"..\\..\\..\\..\\Correos\\2024\December\19\TRACK ALERT ID 2650,2656 at , Serial_ T010987 Prueba Amacayacu 2024\features_1\2024-December-19_2650-Camara_Amacayacu-6_crop0.npy",-38.8409,-15.987367,7
"..\\..\\..\\..\\Correos\\2024\December\19\TRACK ALERT ID 2650,2656 at , Serial_ T010987 Prueba Amacayacu 2024\features_1\2024-December-19_2656-Camara_Amacayacu-7_crop0.npy",-41.802372,-15.989655,7
"..\\..\\..\\..\\Correos\\2024\December\19\TRACK ALERT ID 2650,2656 at , Serial_ T010987 Prueba Amacayacu 2024\features_1\2024-December-19_2656-Camara_Amacayacu-8_crop0.npy",-42.868748,0.4486223,3
"..\\..\\..\\..\\Correos\\2024\December\19\TRACK ALERT ID 2650,2656 at , Serial_ T010987 Prueba Amacayacu 2024\features_1\2024-December-19_2656-Camara_Amacayacu-8_crop1.npy",-41.57634,2.8691478,0
"..\\..\\..\\..\\Correos\\2024\December\19\TRACK ALERT ID 2680,2682 at , Serial_ T010987 Prueba Amacayacu 2024\features_1\2024-December-19_2680-Camara_Amacayacu-0_crop0.npy",-23.724546,-40.566315,9
"..\\..\\..\\..\\Correos\\2024\December\19\TRACK ALERT ID 2687 at , Serial_ T010987 Prueba Amacayacu 2024\features_0\2024-December-19_2687-Camara_Amacayacu-9_crop0.npy",39.756325,19.511108,1
"..\\..\\..\\..\\Correos\\2024\December\19\TRACK ALERT ID 2687 at , Serial_ T010987 Prueba Amacayacu 2024\features_1\2024-December-19_2687-Camara_Amacayacu-9_crop0.npy",39.756325,19.511108,1
"..\\..\\..\\..\\Correos\\2024\December\19\TRACK ALERT ID 2691,2693 at , Serial_ T010987 Prueba Amacayacu 2024\features_0\2024-December-19_2691-Camara_Amacayacu-0_crop0.npy",40.832367,18.794685,1
"..\\..\\..\\..\\Correos\\2024\December\19\TRACK ALERT ID 2794 at , Serial_ T010987 Prueba Amacayacu 2024\features_0\2024-December-19_2794-Camara_Amacayacu-2_crop0.npy",23.867308,-18.153717,1
"..\\..\\..\\..\\Correos\\2024\December\19\TRACK ALERT ID 2794 at , Serial_ T010987 Prueba Amacayacu 2024\features_1\2024-December-19_2794-Camara_Amacayacu-4_crop0.npy",23.867197,-18.153742,1
"..\\..\\..\\..\\Correos\\2024\December\19\TRACK ALERT ID 2817 at , Serial_ T010987 Prueba Amacayacu 2024\features_0\2024-December-19_2817-Camara_Amacayacu-1_crop0.npy",5.211619,-53.86569,2
"..\\..\\..\\..\\Correos\\2024\December\19\TRACK ALERT ID 2876 at , Serial_ T010987 Prueba Amacayacu 2024\features_1\2024-December-19_2876-Camara_Amacayacu-0_crop0.npy",-26.461197,-41.649353,9
"..\\..\\..\\..\\Correos\\2024\December\19\TRACK ALERT ID 2912 at , Serial_ T010987 Prueba Amacayacu 2024\features_5\2024-December-19_2912-Camara_Amacayacu-2_crop0.npy",20.610462,-20.698626,1
"..\\..\\..\\..\\Correos\\2024\December\19\TRACK ALERT ID 2922 at , Serial_ T010987 Prueba Amacayacu 2024\features_0\2024-December-19_2922-Camara_Amacayacu-1_crop0.npy",-65.14513,22.592216,3
"..\\..\\..\\..\\Correos\\2024\December\19\TRACK ALERT ID 2945 at , Serial_ T010987 Prueba Amacayacu 2024\features_0\2024-December-19_2945-Camara_Amacayacu-0_crop0.npy",-55.32257,-15.389604,7
"..\\..\\..\\..\\Correos\\2024\December\19\TRACK ALERT ID 2945 at , Serial_ T010987 Prueba Amacayacu 2024\features_0\2024-December-19_2945-Camara_Amacayacu-1_crop0.npy",13.724571,58.476463,6
"..\\..\\..\\..\\Correos\\2024\December\19\TRACK ALERT ID 2945 at , Serial_ T010987 Prueba Amacayacu 2024\features_0\2024-December-19_2945-Camara_Amacayacu-1_crop1.npy",-55.055843,-7.2269325,3
"..\\..\\..\\..\\Correos\\2024\December\19\TRACK ALERT ID 2945 at , Serial_ T010987 Prueba Amacayacu 2024\features_0\2024-December-19_2945-Camara_Amacayacu-1_crop2.npy",-59.24408,6.754643,3
"..\\..\\..\\..\\Correos\\2024\December\19\TRACK ALERT ID 2946 at , Serial_ T010987 Prueba Amacayacu 2024\features_0\2024-December-19_2946-Camara_Amacayacu-0_crop0.npy",-56.01402,-12.704391,7
"..\\..\\..\\..\\Correos\\2024\December\19\TRACK ALERT ID 2946,2947 at , Serial_ T010987 Prueba Amacayacu 2024\features_0\2024-December-19_2946-Camara_Amacayacu-0_crop0.npy",-56.01398,-12.704392,7
"..\\..\\..\\..\\Correos\\2024\December\19\TRACK ALERT ID 2946 at , Serial_ T010987 Prueba Amacayacu 2024\features_0\2024-December-19_2946-Camara_Amacayacu-1_crop0.npy",-53.018314,-8.903366,7
"..\\..\\..\\..\\Correos\\2024\December\19\TRACK ALERT ID 2946,2947 at , Serial_ T010987 Prueba Amacayacu 2024\features_0\2024-December-19_2946-Camara_Amacayacu-1_crop0.npy",-53.018314,-8.903366,7
"..\\..\\..\\..\\Correos\\2024\December\19\TRACK ALERT ID 2946 at , Serial_ T010987 Prueba Amacayacu 2024\features_0\2024-December-19_2946-Camara_Amacayacu-1_crop1.npy",-60.053387,8.069513,3
"..\\..\\..\\..\\Correos\\2024\December\19\TRACK ALERT ID 2946,2947 at , Serial_ T010987 Prueba Amacayacu 2024\features_0\2024-December-19_2946-Camara_Amacayacu-1_crop1.npy",-60.0538,8.06946,3
"..\\..\\..\\..\\Correos\\2024\December\19\TRACK ALERT ID 2946 at , Serial_ T010987 Prueba Amacayacu 2024\features_0\2024-December-19_2946-Camara_Amacayacu-1_crop2.npy",-52.295055,-7.6290474,3
"..\\..\\..\\..\\Correos\\2024\December\19\TRACK ALERT ID 2946,2947 at , Serial_ T010987 Prueba Amacayacu 2024\features_0\2024-December-19_2946-Camara_Amacayacu-1_crop2.npy",-52.293766,-7.629757,3
"..\\..\\..\\..\\Correos\\2024\December\19\TRACK ALERT ID 2946,2947 at , Serial_ T010987 Prueba Amacayacu 2024\features_0\2024-December-19_2946-Camara_Amacayacu-4_crop0.npy",14.002859,58.48752,6
"..\\..\\..\\..\\Correos\\2024\December\19\TRACK ALERT ID 2946,2947 at , Serial_ T010987 Prueba Amacayacu 2024\features_0\2024-December-19_2946-Camara_Amacayacu-4_crop1.npy",-58.08824,-7.9694257,3
"..\\..\\..\\..\\Correos\\2024\December\19\TRACK ALERT ID 2959 at , Serial_ T010987 Prueba Amacayacu 2024\features_0\2024-December-19_2959-Camara_Amacayacu-0_crop0.npy",-22.987406,-40.96888,9
"..\\..\\..\\..\\Correos\\2024\December\19\TRACK ALERT ID 2978 at , Serial_ T010987 Prueba Amacayacu 2024\features_0\2024-December-19_2978-Camara_Amacayacu-0_crop0.npy",-19.341404,-39.417805,9
"..\\..\\..\\..\\Correos\\2024\December\19\TRACK ALERT ID 2978 at , Serial_ T010987 Prueba Amacayacu 2024\features_1\2024-December-19_2978-Camara_Amacayacu-0_crop0.npy",-19.341404,-39.417805,9
"..\\..\\..\\..\\Correos\\2024\December\19\TRACK ALERT ID 2978 at , Serial_ T010987 Prueba Amacayacu 2024\features_2\2024-December-19_2978-Camara_Amacayacu-0_crop0.npy",-19.341404,-39.417805,9
"..\\..\\..\\..\\Correos\\2024\December\19\TRACK ALERT ID 2978 at , Serial_ T010987 Prueba Amacayacu 2024\features_0\2024-December-19_2978-Camara_Amacayacu-1_crop0.npy",46.20125,10.026371,1
"..\\..\\..\\..\\Correos\\2024\December\19\TRACK ALERT ID 2978 at , Serial_ T010987 Prueba Amacayacu 2024\features_1\2024-December-19_2978-Camara_Amacayacu-1_crop0.npy",46.611076,9.782453,1
"..\\..\\..\\..\\Correos\\2024\December\19\TRACK ALERT ID 2978 at , Serial_ T010987 Prueba Amacayacu 2024\features_2\2024-December-19_2978-Camara_Amacayacu-1_crop0.npy",46.594124,10.262289,1
"..\\..\\..\\..\\Correos\\2024\December\19\TRACK ALERT ID 2978 at , Serial_ T010987 Prueba Amacayacu 2024\features_0\2024-December-19_2978-Camara_Amacayacu-1_crop1.npy",-56.485867,-9.9038925,7
"..\\..\\..\\..\\Correos\\2024\December\19\TRACK ALERT ID 2978 at , Serial_ T010987 Prueba Amacayacu 2024\features_1\2024-December-19_2978-Camara_Amacayacu-1_crop1.npy",-57.174286,-9.614111,7
"..\\..\\..\\..\\Correos\\2024\December\19\TRACK ALERT ID 2978 at , Serial_ T010987 Prueba Amacayacu 2024\features_2\2024-December-19_2978-Camara_Amacayacu-1_crop1.npy",-57.010994,-10.336903,7
"..\\..\\..\\..\\Correos\\2024\December\19\TRACK ALERT ID 2978 at , Serial_ T010987 Prueba Amacayacu 2024\features_0\2024-December-19_2978-Camara_Amacayacu-1_crop2.npy",-58.623898,-10.142707,7
"..\\..\\..\\..\\Correos\\2024\December\19\TRACK ALERT ID 2978 at , Serial_ T010987 Prueba Amacayacu 2024\features_1\2024-December-19_2978-Camara_Amacayacu-1_crop2.npy",-58.623898,-10.142707,7
"..\\..\\..\\..\\Correos\\2024\December\19\TRACK ALERT ID 2978 at , Serial_ T010987 Prueba Amacayacu 2024\features_2\2024-December-19_2978-Camara_Amacayacu-1_crop2.npy",-58.93267,-9.515433,7
"..\\..\\..\\..\\Correos\\2024\December\19\TRACK ALERT ID 2978 at , Serial_ T010987 Prueba Amacayacu 2024\features_0\2024-December-19_2978-Camara_Amacayacu-2_crop0.npy",49.97447,8.701155,1
"..\\..\\..\\..\\Correos\\2024\December\19\TRACK ALERT ID 2978 at , Serial_ T010987 Prueba Amacayacu 2024\features_1\2024-December-19_2978-Camara_Amacayacu-2_crop0.npy",49.56204,8.349334,1
"..\\..\\..\\..\\Correos\\2024\December\19\TRACK ALERT ID 2978 at , Serial_ T010987 Prueba Amacayacu 2024\features_2\2024-December-19_2978-Camara_Amacayacu-2_crop0.npy",50.025032,8.202672,1
"..\\..\\..\\..\\Correos\\2024\December\19\TRACK ALERT ID 2978 at , Serial_ T010987 Prueba Amacayacu 2024\features_0\2024-December-19_2978-Camara_Amacayacu-2_crop1.npy",-56.15283,-8.277231,3
"..\\..\\..\\..\\Correos\\2024\December\19\TRACK ALERT ID 2978 at , Serial_ T010987 Prueba Amacayacu 2024\features_1\2024-December-19_2978-Camara_Amacayacu-2_crop1.npy",-56.749767,-8.178275,3
"..\\..\\..\\..\\Correos\\2024\December\19\TRACK ALERT ID 2978 at , Serial_ T010987 Prueba Amacayacu 2024\features_2\2024-December-19_2978-Camara_Amacayacu-2_crop1.npy",-56.560375,-7.657783,3
"..\\..\\..\\..\\Correos\\2024\December\19\TRACK ALERT ID 2978 at , Serial_ T010987 Prueba Amacayacu 2024\features_0\2024-December-19_2978-Camara_Amacayacu-2_crop2.npy",-60.36038,-11.60473,7
"..\\..\\..\\..\\Correos\\2024\December\19\TRACK ALERT ID 2978 at , Serial_ T010987 Prueba Amacayacu 2024\features_1\2024-December-19_2978-Camara_Amacayacu-2_crop2.npy",-59.869476,-12.018039,7
"..\\..\\..\\..\\Correos\\2024\December\19\TRACK ALERT ID 2978 at , Serial_ T010987 Prueba Amacayacu 2024\features_2\2024-December-19_2978-Camara_Amacayacu-2_crop2.npy",-59.869476,-12.018039,7
"..\\..\\..\\..\\Correos\\2024\December\19\TRACK ALERT ID 2978 at , Serial_ T010987 Prueba Amacayacu 2024\features_0\2024-December-19_2978-Camara_Amacayacu-3_crop0.npy",-58.611862,5.4390383,3
"..\\..\\..\\..\\Correos\\2024\December\19\TRACK ALERT ID 2978 at , Serial_ T010987 Prueba Amacayacu 2024\features_0\2024-December-19_2978-Camara_Amacayacu-3_crop1.npy",48.69856,9.882345,1
"..\\..\\..\\..\\Correos\\2024\December\19\TRACK ALERT ID 2978 at , Serial_ T010987 Prueba Amacayacu 2024\features_0\2024-December-19_2978-Camara_Amacayacu-4_crop0.npy",-54.71598,-11.461264,7
"..\\..\\..\\..\\Correos\\2024\December\19\TRACK ALERT ID 2981 at , Serial_ T010987 Prueba Amacayacu 2024\features_0\2024-December-19_2981-Camara_Amacayacu-0_crop0.npy",-25.318855,5.59888,0
"..\\..\\..\\..\\Correos\\2024\December\19\TRACK ALERT ID 2981 at , Serial_ T010987 Prueba Amacayacu 2024\features_1\2024-December-19_2981-Camara_Amacayacu-0_crop0.npy",-25.507507,6.2282205,0
"..\\..\\..\\..\\Correos\\2024\December\19\TRACK ALERT ID 2981 at , Serial_ T010987 Prueba Amacayacu 2024\features_2\2024-December-19_2981-Camara_Amacayacu-0_crop0.npy",-24.87786,6.4593763,0
"..\\..\\..\\..\\Correos\\2024\December\19\TRACK ALERT ID 2984,2985 at , Serial_ T010987 Prueba Amacayacu 2024\features_0\2024-December-19_2981-Camara_Amacayacu-0_crop0.npy",-24.685686,5.8229904,0
"..\\..\\..\\..\\Correos\\2024\December\19\TRACK ALERT ID 2981 at , Serial_ T010987 Prueba Amacayacu 2024\features_0\2024-December-19_2981-Camara_Amacayacu-1_crop0.npy",-45.790493,6.7216024,3
"..\\..\\..\\..\\Correos\\2024\December\19\TRACK ALERT ID 2981 at , Serial_ T010987 Prueba Amacayacu 2024\features_1\2024-December-19_2981-Camara_Amacayacu-1_crop0.npy",-46.417183,6.634358,3
"..\\..\\..\\..\\Correos\\2024\December\19\TRACK ALERT ID 2981 at , Serial_ T010987 Prueba Amacayacu 2024\features_2\2024-December-19_2981-Camara_Amacayacu-1_crop0.npy",-45.698254,6.0673637,3
"..\\..\\..\\..\\Correos\\2024\December\19\TRACK ALERT ID 2984,2985 at , Serial_ T010987 Prueba Amacayacu 2024\features_0\2024-December-19_2981-Camara_Amacayacu-1_crop0.npy",-46.326828,5.961913,3
"..\\..\\..\\..\\Correos\\2024\December\19\TRACK ALERT ID 2981 at , Serial_ T010987 Prueba Amacayacu 2024\features_0\2024-December-19_2981-Camara_Amacayacu-1_crop1.npy",-55.416092,-0.51553416,3
"..\\..\\..\\..\\Correos\\2024\December\19\TRACK ALERT ID 2981 at , Serial_ T010987 Prueba Amacayacu 2024\features_1\2024-December-19_2981-Camara_Amacayacu-1_crop1.npy",-55.441456,0.126957,3
"..\\..\\..\\..\\Correos\\2024\December\19\TRACK ALERT ID 2981 at , Serial_ T010987 Prueba Amacayacu 2024\features_2\2024-December-19_2981-Camara_Amacayacu-1_crop1.npy",-54.7443,0.1285128,3
"..\\..\\..\\..\\Correos\\2024\December\19\TRACK ALERT ID 2984,2985 at , Serial_ T010987 Prueba Amacayacu 2024\features_0\2024-December-19_2981-Camara_Amacayacu-1_crop1.npy",-54.704433,-0.51263845,3
"..\\..\\..\\..\\Correos\\2024\December\19\TRACK ALERT ID 2981 at , Serial_ T010987 Prueba Amacayacu 2024\features_0\2024-December-19_2981-Camara_Amacayacu-1_crop2.npy",40.00586,2.060197,1
"..\\..\\..\\..\\Correos\\2024\December\19\TRACK ALERT ID 2981 at , Serial_ T010987 Prueba Amacayacu 2024\features_1\2024-December-19_2981-Camara_Amacayacu-1_crop2.npy",39.945045,1.2585548,1
"..\\..\\..\\..\\Correos\\2024\December\19\TRACK ALERT ID 2981 at , Serial_ T010987 Prueba Amacayacu 2024\features_2\2024-December-19_2981-Camara_Amacayacu-1_crop2.npy",40.617935,1.5791827,1
"..\\..\\..\\..\\Correos\\2024\December\19\TRACK ALERT ID 2984,2985 at , Serial_ T010987 Prueba Amacayacu 2024\features_0\2024-December-19_2981-Camara_Amacayacu-1_crop2.npy",40.617935,1.5791827,1
"..\\..\\..\\..\\Correos\\2024\December\19\TRACK ALERT ID 2981 at , Serial_ T010987 Prueba Amacayacu 2024\features_0\2024-December-19_2981-Camara_Amacayacu-2_crop0.npy",-55.024284,-3.967689,3
"..\\..\\..\\..\\Correos\\2024\December\19\TRACK ALERT ID 2981 at , Serial_ T010987 Prueba Amacayacu 2024\features_1\2024-December-19_2981-Camara_Amacayacu-2_crop0.npy",-55.716614,-3.766243,3
"..\\..\\..\\..\\Correos\\2024\December\19\TRACK ALERT ID 2981 at , Serial_ T010987 Prueba Amacayacu 2024\features_2\2024-December-19_2981-Camara_Amacayacu-2_crop0.npy",-55.464005,-3.11994,3
"..\\..\\..\\..\\Correos\\2024\December\19\TRACK ALERT ID 2984,2985 at , Serial_ T010987 Prueba Amacayacu 2024\features_0\2024-December-19_2981-Camara_Amacayacu-2_crop0.npy",-54.758564,-3.30856,3
"..\\..\\..\\..\\Correos\\2024\December\19\TRACK ALERT ID 2981 at , Serial_ T010987 Prueba Amacayacu 2024\features_0\2024-December-19_2981-Camara_Amacayacu-3_crop0.npy",-60.30471,1.5592304,3
"..\\..\\..\\..\\Correos\\2024\December\19\TRACK ALERT ID 2981 at , Serial_ T010987 Prueba Amacayacu 2024\features_1\2024-December-19_2981-Camara_Amacayacu-3_crop0.npy",-59.85168,0.9948363,3
"..\\..\\..\\..\\Correos\\2024\December\19\TRACK ALERT ID 2981 at , Serial_ T010987 Prueba Amacayacu 2024\features_2\2024-December-19_2981-Camara_Amacayacu-3_crop0.npy",-60.743587,1.098293,3
"..\\..\\..\\..\\Correos\\2024\December\19\TRACK ALERT ID 2984,2985 at , Serial_ T010987 Prueba Amacayacu 2024\features_0\2024-December-19_2981-Camara_Amacayacu-3_crop0.npy",-60.34598,0.5847149,3
"..\\..\\..\\..\\Correos\\2024\December\19\TRACK ALERT ID 2981 at , Serial_ T010987 Prueba Amacayacu 2024\features_0\2024-December-19_2981-Camara_Amacayacu-3_crop1.npy",43.400223,15.4623995,1
"..\\..\\..\\..\\Correos\\2024\December\19\TRACK ALERT ID 2981 at , Serial_ T010987 Prueba Amacayacu 2024\features_1\2024-December-19_2981-Camara_Amacayacu-3_crop1.npy",43.20528,14.800339,1
"..\\..\\..\\..\\Correos\\2024\December\19\TRACK ALERT ID 2981 at , Serial_ T010987 Prueba Amacayacu 2024\features_2\2024-December-19_2981-Camara_Amacayacu-3_crop1.npy",43.855717,14.639997,1
"..\\..\\..\\..\\Correos\\2024\December\19\TRACK ALERT ID 2984,2985 at , Serial_ T010987 Prueba Amacayacu 2024\features_0\2024-December-19_2981-Camara_Amacayacu-3_crop1.npy",44.056065,15.303172,1
"..\\..\\..\\..\\Correos\\2024\December\19\TRACK ALERT ID 2981 at , Serial_ T010987 Prueba Amacayacu 2024\features_0\2024-December-19_2981-Camara_Amacayacu-3_crop2.npy",52.080997,13.587955,1
"..\\..\\..\\..\\Correos\\2024\December\19\TRACK ALERT ID 2981 at , Serial_ T010987 Prueba Amacayacu 2024\features_1\2024-December-19_2981-Camara_Amacayacu-3_crop2.npy",51.8563,12.797866,1
"..\\..\\..\\..\\Correos\\2024\December\19\TRACK ALERT ID 2981 at , Serial_ T010987 Prueba Amacayacu 2024\features_2\2024-December-19_2981-Camara_Amacayacu-3_crop2.npy",52.080997,13.587955,1
"..\\..\\..\\..\\Correos\\2024\December\19\TRACK ALERT ID 2984,2985 at , Serial_ T010987 Prueba Amacayacu 2024\features_0\2024-December-19_2981-Camara_Amacayacu-3_crop2.npy",52.080997,13.587955,1
"..\\..\\..\\..\\Correos\\2024\December\19\TRACK ALERT ID 2981 at , Serial_ T010987 Prueba Amacayacu 2024\features_0\2024-December-19_2981-Camara_Amacayacu-4_crop0.npy",-57.88349,2.3664355,3
"..\\..\\..\\..\\Correos\\2024\December\19\TRACK ALERT ID 2981 at , Serial_ T010987 Prueba Amacayacu 2024\features_1\2024-December-19_2981-Camara_Amacayacu-4_crop0.npy",-57.678062,3.1353145,3
"..\\..\\..\\..\\Correos\\2024\December\19\TRACK ALERT ID 2981 at , Serial_ T010987 Prueba Amacayacu 2024\features_2\2024-December-19_2981-Camara_Amacayacu-4_crop0.npy",-57.88349,2.3664355,3
"..\\..\\..\\..\\Correos\\2024\December\19\TRACK ALERT ID 2984,2985 at , Serial_ T010987 Prueba Amacayacu 2024\features_0\2024-December-19_2981-Camara_Amacayacu-4_crop0.npy",-58.447155,2.9752936,3
"..\\..\\..\\..\\Correos\\2024\December\19\TRACK ALERT ID 2981 at , Serial_ T010987 Prueba Amacayacu 2024\features_0\2024-December-19_2984-Camara_Amacayacu-5_crop0.npy",-59.753105,-3.0908442,3
"..\\..\\..\\..\\Correos\\2024\December\19\TRACK ALERT ID 2981 at , Serial_ T010987 Prueba Amacayacu 2024\features_1\2024-December-19_2984-Camara_Amacayacu-5_crop0.npy",-60.194176,-2.682205,3
"..\\..\\..\\..\\Correos\\2024\December\19\TRACK ALERT ID 2984,2985 at , Serial_ T010987 Prueba Amacayacu 2024\features_0\2024-December-19_2984-Camara_Amacayacu-5_crop0.npy",-60.194176,-2.682205,3
"..\\..\\..\\..\\Correos\\2024\December\19\TRACK ALERT ID 2981 at , Serial_ T010987 Prueba Amacayacu 2024\features_0\2024-December-19_2984-Camara_Amacayacu-5_crop1.npy",43.869946,23.547447,1
"..\\..\\..\\..\\Correos\\2024\December\19\TRACK ALERT ID 2981 at , Serial_ T010987 Prueba Amacayacu 2024\features_1\2024-December-19_2984-Camara_Amacayacu-5_crop1.npy",43.344143,23.655167,1
"..\\..\\..\\..\\Correos\\2024\December\19\TRACK ALERT ID 2984,2985 at , Serial_ T010987 Prueba Amacayacu 2024\features_0\2024-December-19_2984-Camara_Amacayacu-5_crop1.npy",43.509407,23.221111,1
"..\\..\\..\\..\\Correos\\2024\December\19\TRACK ALERT ID 2981 at , Serial_ T010987 Prueba Amacayacu 2024\features_0\2024-December-19_2984-Camara_Amacayacu-6_crop0.npy",-58.280476,-2.1230006,3
"..\\..\\..\\..\\Correos\\2024\December\19\TRACK ALERT ID 2981 at , Serial_ T010987 Prueba Amacayacu 2024\features_1\2024-December-19_2984-Camara_Amacayacu-6_crop0.npy",-58.605797,-1.5996754,3
"..\\..\\..\\..\\Correos\\2024\December\19\TRACK ALERT ID 2984,2985 at , Serial_ T010987 Prueba Amacayacu 2024\features_0\2024-December-19_2984-Camara_Amacayacu-6_crop0.npy",-58.15488,-1.6154077,3
"..\\..\\..\\..\\Correos\\2024\December\19\TRACK ALERT ID 2986 at , Serial_ T010987 Prueba Amacayacu 2024\features_0\2024-December-19_2986-Camara_Amacayacu-1_crop0.npy",45.213833,8.115424,1
"..\\..\\..\\..\\Correos\\2024\December\19\TRACK ALERT ID 2990 at , Serial_ T010987 Prueba Amacayacu 2024\features_0\2024-December-19_2990-Camara_Amacayacu-1_crop0.npy",-19.115648,10.050643,8
"..\\..\\..\\..\\Correos\\2024\December\19\TRACK ALERT ID 2990 at , Serial_ T010987 Prueba Amacayacu 2024\features_0\2024-December-19_2990-Camara_Amacayacu-2_crop0.npy",-39.7766,8.806265,0
"..\\..\\..\\..\\Correos\\2024\December\19\TRACK ALERT ID 2990 at , Serial_ T010987 Prueba Amacayacu 2024\features_0\2024-December-19_2990-Camara_Amacayacu-3_crop0.npy",-18.880985,9.948209,8
"..\\..\\..\\..\\Correos\\2024\December\19\TRACK ALERT ID 2995 at , Serial_ T010987 Prueba Amacayacu 2024\features_0\2024-December-19_2995-Camara_Amacayacu-0_crop0.npy",38.133915,39.87394,6
"..\\..\\..\\..\\Correos\\2024\December\19\TRACK ALERT ID 2995 at , Serial_ T010987 Prueba Amacayacu 2024\features_0\2024-December-19_2995-Camara_Amacayacu-0_crop1.npy",38.114323,39.824932,6
"..\\..\\..\\..\\Correos\\2024\December\19\TRACK ALERT ID 3004 at , Serial_ T010987 Prueba Amacayacu 2024\features_0\2024-December-19_3004-Camara_Amacayacu-3_crop0.npy",47.188953,25.079319,1
"..\\..\\..\\..\\Correos\\2024\December\19\TRACK ALERT ID 3014 at , Serial_ T010987 Prueba Amacayacu 2024\features_0\2024-December-19_3014-Camara_Amacayacu-0_crop0.npy",-28.445293,-56.152824,9
"..\\..\\..\\..\\Correos\\2024\December\19\TRACK ALERT ID 3014 at , Serial_ T010987 Prueba Amacayacu 2024\features_0\2024-December-19_3014-Camara_Amacayacu-0_crop1.npy",-26.78085,-57.98746,9
"..\\..\\..\\..\\Correos\\2024\December\19\TRACK ALERT ID 3014 at , Serial_ T010987 Prueba Amacayacu 2024\features_0\2024-December-19_3014-Camara_Amacayacu-1_crop0.npy",-26.76782,-57.05695,9
"..\\..\\..\\..\\Correos\\2024\December\19\TRACK ALERT ID 3014 at , Serial_ T010987 Prueba Amacayacu 2024\features_0\2024-December-19_3014-Camara_Amacayacu-1_crop1.npy",-24.90358,-52.789948,9
"..\\..\\..\\..\\Correos\\2024\December\19\TRACK ALERT ID 3014 at , Serial_ T010987 Prueba Amacayacu 2024\features_0\2024-December-19_3014-Camara_Amacayacu-2_crop0.npy",-27.545786,-56.705734,9
"..\\..\\..\\..\\Correos\\2024\December\19\TRACK ALERT ID 3014 at , Serial_ T010987 Prueba Amacayacu 2024\features_0\2024-December-19_3014-Camara_Amacayacu-3_crop0.npy",-26.542656,-55.90868,9
"..\\..\\..\\..\\Correos\\2024\December\19\TRACK ALERT ID 3014 at , Serial_ T010987 Prueba Amacayacu 2024\features_0\2024-December-19_3014-Camara_Amacayacu-3_crop1.npy",-30.923183,-57.94479,9
"..\\..\\..\\..\\Correos\\2024\December\19\TRACK ALERT ID 3014 at , Serial_ T010987 Prueba Amacayacu 2024\features_0\2024-December-19_3014-Camara_Amacayacu-4_crop0.npy",-31.164259,-59.08086,9
"..\\..\\..\\..\\Correos\\2024\December\19\TRACK ALERT ID 3014 at , Serial_ T010987 Prueba Amacayacu 2024\features_0\2024-December-19_3014-Camara_Amacayacu-4_crop1.npy",-26.932323,-55.193504,9
"..\\..\\..\\..\\Correos\\2024\December\19\TRACK ALERT ID 3014 at , Serial_ T010987 Prueba Amacayacu 2024\features_0\2024-December-19_3014-Camara_Amacayacu-5_crop0.npy",-31.06177,-59.377666,9
"..\\..\\..\\..\\Correos\\2024\December\19\TRACK ALERT ID 3014 at , Serial_ T010987 Prueba Amacayacu 2024\features_0\2024-December-19_3014-Camara_Amacayacu-5_crop1.npy",-27.341736,-54.213528,9
"..\\..\\..\\..\\Correos\\2024\December\19\TRACK ALERT ID 3014 at , Serial_ T010987 Prueba Amacayacu 2024\features_0\2024-December-19_3014-Camara_Amacayacu-6_crop0.npy",-31.069347,-60.279922,9
"..\\..\\..\\..\\Correos\\2024\December\19\TRACK ALERT ID 3014 at , Serial_ T010987 Prueba Amacayacu 2024\features_0\2024-December-19_3014-Camara_Amacayacu-6_crop1.npy",-24.93147,-55.710068,9
"..\\..\\..\\..\\Correos\\2024\December\19\TRACK ALERT ID 3014 at , Serial_ T010987 Prueba Amacayacu 2024\features_0\2024-December-19_3014-Camara_Amacayacu-6_crop2.npy",-27.661804,-55.105316,9
"..\\..\\..\\..\\Correos\\2024\December\19\TRACK ALERT ID 3052 at , Serial_ T010987 Prueba Amacayacu 2024\features_0\2024-December-19_3052-Camara_Amacayacu-0_crop0.npy",-51.341553,5.7361226,3
"..\\..\\..\\..\\Correos\\2024\December\19\TRACK ALERT ID 3052 at , Serial_ T010987 Prueba Amacayacu 2024\features_0\2024-December-19_3052-Camara_Amacayacu-1_crop0.npy",-50.238777,6.2974615,3
"..\\..\\..\\..\\Correos\\2024\December\19\TRACK ALERT ID 3052 at , Serial_ T010987 Prueba Amacayacu 2024\features_0\2024-December-19_3052-Camara_Amacayacu-1_crop1.npy",-46.515675,-11.885079,7
"..\\..\\..\\..\\Correos\\2024\December\19\TRACK ALERT ID 3066 at , Serial_ T010987 Prueba Amacayacu 2024\features_0\2024-December-19_3066-Camara_Amacayacu-0_crop0.npy",-59.995857,-42.219147,7
"..\\..\\..\\..\\Correos\\2024\December\19\TRACK ALERT ID 3066 at , Serial_ T010987 Prueba Amacayacu 2024\features_0\2024-December-19_3066-Camara_Amacayacu-1_crop0.npy",-41.584167,26.962288,0
"..\\..\\..\\..\\Correos\\2024\December\19\TRACK ALERT ID 3066 at , Serial_ T010987 Prueba Amacayacu 2024\features_0\2024-December-19_3066-Camara_Amacayacu-2_crop0.npy",-22.865116,10.203517,0
"..\\..\\..\\..\\Correos\\2024\December\19\TRACK ALERT ID 3098 at , Serial_ T010987 Prueba Amacayacu 2024\features_0\2024-December-19_3098-Camara_Amacayacu-1_crop0.npy",-15.270828,-2.7134423,8
"..\\..\\..\\..\\Correos\\2024\December\20\TRACK ALERT ID 3155 at , Serial_ T010987 Prueba Amacayacu 2024\features_0\2024-December-20_3155-Camara_Amacayacu-0_crop0.npy",-45.472706,22.522026,0
"..\\..\\..\\..\\Correos\\2024\December\20\TRACK ALERT ID 3156 at , Serial_ T010987 Prueba Amacayacu 2024\features_0\2024-December-20_3156-Camara_Amacayacu-0_crop0.npy",-53.060474,-42.258266,7
"..\\..\\..\\..\\Correos\\2024\December\20\TRACK ALERT ID 3161 at , Serial_ T010987 Prueba Amacayacu 2024\features_0\2024-December-20_3161-Camara_Amacayacu-0_crop0.npy",-59.939438,-45.686596,7
"..\\..\\..\\..\\Correos\\2024\December\20\TRACK ALERT ID 3161 at , Serial_ T010987 Prueba Amacayacu 2024\features_1\2024-December-20_3161-Camara_Amacayacu-0_crop0.npy",-59.939438,-45.686596,7
"..\\..\\..\\..\\Correos\\2024\December\20\TRACK ALERT ID 3161 at , Serial_ T010987 Prueba Amacayacu 2024\features_2\2024-December-20_3161-Camara_Amacayacu-0_crop0.npy",-59.939438,-45.686596,7
"..\\..\\..\\..\\Correos\\2024\December\20\TRACK ALERT ID 3161 at , Serial_ T010987 Prueba Amacayacu 2024\features_0\2024-December-20_3161-Camara_Amacayacu-1_crop0.npy",-45.571915,27.179726,0
"..\\..\\..\\..\\Correos\\2024\December\20\TRACK ALERT ID 3161 at , Serial_ T010987 Prueba Amacayacu 2024\features_1\2024-December-20_3161-Camara_Amacayacu-1_crop0.npy",-45.571915,27.179726,0
"..\\..\\..\\..\\Correos\\2024\December\20\TRACK ALERT ID 3161 at , Serial_ T010987 Prueba Amacayacu 2024\features_2\2024-December-20_3161-Camara_Amacayacu-1_crop0.npy",-45.571915,27.179726,0
"..\\..\\..\\..\\Correos\\2024\December\20\TRACK ALERT ID 3161 at , Serial_ T010987 Prueba Amacayacu 2024\features_0\2024-December-20_3161-Camara_Amacayacu-2_crop0.npy",-42.02521,31.648163,0
"..\\..\\..\\..\\Correos\\2024\December\20\TRACK ALERT ID 3161 at , Serial_ T010987 Prueba Amacayacu 2024\features_1\2024-December-20_3161-Camara_Amacayacu-2_crop0.npy",-41.634388,31.889383,0
"..\\..\\..\\..\\Correos\\2024\December\20\TRACK ALERT ID 3161 at , Serial_ T010987 Prueba Amacayacu 2024\features_2\2024-December-20_3161-Camara_Amacayacu-2_crop0.npy",-41.634388,31.889383,0
"..\\..\\..\\..\\Correos\\2024\December\20\TRACK ALERT ID 3161 at , Serial_ T010987 Prueba Amacayacu 2024\features_0\2024-December-20_preset-Camara_Amacayacu-3_crop0.npy",-38.593597,32.3538,0
"..\\..\\..\\..\\Correos\\2024\December\20\TRACK ALERT ID 3161 at , Serial_ T010987 Prueba Amacayacu 2024\features_2\2024-December-20_preset-Camara_Amacayacu-3_crop0.npy",-38.593597,32.3538,0
"..\\..\\..\\..\\Correos\\2024\December\20\TRACK ALERT ID 3184 at , Serial_ T010987 Prueba Amacayacu 2024\features_0\2024-December-20_3184-Camara_Amacayacu-0_crop0.npy",-58.84116,-36.90843,7
"..\\..\\..\\..\\Correos\\2024\December\20\TRACK ALERT ID 3184 at , Serial_ T010987 Prueba Amacayacu 2024\features_0\2024-December-20_3184-Camara_Amacayacu-0_crop1.npy",-58.292454,-38.58837,7
"..\\..\\..\\..\\Correos\\2024\December\20\TRACK ALERT ID 3185 at , Serial_ T010987 Prueba Amacayacu 2024\features_0\2024-December-20_3185-Camara_Amacayacu-0_crop0.npy",-45.767788,20.254347,0
"..\\..\\..\\..\\Correos\\2024\December\20\TRACK ALERT ID 3188 at , Serial_ T010987 Prueba Amacayacu 2024\features_0\2024-December-20_3185-Camara_Amacayacu-0_crop0.npy",-45.768288,20.25413,0
"..\\..\\..\\..\\Correos\\2024\December\20\TRACK ALERT ID 3188 at , Serial_ T010987 Prueba Amacayacu 2024\features_0\2024-December-20_3188-Camara_Amacayacu-2_crop0.npy",-30.301203,19.907227,0
"..\\..\\..\\..\\Correos\\2024\December\20\TRACK ALERT ID 3211 at , Serial_ T010987 Prueba Amacayacu 2024\features_0\2024-December-20_3211-Camara_Amacayacu-0_crop0.npy",-26.925455,25.171755,0
"..\\..\\..\\..\\Correos\\2024\December\20\TRACK ALERT ID 3215 at , Serial_ T010987 Prueba Amacayacu 2024\features_0\2024-December-20_3215-Camara_Amacayacu-0_crop0.npy",-60.20813,-33.876484,7
"..\\..\\..\\..\\Correos\\2024\December\20\TRACK ALERT ID 3215 at , Serial_ T010987 Prueba Amacayacu 2024\features_0\2024-December-20_3215-Camara_Amacayacu-1_crop0.npy",-44.01321,19.222605,0
"..\\..\\..\\..\\Correos\\2024\December\20\TRACK ALERT ID 3228 at , Serial_ T010987 Prueba Amacayacu 2024\features_0\2024-December-20_3228-Camara_Amacayacu-0_crop0.npy",-59.14188,-39.58993,7
"..\\..\\..\\..\\Correos\\2024\December\20\TRACK ALERT ID 3244 at , Serial_ T010987 Prueba Amacayacu 2024\features_0\2024-December-20_3244-Camara_Amacayacu-0_crop0.npy",-58.00283,-32.991905,7
"..\\..\\..\\..\\Correos\\2024\December\20\TRACK ALERT ID 3244 at , Serial_ T010987 Prueba Amacayacu 2024\features_0\2024-December-20_3244-Camara_Amacayacu-1_crop0.npy",-24.485476,33.462437,0
"..\\..\\..\\..\\Correos\\2024\December\20\TRACK ALERT ID 3244 at , Serial_ T010987 Prueba Amacayacu 2024\features_0\2024-December-20_3244-Camara_Amacayacu-2_crop0.npy",-21.69991,34.142075,0
"..\\..\\..\\..\\Correos\\2024\December\20\TRACK ALERT ID 3244 at , Serial_ T010987 Prueba Amacayacu 2024\features_0\2024-December-20_3244-Camara_Amacayacu-2_crop1.npy",-22.086843,34.013634,0
"..\\..\\..\\..\\Correos\\2024\December\20\TRACK ALERT ID 3251 at , Serial_ T010987 Prueba Amacayacu 2024\features_0\2024-December-20_3251-Camara_Amacayacu-0_crop0.npy",-54.64388,37.394478,0
"..\\..\\..\\..\\Correos\\2024\December\20\TRACK ALERT ID 3264,3266 at , Serial_ T010987 Prueba Amacayacu 2024\features_0\2024-December-20_3264-Camara_Amacayacu-5_crop0.npy",41.350597,6.924667,1
"..\\..\\..\\..\\Correos\\2024\December\20\TRACK ALERT ID 3266 at , Serial_ T010987 Prueba Amacayacu 2024\features_0\2024-December-20_3264-Camara_Amacayacu-4_crop0.npy",41.654625,7.3107266,1
"..\\..\\..\\..\\Correos\\2024\December\20\TRACK ALERT ID 3266 at , Serial_ T010987 Prueba Amacayacu 2024\features_1\2024-December-20_3264-Camara_Amacayacu-4_crop0.npy",41.350597,6.924667,1
"..\\..\\..\\..\\Correos\\2024\December\20\TRACK ALERT ID 3266,3268 at , Serial_ T010987 Prueba Amacayacu 2024\features_1\2024-December-20_3266-Camara_Amacayacu-1_crop0.npy",39.46195,7.706134,1
"..\\..\\..\\..\\Correos\\2024\December\20\TRACK ALERT ID 3266,3268 at , Serial_ T010987 Prueba Amacayacu 2024\features_1\2024-December-20_3266-Camara_Amacayacu-2_crop0.npy",39.028137,8.517374,1
"..\\..\\..\\..\\Correos\\2024\December\20\TRACK ALERT ID 3266,3268 at , Serial_ T010987 Prueba Amacayacu 2024\features_1\2024-December-20_3266-Camara_Amacayacu-3_crop0.npy",38.59298,5.9811354,1
"..\\..\\..\\..\\Correos\\2024\December\20\TRACK ALERT ID 3266,3268 at , Serial_ T010987 Prueba Amacayacu 2024\features_1\2024-December-20_3266-Camara_Amacayacu-4_crop0.npy",40.584335,9.665268,1
"..\\..\\..\\..\\Correos\\2024\December\20\TRACK ALERT ID 3266,3268 at , Serial_ T010987 Prueba Amacayacu 2024\features_1\2024-December-20_3266-Camara_Amacayacu-5_crop0.npy",37.896683,5.562674,1
"..\\..\\..\\..\\Correos\\2024\December\20\TRACK ALERT ID 3268,3270,3273,3274,3276 at , Serial_ T010987 Prueba Amacayacu 2024\features_0\2024-December-20_3268-Camara_Amacayacu-2_crop0.npy",20.391949,-33.310055,2
"..\\..\\..\\..\\Correos\\2024\December\20\TRACK ALERT ID 3273,3278,3281 at , Serial_ T010987 Prueba Amacayacu 2024\features_0\2024-December-20_3273-Camara_Amacayacu-1_crop0.npy",20.545025,-51.673477,2
"..\\..\\..\\..\\Correos\\2024\December\20\TRACK ALERT ID 3282 at , Serial_ T010987 Prueba Amacayacu 2024\features_0\2024-December-20_3282-Camara_Amacayacu-1_crop0.npy",13.400631,-52.661713,2
"..\\..\\..\\..\\Correos\\2024\December\20\TRACK ALERT ID 3282 at , Serial_ T010987 Prueba Amacayacu 2024\features_4\2024-December-20_3282-Camara_Amacayacu-1_crop0.npy",15.7534485,-56.677303,2
"..\\..\\..\\..\\Correos\\2024\December\20\TRACK ALERT ID 3282 at , Serial_ T010987 Prueba Amacayacu 2024\features_0\2024-December-20_3282-Camara_Amacayacu-2_crop0.npy",14.283806,-55.123806,2
"..\\..\\..\\..\\Correos\\2024\December\20\TRACK ALERT ID 3282,3284 at , Serial_ T010987 Prueba Amacayacu 2024\features_0\2024-December-20_3282-Camara_Amacayacu-2_crop0.npy",13.135023,-52.558174,2
"..\\..\\..\\..\\Correos\\2024\December\20\TRACK ALERT ID 3282 at , Serial_ T010987 Prueba Amacayacu 2024\features_0\2024-December-20_3282-Camara_Amacayacu-3_crop0.npy",15.7534485,-56.677303,2
"..\\..\\..\\..\\Correos\\2024\December\20\TRACK ALERT ID 3282,3284 at , Serial_ T010987 Prueba Amacayacu 2024\features_0\2024-December-20_3282-Camara_Amacayacu-3_crop0.npy",14.32548,-54.35561,2
"..\\..\\..\\..\\Correos\\2024\December\20\TRACK ALERT ID 3282 at , Serial_ T010987 Prueba Amacayacu 2024\features_1\2024-December-20_3282-Camara_Amacayacu-7_crop0.npy",41.69965,-60.980843,2
"..\\..\\..\\..\\Correos\\2024\December\20\TRACK ALERT ID 3282 at , Serial_ T010987 Prueba Amacayacu 2024\features_1\2024-December-20_3282-Camara_Amacayacu-9_crop0.npy",68.14193,-10.656104,5
"..\\..\\..\\..\\Correos\\2024\December\20\TRACK ALERT ID 3282 at , Serial_ T010987 Prueba Amacayacu 2024\features_2\2024-December-20_3282-Camara_Amacayacu-8_crop0.npy",41.69965,-60.980843,2
"..\\..\\..\\..\\Correos\\2024\December\20\TRACK ALERT ID 3282 at , Serial_ T010987 Prueba Amacayacu 2024\features_3\2024-December-20_3282-Camara_Amacayacu-8_crop0.npy",41.69965,-60.980843,2
"..\\..\\..\\..\\Correos\\2024\December\20\TRACK ALERT ID 3282 at , Serial_ T010987 Prueba Amacayacu 2024\features_4\2024-December-20_3282-Camara_Amacayacu-0_crop0.npy",14.99193,-54.71743,2
"..\\..\\..\\..\\Correos\\2024\December\20\TRACK ALERT ID 3282 at , Serial_ T010987 Prueba Amacayacu 2024\features_6\2024-December-20_3282-Camara_Amacayacu-0_crop0.npy",15.7534485,-56.677303,2
"..\\..\\..\\..\\Correos\\2024\December\20\TRACK ALERT ID 3282,3284 at , Serial_ T010987 Prueba Amacayacu 2024\features_0\2024-December-20_3282-Camara_Amacayacu-0_crop0.npy",20.137123,-19.973183,1
"..\\..\\..\\..\\Correos\\2024\December\20\TRACK ALERT ID 3285 at , Serial_ T010987 Prueba Amacayacu 2024\features_0\2024-December-20_3282-Camara_Amacayacu-0_crop0.npy",15.7534485,-56.677303,2
"..\\..\\..\\..\\Correos\\2024\December\20\TRACK ALERT ID 3282,3284 at , Serial_ T010987 Prueba Amacayacu 2024\features_0\2024-December-20_3282-Camara_Amacayacu-4_crop0.npy",15.7534485,-56.677303,2
"..\\..\\..\\..\\Correos\\2024\December\20\TRACK ALERT ID 3289,3291,3292 at , Serial_ T010987 Prueba Amacayacu 2024\features_0\2024-December-20_3291-Camara_Amacayacu-5_crop0.npy",17.177355,-54.829067,2
"..\\..\\..\\..\\Correos\\2024\December\20\TRACK ALERT ID 3289,3291,3292 at , Serial_ T010987 Prueba Amacayacu 2024\features_0\2024-December-20_3291-Camara_Amacayacu-9_crop0.npy",15.741182,-53.202564,2
"..\\..\\..\\..\\Correos\\2024\December\20\TRACK ALERT ID 3289,3291,3292 at , Serial_ T010987 Prueba Amacayacu 2024\features_0\2024-December-20_3291-Camara_Amacayacu-9_crop1.npy",18.872206,-51.260838,2
"..\\..\\..\\..\\Correos\\2024\December\20\TRACK ALERT ID 3291,3292,3294,3296 at , Serial_ T010987 Prueba Amacayacu 2024\features_0\2024-December-20_3291-Camara_Amacayacu-0_crop0.npy",15.988748,-53.276432,2
"..\\..\\..\\..\\Correos\\2024\December\20\TRACK ALERT ID 3291,3292,3294,3296 at , Serial_ T010987 Prueba Amacayacu 2024\features_0\2024-December-20_3291-Camara_Amacayacu-0_crop1.npy",18.872206,-51.260838,2
"..\\..\\..\\..\\Correos\\2024\December\20\TRACK ALERT ID 3291,3292,3294,3296 at , Serial_ T010987 Prueba Amacayacu 2024\features_0\2024-December-20_3294-Camara_Amacayacu-2_crop0.npy",13.756006,-49.779747,2
"..\\..\\..\\..\\Correos\\2024\December\20\TRACK ALERT ID 3299 at , Serial_ T010987 Prueba Amacayacu 2024\features_12\2024-December-20_3299-Camara_Amacayacu-0_crop0.npy",-68.47209,-25.30367,7
"..\\..\\..\\..\\Correos\\2024\December\20\TRACK ALERT ID 3299,3302 at , Serial_ T010987 Prueba Amacayacu 2024\features_0\2024-December-20_3299-Camara_Amacayacu-0_crop0.npy",-68.47352,-25.305325,7
"..\\..\\..\\..\\Correos\\2024\December\20\TRACK ALERT ID 3299 at , Serial_ T010987 Prueba Amacayacu 2024\features_12\2024-December-20_3299-Camara_Amacayacu-0_crop1.npy",-69.52771,-24.189808,7
"..\\..\\..\\..\\Correos\\2024\December\20\TRACK ALERT ID 3299,3302 at , Serial_ T010987 Prueba Amacayacu 2024\features_0\2024-December-20_3299-Camara_Amacayacu-0_crop1.npy",-69.52771,-24.189808,7
"..\\..\\..\\..\\Correos\\2024\December\20\TRACK ALERT ID 3299 at , Serial_ T010987 Prueba Amacayacu 2024\features_12\2024-December-20_3299-Camara_Amacayacu-1_crop0.npy",-67.05121,-22.249054,7
"..\\..\\..\\..\\Correos\\2024\December\20\TRACK ALERT ID 3299,3302 at , Serial_ T010987 Prueba Amacayacu 2024\features_0\2024-December-20_3299-Camara_Amacayacu-1_crop0.npy",-67.051094,-22.249159,7
"..\\..\\..\\..\\Correos\\2024\December\20\TRACK ALERT ID 3323 at , Serial_ T010987 Prueba Amacayacu 2024\features_8\2024-December-20_3323-Camara_Amacayacu-0_crop0.npy",-41.13247,29.300463,0
"..\\..\\..\\..\\Correos\\2024\December\20\TRACK ALERT ID 3360 at , Serial_ T010987 Prueba Amacayacu 2024\features_0\2024-December-20_3360-Camara_Amacayacu-0_crop0.npy",-54.80623,14.783508,3
"..\\..\\..\\..\\Correos\\2024\December\20\TRACK ALERT ID 3360 at , Serial_ T010987 Prueba Amacayacu 2024\features_2\2024-December-20_3360-Camara_Amacayacu-0_crop0.npy",-54.80623,14.783508,3
"..\\..\\..\\..\\Correos\\2024\December\20\TRACK ALERT ID 3360 at , Serial_ T010987 Prueba Amacayacu 2024\features_0\2024-December-20_3360-Camara_Amacayacu-1_crop0.npy",-37.655827,5.633593,0
"..\\..\\..\\..\\Correos\\2024\December\20\TRACK ALERT ID 3360 at , Serial_ T010987 Prueba Amacayacu 2024\features_2\2024-December-20_3360-Camara_Amacayacu-1_crop0.npy",-37.655796,5.633627,0
"..\\..\\..\\..\\Correos\\2024\December\20\TRACK ALERT ID 3360 at , Serial_ T010987 Prueba Amacayacu 2024\features_0\2024-December-20_3360-Camara_Amacayacu-2_crop0.npy",-35.833088,7.8477826,0
"..\\..\\..\\..\\Correos\\2024\December\20\TRACK ALERT ID 3360 at , Serial_ T010987 Prueba Amacayacu 2024\features_2\2024-December-20_3360-Camara_Amacayacu-2_crop0.npy",-35.833088,7.8477826,0
"..\\..\\..\\..\\Correos\\2024\December\20\TRACK ALERT ID 3360 at , Serial_ T010987 Prueba Amacayacu 2024\features_0\2024-December-20_3360-Camara_Amacayacu-3_crop0.npy",-32.8371,3.8446202,0
"..\\..\\..\\..\\Correos\\2024\December\20\TRACK ALERT ID 3360 at , Serial_ T010987 Prueba Amacayacu 2024\features_2\2024-December-20_3360-Camara_Amacayacu-3_crop0.npy",-32.8371,3.8446202,0
"..\\..\\..\\..\\Correos\\2024\December\20\TRACK ALERT ID 3360 at , Serial_ T010987 Prueba Amacayacu 2024\features_0\2024-December-20_3360-Camara_Amacayacu-4_crop0.npy",-33.768433,6.5847898,0
"..\\..\\..\\..\\Correos\\2024\December\20\TRACK ALERT ID 3360 at , Serial_ T010987 Prueba Amacayacu 2024\features_2\2024-December-20_3360-Camara_Amacayacu-4_crop0.npy",-33.768433,6.5847898,0
"..\\..\\..\\..\\Correos\\2024\December\20\TRACK ALERT ID 3372 at , Serial_ T010987 Prueba Amacayacu 2024\features_0\2024-December-20_3372-Camara_Amacayacu-1_crop0.npy",16.97677,-50.973454,2
"..\\..\\..\\..\\Correos\\2024\December\20\TRACK ALERT ID 3501,3503 at , Serial_ T010987 Prueba Amacayacu 2024\features_0\2024-December-20_3503-Camara_Amacayacu-2_crop0.npy",44.726315,19.706436,1
"..\\..\\..\\..\\Correos\\2024\December\20\TRACK ALERT ID 3503 at , Serial_ T010987 Prueba Amacayacu 2024\features_0\2024-December-20_3503-Camara_Amacayacu-2_crop0.npy",44.279644,19.478449,1
"..\\..\\..\\..\\Correos\\2024\December\20\TRACK ALERT ID 3503 at , Serial_ T010987 Prueba Amacayacu 2024\features_1\2024-December-20_3503-Camara_Amacayacu-2_crop0.npy",44.726315,19.706436,1
"..\\..\\..\\..\\Correos\\2024\December\20\TRACK ALERT ID 3517 at , Serial_ T010987 Prueba Amacayacu 2024\features_0\2024-December-20_3517-Camara_Amacayacu-0_crop0.npy",14.408291,-33.32484,2
"..\\..\\..\\..\\Correos\\2024\December\20\TRACK ALERT ID 3544,3545,3546 at , Serial_ T010987 Prueba Amacayacu 2024\features_0\2024-December-20_3544-Camara_Amacayacu-0_crop0.npy",-54.944088,-39.70328,7
"..\\..\\..\\..\\Correos\\2024\December\20\TRACK ALERT ID 3544,3545,3546 at , Serial_ T010987 Prueba Amacayacu 2024\features_0\2024-December-20_3544-Camara_Amacayacu-1_crop0.npy",-30.474375,-48.416027,9
"..\\..\\..\\..\\Correos\\2024\December\20\TRACK ALERT ID 3544,3545,3546 at , Serial_ T010987 Prueba Amacayacu 2024\features_0\2024-December-20_3545-Camara_Amacayacu-2_crop0.npy",-43.71403,16.327381,0
"..\\..\\..\\..\\Correos\\2024\December\20\TRACK ALERT ID 3544,3545,3546 at , Serial_ T010987 Prueba Amacayacu 2024\features_0\2024-December-20_3545-Camara_Amacayacu-3_crop0.npy",-43.10644,17.096464,0
"..\\..\\..\\..\\Correos\\2024\December\20\TRACK ALERT ID 3549 at , Serial_ T010987 Prueba Amacayacu 2024\features_0\2024-December-20_3549-Camara_Amacayacu-0_crop0.npy",37.109776,7.6997848,1
"..\\..\\..\\..\\Correos\\2024\December\20\TRACK ALERT ID 3556 at , Serial_ T010987 Prueba Amacayacu 2024\features_0\2024-December-20_3556-Camara_Amacayacu-0_crop0.npy",-32.06016,15.485915,0
"..\\..\\..\\..\\Correos\\2024\December\20\TRACK ALERT ID 3556 at , Serial_ T010987 Prueba Amacayacu 2024\features_0\2024-December-20_3556-Camara_Amacayacu-1_crop0.npy",-31.86871,14.951439,0
"..\\..\\..\\..\\Correos\\2024\December\20\TRACK ALERT ID 3562 at , Serial_ T010987 Prueba Amacayacu 2024\features_0\2024-December-20_3562-Camara_Amacayacu-0_crop0.npy",-52.92329,11.488187,3
"..\\..\\..\\..\\Correos\\2024\December\20\TRACK ALERT ID 3562 at , Serial_ T010987 Prueba Amacayacu 2024\features_0\2024-December-20_3562-Camara_Amacayacu-1_crop0.npy",-30.945875,21.919605,0
"..\\..\\..\\..\\Correos\\2024\December\20\TRACK ALERT ID 3566 at , Serial_ T010987 Prueba Amacayacu 2024\features_0\2024-December-20_3566-Camara_Amacayacu-0_crop0.npy",-59.73147,-15.260075,7
"..\\..\\..\\..\\Correos\\2024\December\20\TRACK ALERT ID 3589 at , Serial_ T010987 Prueba Amacayacu 2024\features_0\2024-December-20_3589-Camara_Amacayacu-1_crop0.npy",-49.897526,41.49863,0
"..\\..\\..\\..\\Correos\\2025\February\01\TRACK ALERT ID 7093 at , Serial_ T010987 Prueba Amacayacu 2024\features_0\2025-February-01_7093-Camara_Amacayacu-0_crop0.npy",-36.56146,11.747598,0
"..\\..\\..\\..\\Correos\\2025\February\01\TRACK ALERT ID 7093 at , Serial_ T010987 Prueba Amacayacu 2024\features_0\2025-February-01_7093-Camara_Amacayacu-0_crop1.npy",-36.481777,11.728776,0
"..\\..\\..\\..\\Correos\\2025\February\01\TRACK ALERT ID 7107 at , Serial_ T010987 Prueba Amacayacu 2024\features_0\2025-February-01_7107-Camara_Amacayacu-0_crop0.npy",-41.489883,5.9909077,0
"..\\..\\..\\..\\Correos\\2025\February\01\TRACK ALERT ID 7141 at , Serial_ T010987 Prueba Amacayacu 2024\features_0\2025-February-01_7141-Camara_Amacayacu-1_crop0.npy",21.390509,-28.420038,2
"..\\..\\..\\..\\Correos\\2025\February\01\TRACK ALERT ID 7207 at , Serial_ T010987 Prueba Amacayacu 2024\features_0\2025-February-01_7207-Camara_Amacayacu-0_crop0.npy",27.897907,-52.931667,2
"..\\..\\..\\..\\Correos\\2025\February\01\TRACK ALERT ID 7207 at , Serial_ T010987 Prueba Amacayacu 2024\features_0\2025-February-01_7207-Camara_Amacayacu-1_crop0.npy",28.424923,-53.225945,2
"..\\..\\..\\..\\Correos\\2025\February\01\TRACK ALERT ID 7207 at , Serial_ T010987 Prueba Amacayacu 2024\features_0\2025-February-01_7207-Camara_Amacayacu-1_crop1.npy",52.50194,-28.16969,5
"..\\..\\..\\..\\Correos\\2025\February\01\TRACK ALERT ID 7207 at , Serial_ T010987 Prueba Amacayacu 2024\features_0\2025-February-01_7207-Camara_Amacayacu-1_crop2.npy",52.363445,-27.692636,5
"..\\..\\..\\..\\Correos\\2025\February\01\TRACK ALERT ID 7241 at , Serial_ T010987 Prueba Amacayacu 2024\features_0\2025-February-01_7241-Camara_Amacayacu-1_crop0.npy",-1.6224047,59.270233,6
"..\\..\\..\\..\\Correos\\2025\February\01\TRACK ALERT ID 7258 at , Serial_ T010987 Prueba Amacayacu 2024\features_0\2025-February-01_7258-Camara_Amacayacu-0_crop0.npy",-66.13082,-31.457428,7
"..\\..\\..\\..\\Correos\\2025\February\02\TRACK ALERT ID 7389 at , Serial_ T010987 Prueba Amacayacu 2024\features_0\2025-February-02_7389-Camara_Amacayacu-0_crop0.npy",-43.138226,-7.2936077,7
"..\\..\\..\\..\\Correos\\2025\February\02\TRACK ALERT ID 7389 at , Serial_ T010987 Prueba Amacayacu 2024\features_0\2025-February-02_7389-Camara_Amacayacu-0_crop1.npy",-42.354584,-6.16463,3
"..\\..\\..\\..\\Correos\\2025\February\02\TRACK ALERT ID 7389 at , Serial_ T010987 Prueba Amacayacu 2024\features_0\2025-February-02_7389-Camara_Amacayacu-0_crop2.npy",-42.831913,-6.9186816,3
"..\\..\\..\\..\\Correos\\2025\February\02\TRACK ALERT ID 7400,7401 at , Serial_ T010987 Prueba Amacayacu 2024\features_0\2025-February-02_7401-Camara_Amacayacu-0_crop0.npy",-45.018566,29.465044,0
"..\\..\\..\\..\\Correos\\2025\February\02\TRACK ALERT ID 7413 at , Serial_ T010987 Prueba Amacayacu 2024\features_0\2025-February-02_7413-Camara_Amacayacu-0_crop0.npy",-43.96196,26.787384,0
"..\\..\\..\\..\\Correos\\2025\February\02\TRACK ALERT ID 7413 at , Serial_ T010987 Prueba Amacayacu 2024\features_0\2025-February-02_7413-Camara_Amacayacu-1_crop0.npy",-45.90111,11.629244,0
"..\\..\\..\\..\\Correos\\2025\February\02\TRACK ALERT ID 7417 at , Serial_ T010987 Prueba Amacayacu 2024\features_0\2025-February-02_7417-Camara_Amacayacu-0_crop0.npy",-47.804527,31.555042,0
"..\\..\\..\\..\\Correos\\2025\February\02\TRACK ALERT ID 7417 at , Serial_ T010987 Prueba Amacayacu 2024\features_0\2025-February-02_7417-Camara_Amacayacu-1_crop0.npy",-47.844604,31.583372,0
"..\\..\\..\\..\\Correos\\2025\February\02\TRACK ALERT ID 7437 at , Serial_ T010987 Prueba Amacayacu 2024\features_0\2025-February-02_7437-Camara_Amacayacu-1_crop0.npy",-46.680115,28.729815,0
"..\\..\\..\\..\\Correos\\2025\February\02\TRACK ALERT ID 7449 at , Serial_ T010987 Prueba Amacayacu 2024\features_0\2025-February-02_7449-Camara_Amacayacu-0_crop0.npy",22.833784,-32.8777,2
"..\\..\\..\\..\\Correos\\2025\February\02\TRACK ALERT ID 7449 at , Serial_ T010987 Prueba Amacayacu 2024\features_0\2025-February-02_7449-Camara_Amacayacu-0_crop1.npy",29.367958,-45.60566,2
"..\\..\\..\\..\\Correos\\2025\February\02\TRACK ALERT ID 7494 at , Serial_ T010987 Prueba Amacayacu 2024\features_0\2025-February-02_7494-Camara_Amacayacu-0_crop0.npy",-47.329414,25.725616,0
"..\\..\\..\\..\\Correos\\2025\February\02\TRACK ALERT ID 7494 at , Serial_ T010987 Prueba Amacayacu 2024\features_0\2025-February-02_7494-Camara_Amacayacu-1_crop0.npy",-33.24606,-47.6807,9
"..\\..\\..\\..\\Correos\\2025\February\02\TRACK ALERT ID 7494 at , Serial_ T010987 Prueba Amacayacu 2024\features_0\2025-February-02_7494-Camara_Amacayacu-1_crop1.npy",-33.463825,-47.82165,9
"..\\..\\..\\..\\Correos\\2025\February\03\TRACK ALERT ID 8063 at , Serial_ T010987 Prueba Amacayacu 2024\features_0\2025-February-03_8063-Camara_Amacayacu-0_crop0.npy",-44.05819,10.720257,0
"..\\..\\..\\..\\Correos\\2025\February\03\TRACK ALERT ID 8063 at , Serial_ T010987 Prueba Amacayacu 2024\features_0\2025-February-03_8063-Camara_Amacayacu-1_crop0.npy",-31.418428,-46.57299,9
"..\\..\\..\\..\\Correos\\2025\February\03\TRACK ALERT ID 8069 at , Serial_ T010987 Prueba Amacayacu 2024\features_0\2025-February-03_8069-Camara_Amacayacu-0_crop0.npy",-40.66245,11.7643795,0
"..\\..\\..\\..\\Correos\\2025\February\03\TRACK ALERT ID 8081 at , Serial_ T010987 Prueba Amacayacu 2024\features_0\2025-February-03_8081-Camara_Amacayacu-0_crop0.npy",-55.607994,-45.84306,7
"..\\..\\..\\..\\Correos\\2025\February\03\TRACK ALERT ID 8120 at , Serial_ T010987 Prueba Amacayacu 2024\features_0\2025-February-03_8120-Camara_Amacayacu-0_crop0.npy",-77.266045,-11.055085,3
"..\\..\\..\\..\\Correos\\2025\February\03\TRACK ALERT ID 8120 at , Serial_ T010987 Prueba Amacayacu 2024\features_0\2025-February-03_8120-Camara_Amacayacu-0_crop1.npy",-76.67668,-11.68656,7
"..\\..\\..\\..\\Correos\\2025\February\03\TRACK ALERT ID 8120 at , Serial_ T010987 Prueba Amacayacu 2024\features_0\2025-February-03_8120-Camara_Amacayacu-0_crop2.npy",-77.17072,-11.412447,7
"..\\..\\..\\..\\Correos\\2025\February\03\TRACK ALERT ID 8125 at , Serial_ T010987 Prueba Amacayacu 2024\features_0\2025-February-03_8125-Camara_Amacayacu-1_crop0.npy",-36.846783,23.919323,0
"..\\..\\..\\..\\Correos\\2025\February\03\TRACK ALERT ID 8129 at , Serial_ T010987 Prueba Amacayacu 2024\features_0\2025-February-03_8129-Camara_Amacayacu-0_crop0.npy",-57.677822,-43.448288,7
"..\\..\\..\\..\\Correos\\2025\February\03\TRACK ALERT ID 8165 at , Serial_ T010987 Prueba Amacayacu 2024\features_0\2025-February-03_8165-Camara_Amacayacu-0_crop0.npy",-62.860523,-34.182663,7
"..\\..\\..\\..\\Correos\\2025\February\03\TRACK ALERT ID 8165 at , Serial_ T010987 Prueba Amacayacu 2024\features_0\2025-February-03_8165-Camara_Amacayacu-0_crop1.npy",9.750023,-28.037527,2
"..\\..\\..\\..\\Correos\\2025\February\03\TRACK ALERT ID 8272 at , Serial_ T010987 Prueba Amacayacu 2024\features_0\2025-February-03_8272-Camara_Amacayacu-0_crop0.npy",-60.42781,-6.1918893,3
"..\\..\\..\\..\\Correos\\2025\February\03\TRACK ALERT ID 8272 at , Serial_ T010987 Prueba Amacayacu 2024\features_0\2025-February-03_8272-Camara_Amacayacu-1_crop0.npy",-60.090572,-5.2851753,3
"..\\..\\..\\..\\Correos\\2025\February\03\TRACK ALERT ID 8272 at , Serial_ T010987 Prueba Amacayacu 2024\features_0\2025-February-03_8272-Camara_Amacayacu-2_crop0.npy",-60.000942,-5.5774727,3
"..\\..\\..\\..\\Correos\\2025\February\03\TRACK ALERT ID 8289 at , Serial_ T010987 Prueba Amacayacu 2024\features_0\2025-February-03_8289-Camara_Amacayacu-0_crop0.npy",-55.498203,-36.681225,7
"..\\..\\..\\..\\Correos\\2025\February\04\TRACK ALERT ID 8423 at , Serial_ T010987 Prueba Amacayacu 2024\features_0\2025-February-04_8423-Camara_Amacayacu-0_crop0.npy",-24.980562,-40.001087,9
"..\\..\\..\\..\\Correos\\2025\February\05\TRACK ALERT ID 8623 at , Serial_ T010987 Prueba Amacayacu 2024\features_0\2025-February-05_8623-Camara_Amacayacu-0_crop0.npy",-48.539,-9.14867,7
"..\\..\\..\\..\\Correos\\2025\February\05\TRACK ALERT ID 8628 at , Serial_ T010987 Prueba Amacayacu 2024\features_0\2025-February-05_8628-Camara_Amacayacu-1_crop0.npy",-63.832214,-4.035592,3
"..\\..\\..\\..\\Correos\\2025\February\05\TRACK ALERT ID 8628 at , Serial_ T010987 Prueba Amacayacu 2024\features_0\2025-February-05_8628-Camara_Amacayacu-2_crop0.npy",-62.946014,-3.740987,3
"..\\..\\..\\..\\Correos\\2025\February\05\TRACK ALERT ID 8643 at , Serial_ T010987 Prueba Amacayacu 2024\features_0\2025-February-05_8643-Camara_Amacayacu-1_crop0.npy",-33.696613,24.167377,0
"..\\..\\..\\..\\Correos\\2025\February\05\TRACK ALERT ID 8660 at , Serial_ T010987 Prueba Amacayacu 2024\features_1\2025-February-05_8660-Camara_Amacayacu-2_crop0.npy",-15.788755,8.389697,8
"..\\..\\..\\..\\Correos\\2025\February\05\TRACK ALERT ID 8660 at , Serial_ T010987 Prueba Amacayacu 2024\features_1\2025-February-05_8660-Camara_Amacayacu-3_crop0.npy",-15.838717,8.43588,8
"..\\..\\..\\..\\Correos\\2025\February\05\TRACK ALERT ID 8663 at , Serial_ T010987 Prueba Amacayacu 2024\features_0\2025-February-05_8663-Camara_Amacayacu-0_crop0.npy",0.50395167,4.278093,8
"..\\..\\..\\..\\Correos\\2025\February\05\TRACK ALERT ID 8667 at , Serial_ T010987 Prueba Amacayacu 2024\features_4\2025-February-05_8667-Camara_Amacayacu-0_crop0.npy",-69.118835,8.547245,3
"..\\..\\..\\..\\Correos\\2025\February\05\TRACK ALERT ID 8667 at , Serial_ T010987 Prueba Amacayacu 2024\features_5\2025-February-05_8667-Camara_Amacayacu-0_crop0.npy",-69.410934,8.343743,3
"..\\..\\..\\..\\Correos\\2025\February\05\TRACK ALERT ID 8667 at , Serial_ T010987 Prueba Amacayacu 2024\features_4\2025-February-05_8667-Camara_Amacayacu-0_crop1.npy",-69.74649,9.438089,3
"..\\..\\..\\..\\Correos\\2025\February\05\TRACK ALERT ID 8667 at , Serial_ T010987 Prueba Amacayacu 2024\features_5\2025-February-05_8667-Camara_Amacayacu-0_crop1.npy",-70.04923,9.205649,3
"..\\..\\..\\..\\Correos\\2025\February\05\TRACK ALERT ID 8667 at , Serial_ T010987 Prueba Amacayacu 2024\features_4\2025-February-05_8667-Camara_Amacayacu-1_crop0.npy",-67.348526,10.213292,3
"..\\..\\..\\..\\Correos\\2025\February\05\TRACK ALERT ID 8667 at , Serial_ T010987 Prueba Amacayacu 2024\features_5\2025-February-05_8667-Camara_Amacayacu-1_crop0.npy",-67.3489,10.21201,3
"..\\..\\..\\..\\Correos\\2025\February\05\TRACK ALERT ID 9015 at , Serial_ T010987 Prueba Amacayacu 2024\features_0\2025-February-05_9015-Camara_Amacayacu-1_crop0.npy",-38.89302,22.868618,0
"..\\..\\..\\..\\Correos\\2025\February\05\TRACK ALERT ID 9017 at , Serial_ T010987 Prueba Amacayacu 2024\features_0\2025-February-05_9017-Camara_Amacayacu-1_crop0.npy",-52.94898,37.297745,0
"..\\..\\..\\..\\Correos\\2025\February\05\TRACK ALERT ID 9022 at , Serial_ T010987 Prueba Amacayacu 2024\features_0\2025-February-05_9022-Camara_Amacayacu-0_crop0.npy",12.545458,-28.680532,2
"..\\..\\..\\..\\Correos\\2025\February\05\TRACK ALERT ID 9032 at , Serial_ T010987 Prueba Amacayacu 2024\features_0\2025-February-05_9032-Camara_Amacayacu-0_crop0.npy",-35.670227,24.60692,0
"..\\..\\..\\..\\Correos\\2025\February\05\TRACK ALERT ID 9066,9067 at , Serial_ T010987 Prueba Amacayacu 2024\features_0\2025-February-05_9066-Camara_Amacayacu-0_crop0.npy",-57.27468,-28.446949,7
"..\\..\\..\\..\\Correos\\2025\February\05\TRACK ALERT ID 9076 at , Serial_ T010987 Prueba Amacayacu 2024\features_0\2025-February-05_9076-Camara_Amacayacu-0_crop0.npy",-68.07187,-35.13541,7
"..\\..\\..\\..\\Correos\\2025\February\05\TRACK ALERT ID 9095 at , Serial_ T010987 Prueba Amacayacu 2024\features_0\2025-February-05_9095-Camara_Amacayacu-0_crop0.npy",-53.977627,34.241604,0
"..\\..\\..\\..\\Correos\\2025\February\05\TRACK ALERT ID 9095 at , Serial_ T010987 Prueba Amacayacu 2024\features_0\2025-February-05_9095-Camara_Amacayacu-0_crop1.npy",-50.08258,12.7463455,3
"..\\..\\..\\..\\Correos\\2025\February\05\TRACK ALERT ID 9095 at , Serial_ T010987 Prueba Amacayacu 2024\features_0\2025-February-05_9095-Camara_Amacayacu-0_crop2.npy",-53.726147,34.716045,0
"..\\..\\..\\..\\Correos\\2025\February\05\TRACK ALERT ID 9095 at , Serial_ T010987 Prueba Amacayacu 2024\features_0\2025-February-05_9095-Camara_Amacayacu-0_crop3.npy",-50.09377,12.26968,3
"..\\..\\..\\..\\Correos\\2025\February\05\TRACK ALERT ID 9095 at , Serial_ T010987 Prueba Amacayacu 2024\features_0\2025-February-05_9095-Camara_Amacayacu-1_crop0.npy",-49.27348,12.47101,3
"..\\..\\..\\..\\Correos\\2025\February\05\TRACK ALERT ID 9095 at , Serial_ T010987 Prueba Amacayacu 2024\features_0\2025-February-05_9095-Camara_Amacayacu-2_crop0.npy",-47.34079,13.048492,0
"..\\..\\..\\..\\Correos\\2025\February\05\TRACK ALERT ID 9095 at , Serial_ T010987 Prueba Amacayacu 2024\features_0\2025-February-05_9095-Camara_Amacayacu-2_crop1.npy",-47.24652,12.851867,0
"..\\..\\..\\..\\Correos\\2025\February\05\TRACK ALERT ID 9137 at , Serial_ T010987 Prueba Amacayacu 2024\features_0\2025-February-05_9137-Camara_Amacayacu-0_crop0.npy",-57.236065,-13.840831,7
"..\\..\\..\\..\\Correos\\2025\February\06\TRACK ALERT ID 9189 at , Serial_ T010987 Prueba Amacayacu 2024\features_0\2025-February-06_9189-Camara_Amacayacu-0_crop0.npy",-53.485268,-43.84823,7
"..\\..\\..\\..\\Correos\\2025\February\06\TRACK ALERT ID 9197 at , Serial_ T010987 Prueba Amacayacu 2024\features_0\2025-February-06_9197-Camara_Amacayacu-1_crop0.npy",-22.950932,-52.489864,9
"..\\..\\..\\..\\Correos\\2025\February\06\TRACK ALERT ID 9241 at , Serial_ T010987 Prueba Amacayacu 2024\features_0\2025-February-06_9241-Camara_Amacayacu-0_crop0.npy",-55.068523,18.22934,3
"..\\..\\..\\..\\Correos\\2025\February\06\TRACK ALERT ID 9244 at , Serial_ T010987 Prueba Amacayacu 2024\features_0\2025-February-06_9244-Camara_Amacayacu-0_crop0.npy",-62.18567,-25.492994,7
"..\\..\\..\\..\\Correos\\2025\February\06\TRACK ALERT ID 9244 at , Serial_ T010987 Prueba Amacayacu 2024\features_0\2025-February-06_9244-Camara_Amacayacu-1_crop0.npy",-37.84464,24.22101,0
"..\\..\\..\\..\\Correos\\2025\February\06\TRACK ALERT ID 9296 at , Serial_ T010987 Prueba Amacayacu 2024\features_0\2025-February-06_9296-Camara_Amacayacu-0_crop0.npy",-82.64567,-7.062871,3
"..\\..\\..\\..\\Correos\\2025\February\06\TRACK ALERT ID 9296 at , Serial_ T010987 Prueba Amacayacu 2024\features_0\2025-February-06_9296-Camara_Amacayacu-0_crop1.npy",-82.64235,-7.1728063,3
"..\\..\\..\\..\\Correos\\2025\February\07\TRACK ALERT ID 10026 at , Serial_ T010987 Prueba Amacayacu 2024\features_14\2025-February-07_10026-Camara_Amacayacu-0_crop0.npy",72.054184,-20.13627,5
"..\\..\\..\\..\\Correos\\2025\February\07\TRACK ALERT ID 10026,10027 at , Serial_ T010987 Prueba Amacayacu 2024\features_0\2025-February-07_10026-Camara_Amacayacu-0_crop0.npy",72.054184,-20.13627,5
"..\\..\\..\\..\\Correos\\2025\February\07\TRACK ALERT ID 10131 at , Serial_ T010987 Prueba Amacayacu 2024\features_0\2025-February-07_10131-Camara_Amacayacu-0_crop0.npy",72.86195,-15.222159,5
"..\\..\\..\\..\\Correos\\2025\February\07\TRACK ALERT ID 10131 at , Serial_ T010987 Prueba Amacayacu 2024\features_0\2025-February-07_10131-Camara_Amacayacu-1_crop0.npy",76.19348,-20.889154,5
"..\\..\\..\\..\\Correos\\2025\February\07\TRACK ALERT ID 10133 at , Serial_ T010987 Prueba Amacayacu 2024\features_0\2025-February-07_10133-Camara_Amacayacu-0_crop0.npy",79.57712,-23.640291,5
"..\\..\\..\\..\\Correos\\2025\February\07\TRACK ALERT ID 10133 at , Serial_ T010987 Prueba Amacayacu 2024\features_10\2025-February-07_10133-Camara_Amacayacu-0_crop0.npy",79.57712,-23.640291,5
"..\\..\\..\\..\\Correos\\2025\February\07\TRACK ALERT ID 10133 at , Serial_ T010987 Prueba Amacayacu 2024\features_11\2025-February-07_10133-Camara_Amacayacu-0_crop0.npy",79.57712,-23.640291,5
"..\\..\\..\\..\\Correos\\2025\February\07\TRACK ALERT ID 10133 at , Serial_ T010987 Prueba Amacayacu 2024\features_3\2025-February-07_10133-Camara_Amacayacu-0_crop0.npy",80.30508,-21.12459,5
"..\\..\\..\\..\\Correos\\2025\February\07\TRACK ALERT ID 10133 at , Serial_ T010987 Prueba Amacayacu 2024\features_4\2025-February-07_10133-Camara_Amacayacu-0_crop0.npy",79.57712,-23.640291,5
"..\\..\\..\\..\\Correos\\2025\February\07\TRACK ALERT ID 10133 at , Serial_ T010987 Prueba Amacayacu 2024\features_6\2025-February-07_10133-Camara_Amacayacu-0_crop0.npy",79.57712,-23.640291,5
"..\\..\\..\\..\\Correos\\2025\February\07\TRACK ALERT ID 10133 at , Serial_ T010987 Prueba Amacayacu 2024\features_9\2025-February-07_10133-Camara_Amacayacu-0_crop0.npy",80.30508,-21.12459,5
"..\\..\\..\\..\\Correos\\2025\February\07\TRACK ALERT ID 10133,10134 at , Serial_ T010987 Prueba Amacayacu 2024\features_0\2025-February-07_10133-Camara_Amacayacu-0_crop0.npy",80.30508,-21.12459,5
"..\\..\\..\\..\\Correos\\2025\February\07\TRACK ALERT ID 10133 at , Serial_ T010987 Prueba Amacayacu 2024\features_0\2025-February-07_10133-Camara_Amacayacu-3_crop0.npy",78.55417,-20.195332,5
"..\\..\\..\\..\\Correos\\2025\February\07\TRACK ALERT ID 10133 at , Serial_ T010987 Prueba Amacayacu 2024\features_4\2025-February-07_10133-Camara_Amacayacu-3_crop0.npy",78.55417,-20.195332,5
"..\\..\\..\\..\\Correos\\2025\February\07\TRACK ALERT ID 10133 at , Serial_ T010987 Prueba Amacayacu 2024\features_6\2025-February-07_10133-Camara_Amacayacu-3_crop0.npy",78.55417,-20.195332,5
"..\\..\\..\\..\\Correos\\2025\February\07\TRACK ALERT ID 10133 at , Serial_ T010987 Prueba Amacayacu 2024\features_17\2025-February-07_10133-Camara_Amacayacu-2_crop0.npy",78.308525,-22.061373,5
"..\\..\\..\\..\\Correos\\2025\February\07\TRACK ALERT ID 10133 at , Serial_ T010987 Prueba Amacayacu 2024\features_3\2025-February-07_10133-Camara_Amacayacu-2_crop0.npy",51.92854,2.6527445,1
"..\\..\\..\\..\\Correos\\2025\February\07\TRACK ALERT ID 10133 at , Serial_ T010987 Prueba Amacayacu 2024\features_9\2025-February-07_10133-Camara_Amacayacu-2_crop0.npy",52.35498,2.4132926,1
"..\\..\\..\\..\\Correos\\2025\February\07\TRACK ALERT ID 10133,10134 at , Serial_ T010987 Prueba Amacayacu 2024\features_0\2025-February-07_10133-Camara_Amacayacu-2_crop0.npy",51.95157,2.1641152,1
"..\\..\\..\\..\\Correos\\2025\February\07\TRACK ALERT ID 10137 at , Serial_ T010987 Prueba Amacayacu 2024\features_2\2025-February-07_10137-Camara_Amacayacu-0_crop0.npy",32.010693,-52.39605,2
"..\\..\\..\\..\\Correos\\2025\February\07\TRACK ALERT ID 10137 at , Serial_ T010987 Prueba Amacayacu 2024\features_2\2025-February-07_10137-Camara_Amacayacu-0_crop1.npy",48.880486,-0.07753359,1
"..\\..\\..\\..\\Correos\\2025\February\07\TRACK ALERT ID 10137 at , Serial_ T010987 Prueba Amacayacu 2024\features_2\2025-February-07_10137-Camara_Amacayacu-2_crop0.npy",32.51338,-52.83911,2
"..\\..\\..\\..\\Correos\\2025\February\07\TRACK ALERT ID 10138 at , Serial_ T010987 Prueba Amacayacu 2024\features_0\2025-February-07_10138-Camara_Amacayacu-3_crop0.npy",49.668907,-2.383617,1
"..\\..\\..\\..\\Correos\\2025\February\07\TRACK ALERT ID 10138 at , Serial_ T010987 Prueba Amacayacu 2024\features_3\2025-February-07_10138-Camara_Amacayacu-3_crop0.npy",49.668907,-2.383617,1
"..\\..\\..\\..\\Correos\\2025\February\07\TRACK ALERT ID 10138 at , Serial_ T010987 Prueba Amacayacu 2024\features_7\2025-February-07_10138-Camara_Amacayacu-3_crop0.npy",49.668907,-2.383617,1
"..\\..\\..\\..\\Correos\\2025\February\07\TRACK ALERT ID 10138 at , Serial_ T010987 Prueba Amacayacu 2024\features_1\2025-February-07_10138-Camara_Amacayacu-0_crop0.npy",48.276905,-1.7273922,1
"..\\..\\..\\..\\Correos\\2025\February\07\TRACK ALERT ID 10138 at , Serial_ T010987 Prueba Amacayacu 2024\features_11\2025-February-07_10138-Camara_Amacayacu-2_crop0.npy",45.39017,-4.1033897,1
"..\\..\\..\\..\\Correos\\2025\February\07\TRACK ALERT ID 10138 at , Serial_ T010987 Prueba Amacayacu 2024\features_12\2025-February-07_10138-Camara_Amacayacu-2_crop0.npy",45.39017,-4.1033897,1
"..\\..\\..\\..\\Correos\\2025\February\07\TRACK ALERT ID 10138 at , Serial_ T010987 Prueba Amacayacu 2024\features_8\2025-February-07_10138-Camara_Amacayacu-2_crop0.npy",70.22479,-16.674345,5
"..\\..\\..\\..\\Correos\\2025\February\07\TRACK ALERT ID 10138 at , Serial_ T010987 Prueba Amacayacu 2024\features_9\2025-February-07_10138-Camara_Amacayacu-2_crop0.npy",45.70254,-3.6867926,1
"..\\..\\..\\..\\Correos\\2025\February\07\TRACK ALERT ID 10138 at , Serial_ T010987 Prueba Amacayacu 2024\features_3\2025-February-07_10138-Camara_Amacayacu-5_crop0.npy",73.905785,-21.007166,5
"..\\..\\..\\..\\Correos\\2025\February\07\TRACK ALERT ID 10138 at , Serial_ T010987 Prueba Amacayacu 2024\features_3\2025-February-07_10138-Camara_Amacayacu-5_crop1.npy",71.09293,-15.693711,5
"..\\..\\..\\..\\Correos\\2025\February\07\TRACK ALERT ID 10138 at , Serial_ T010987 Prueba Amacayacu 2024\features_3\2025-February-07_10138-Camara_Amacayacu-6_crop0.npy",70.8474,-17.460608,5
"..\\..\\..\\..\\Correos\\2025\February\07\TRACK ALERT ID 10138 at , Serial_ T010987 Prueba Amacayacu 2024\features_9\2025-February-07_10138-Camara_Amacayacu-4_crop0.npy",51.696045,-1.3014199,1
"..\\..\\..\\..\\Correos\\2025\February\07\TRACK ALERT ID 10143 at , Serial_ T010987 Prueba Amacayacu 2024\features_0\2025-February-07_10143-Camara_Amacayacu-4_crop0.npy",79.04558,-18.565725,5
"..\\..\\..\\..\\Correos\\2025\February\07\TRACK ALERT ID 10149 at , Serial_ T010987 Prueba Amacayacu 2024\features_0\2025-February-07_10149-Camara_Amacayacu-2_crop0.npy",79.80486,-17.246832,5
"..\\..\\..\\..\\Correos\\2025\February\07\TRACK ALERT ID 10149 at , Serial_ T010987 Prueba Amacayacu 2024\features_4\2025-February-07_10149-Camara_Amacayacu-0_crop0.npy",77.22024,-21.473042,5
"..\\..\\..\\..\\Correos\\2025\February\07\TRACK ALERT ID 10155 at , Serial_ T010987 Prueba Amacayacu 2024\features_0\2025-February-07_10155-Camara_Amacayacu-1_crop0.npy",72.92677,-18.76081,5
"..\\..\\..\\..\\Correos\\2025\February\07\TRACK ALERT ID 10161 at , Serial_ T010987 Prueba Amacayacu 2024\features_0\2025-February-07_10161-Camara_Amacayacu-0_crop0.npy",-37.62178,-23.934437,9
"..\\..\\..\\..\\Correos\\2025\February\07\TRACK ALERT ID 10209 at , Serial_ T010987 Prueba Amacayacu 2024\features_0\2025-February-07_10209-Camara_Amacayacu-0_crop0.npy",16.488289,38.844807,6
"..\\..\\..\\..\\Correos\\2025\February\07\TRACK ALERT ID 10209 at , Serial_ T010987 Prueba Amacayacu 2024\features_0\2025-February-07_10209-Camara_Amacayacu-0_crop1.npy",50.99841,15.515007,1
"..\\..\\..\\..\\Correos\\2025\February\07\TRACK ALERT ID 10235,10236 at , Serial_ T010987 Prueba Amacayacu 2024\features_0\2025-February-07_10236-Camara_Amacayacu-0_crop0.npy",-42.342976,8.5022,0
"..\\..\\..\\..\\Correos\\2025\February\07\TRACK ALERT ID 10241 at , Serial_ T010987 Prueba Amacayacu 2024\features_0\2025-February-07_10241-Camara_Amacayacu-0_crop0.npy",-48.56516,-40.828636,7
"..\\..\\..\\..\\Correos\\2025\February\07\TRACK ALERT ID 10241 at , Serial_ T010987 Prueba Amacayacu 2024\features_0\2025-February-07_10241-Camara_Amacayacu-1_crop0.npy",-54.805664,7.20435,3
"..\\..\\..\\..\\Correos\\2025\February\07\TRACK ALERT ID 10241 at , Serial_ T010987 Prueba Amacayacu 2024\features_0\2025-February-07_10241-Camara_Amacayacu-2_crop0.npy",-63.572605,-13.519363,7
"..\\..\\..\\..\\Correos\\2025\February\07\TRACK ALERT ID 10241 at , Serial_ T010987 Prueba Amacayacu 2024\features_0\2025-February-07_10241-Camara_Amacayacu-3_crop0.npy",-63.301674,-13.025404,7
"..\\..\\..\\..\\Correos\\2025\February\07\TRACK ALERT ID 10241 at , Serial_ T010987 Prueba Amacayacu 2024\features_0\2025-February-07_10241-Camara_Amacayacu-3_crop1.npy",-54.899006,7.07885,3
"..\\..\\..\\..\\Correos\\2025\February\07\TRACK ALERT ID 10248 at , Serial_ T010987 Prueba Amacayacu 2024\features_0\2025-February-07_10248-Camara_Amacayacu-0_crop0.npy",-55.42931,-38.015438,7
"..\\..\\..\\..\\Correos\\2025\February\07\TRACK ALERT ID 10251 at , Serial_ T010987 Prueba Amacayacu 2024\features_0\2025-February-07_10251-Camara_Amacayacu-0_crop0.npy",-71.7003,-12.000401,7
"..\\..\\..\\..\\Correos\\2025\February\07\TRACK ALERT ID 10251 at , Serial_ T010987 Prueba Amacayacu 2024\features_0\2025-February-07_10251-Camara_Amacayacu-1_crop0.npy",-51.002,31.73798,0
"..\\..\\..\\..\\Correos\\2025\February\07\TRACK ALERT ID 10251 at , Serial_ T010987 Prueba Amacayacu 2024\features_0\2025-February-07_10251-Camara_Amacayacu-1_crop1.npy",-72.43311,-12.893186,7
"..\\..\\..\\..\\Correos\\2025\February\07\TRACK ALERT ID 10251 at , Serial_ T010987 Prueba Amacayacu 2024\features_0\2025-February-07_10251-Camara_Amacayacu-1_crop2.npy",-50.753647,31.710003,0
"..\\..\\..\\..\\Correos\\2025\February\07\TRACK ALERT ID 10251 at , Serial_ T010987 Prueba Amacayacu 2024\features_0\2025-February-07_10251-Camara_Amacayacu-1_crop3.npy",-72.51776,-13.179975,7
"..\\..\\..\\..\\Correos\\2025\February\07\TRACK ALERT ID 10271 at , Serial_ T010987 Prueba Amacayacu 2024\features_0\2025-February-07_10271-Camara_Amacayacu-0_crop0.npy",-69.148155,-17.231184,7
"..\\..\\..\\..\\Correos\\2025\February\07\TRACK ALERT ID 10271 at , Serial_ T010987 Prueba Amacayacu 2024\features_2\2025-February-07_10271-Camara_Amacayacu-0_crop0.npy",-77.65279,4.755674,3
"..\\..\\..\\..\\Correos\\2025\February\07\TRACK ALERT ID 10271 at , Serial_ T010987 Prueba Amacayacu 2024\features_3\2025-February-07_10271-Camara_Amacayacu-0_crop0.npy",-77.65279,4.755674,3
"..\\..\\..\\..\\Correos\\2025\February\07\TRACK ALERT ID 10271,10272 at , Serial_ T010987 Prueba Amacayacu 2024\features_0\2025-February-07_10271-Camara_Amacayacu-0_crop0.npy",-77.65279,4.755674,3
"..\\..\\..\\..\\Correos\\2025\February\07\TRACK ALERT ID 10271 at , Serial_ T010987 Prueba Amacayacu 2024\features_0\2025-February-07_10271-Camara_Amacayacu-1_crop0.npy",-69.07384,-17.046299,7
"..\\..\\..\\..\\Correos\\2025\February\07\TRACK ALERT ID 10271,10272 at , Serial_ T010987 Prueba Amacayacu 2024\features_0\2025-February-07_10271-Camara_Amacayacu-1_crop0.npy",-47.24333,-4.7350774,3
"..\\..\\..\\..\\Correos\\2025\February\07\TRACK ALERT ID 10271,10272 at , Serial_ T010987 Prueba Amacayacu 2024\features_0\2025-February-07_10271-Camara_Amacayacu-1_crop1.npy",-78.883835,3.5338192,3
"..\\..\\..\\..\\Correos\\2025\February\07\TRACK ALERT ID 10271,10272 at , Serial_ T010987 Prueba Amacayacu 2024\features_0\2025-February-07_10272-Camara_Amacayacu-2_crop0.npy",-38.543907,21.317575,0
"..\\..\\..\\..\\Correos\\2025\February\07\TRACK ALERT ID 10271,10272 at , Serial_ T010987 Prueba Amacayacu 2024\features_0\2025-February-07_10272-Camara_Amacayacu-2_crop1.npy",-43.87077,-36.304462,7
"..\\..\\..\\..\\Correos\\2025\February\07\TRACK ALERT ID 10281,10282 at , Serial_ T010987 Prueba Amacayacu 2024\features_0\2025-February-07_10281-Camara_Amacayacu-0_crop0.npy",-56.44532,-24.62742,7
"..\\..\\..\\..\\Correos\\2025\February\07\TRACK ALERT ID 10281,10282 at , Serial_ T010987 Prueba Amacayacu 2024\features_0\2025-February-07_10282-Camara_Amacayacu-1_crop0.npy",-42.610825,14.517766,0
"..\\..\\..\\..\\Correos\\2025\February\07\TRACK ALERT ID 10281,10282 at , Serial_ T010987 Prueba Amacayacu 2024\features_0\2025-February-07_10282-Camara_Amacayacu-2_crop0.npy",-42.37924,14.966089,0
"..\\..\\..\\..\\Correos\\2025\February\07\TRACK ALERT ID 10312 at , Serial_ T010987 Prueba Amacayacu 2024\features_0\2025-February-07_10312-Camara_Amacayacu-2_crop0.npy",-54.85419,4.1192284,3
"..\\..\\..\\..\\Correos\\2025\February\07\TRACK ALERT ID 10314 at , Serial_ T010987 Prueba Amacayacu 2024\features_0\2025-February-07_10314-Camara_Amacayacu-0_crop0.npy",-68.13657,-18.230743,7
"..\\..\\..\\..\\Correos\\2025\February\07\TRACK ALERT ID 10319 at , Serial_ T010987 Prueba Amacayacu 2024\features_0\2025-February-07_10319-Camara_Amacayacu-0_crop0.npy",-54.562817,-41.26826,7
"..\\..\\..\\..\\Correos\\2025\February\07\TRACK ALERT ID 9426 at , Serial_ T010987 Prueba Amacayacu 2024\features_1\2025-February-07_9426-Camara_Amacayacu-2_crop0.npy",7.580724,31.89027,6
"..\\..\\..\\..\\Correos\\2025\February\07\TRACK ALERT ID 9581 at , Serial_ T010987 Prueba Amacayacu 2024\features_0\2025-February-07_9581-Camara_Amacayacu-0_crop0.npy",-44.48779,32.147697,0
"..\\..\\..\\..\\Correos\\2025\February\07\TRACK ALERT ID 9604 at , Serial_ T010987 Prueba Amacayacu 2024\features_0\2025-February-07_9604-Camara_Amacayacu-0_crop0.npy",71.39953,-18.449594,5
"..\\..\\..\\..\\Correos\\2025\February\07\TRACK ALERT ID 9728 at , Serial_ T010987 Prueba Amacayacu 2024\features_0\2025-February-07_9728-Camara_Amacayacu-1_crop0.npy",70.651955,-19.0572,5
"..\\..\\..\\..\\Correos\\2025\February\07\TRACK ALERT ID 9733 at , Serial_ T010987 Prueba Amacayacu 2024\features_1\2025-February-07_9733-Camara_Amacayacu-0_crop0.npy",75.27552,-19.845064,5
"..\\..\\..\\..\\Correos\\2025\February\07\TRACK ALERT ID 9733 at , Serial_ T010987 Prueba Amacayacu 2024\features_2\2025-February-07_9733-Camara_Amacayacu-0_crop0.npy",75.27552,-19.845064,5
"..\\..\\..\\..\\Correos\\2025\February\07\TRACK ALERT ID 9760 at , Serial_ T010987 Prueba Amacayacu 2024\features_6\2025-February-07_9760-Camara_Amacayacu-0_crop0.npy",81.18497,-19.692553,5
"..\\..\\..\\..\\Correos\\2025\February\07\TRACK ALERT ID 9807 at , Serial_ T010987 Prueba Amacayacu 2024\features_1\2025-February-07_9807-Camara_Amacayacu-0_crop0.npy",74.22067,-19.608688,5
"..\\..\\..\\..\\Correos\\2025\February\07\TRACK ALERT ID 9807 at , Serial_ T010987 Prueba Amacayacu 2024\features_1\2025-February-07_9807-Camara_Amacayacu-1_crop0.npy",72.483185,-16.453644,5
"..\\..\\..\\..\\Correos\\2025\February\07\TRACK ALERT ID 9873 at , Serial_ T010987 Prueba Amacayacu 2024\features_0\2025-February-07_9873-Camara_Amacayacu-1_crop0.npy",69.69039,-17.449436,5
"..\\..\\..\\..\\Correos\\2025\February\07\TRACK ALERT ID 9904 at , Serial_ T010987 Prueba Amacayacu 2024\features_0\2025-February-07_9904-Camara_Amacayacu-0_crop0.npy",34.20056,-64.15217,2
"..\\..\\..\\..\\Correos\\2025\February\07\TRACK ALERT ID 9905 at , Serial_ T010987 Prueba Amacayacu 2024\features_0\2025-February-07_9904-Camara_Amacayacu-0_crop0.npy",34.20056,-64.15217,2
"..\\..\\..\\..\\Correos\\2025\February\07\TRACK ALERT ID 9905 at , Serial_ T010987 Prueba Amacayacu 2024\features_1\2025-February-07_9904-Camara_Amacayacu-0_crop0.npy",34.397343,-65.594864,2
"..\\..\\..\\..\\Correos\\2025\February\07\TRACK ALERT ID 9905 at , Serial_ T010987 Prueba Amacayacu 2024\features_2\2025-February-07_9904-Camara_Amacayacu-0_crop0.npy",34.397343,-65.594864,2
"..\\..\\..\\..\\Correos\\2025\February\07\TRACK ALERT ID 9905 at , Serial_ T010987 Prueba Amacayacu 2024\features_3\2025-February-07_9904-Camara_Amacayacu-0_crop0.npy",35.343426,-63.570427,2
"..\\..\\..\\..\\Correos\\2025\February\07\TRACK ALERT ID 9905 at , Serial_ T010987 Prueba Amacayacu 2024\features_4\2025-February-07_9904-Camara_Amacayacu-0_crop0.npy",35.53062,-64.79954,2
"..\\..\\..\\..\\Correos\\2025\February\07\TRACK ALERT ID 9905 at , Serial_ T010987 Prueba Amacayacu 2024\features_5\2025-February-07_9904-Camara_Amacayacu-0_crop0.npy",33.266068,-65.01338,2
"..\\..\\..\\..\\Correos\\2025\February\07\TRACK ALERT ID 9905 at , Serial_ T010987 Prueba Amacayacu 2024\features_6\2025-February-07_9904-Camara_Amacayacu-0_crop0.npy",35.53062,-64.79954,2
"..\\..\\..\\..\\Correos\\2025\February\07\TRACK ALERT ID 9904 at , Serial_ T010987 Prueba Amacayacu 2024\features_2\2025-February-07_9904-Camara_Amacayacu-1_crop0.npy",31.032185,-56.243862,2
"..\\..\\..\\..\\Correos\\2025\February\07\TRACK ALERT ID 9905 at , Serial_ T010987 Prueba Amacayacu 2024\features_0\2025-February-07_9905-Camara_Amacayacu-1_crop0.npy",29.167055,-49.990314,2
"..\\..\\..\\..\\Correos\\2025\February\07\TRACK ALERT ID 9905 at , Serial_ T010987 Prueba Amacayacu 2024\features_1\2025-February-07_9905-Camara_Amacayacu-1_crop0.npy",29.167055,-49.990314,2
"..\\..\\..\\..\\Correos\\2025\February\07\TRACK ALERT ID 9905 at , Serial_ T010987 Prueba Amacayacu 2024\features_2\2025-February-07_9905-Camara_Amacayacu-1_crop0.npy",30.423222,-50.004337,2
"..\\..\\..\\..\\Correos\\2025\February\07\TRACK ALERT ID 9905 at , Serial_ T010987 Prueba Amacayacu 2024\features_3\2025-February-07_9905-Camara_Amacayacu-1_crop0.npy",29.167055,-49.990314,2
"..\\..\\..\\..\\Correos\\2025\February\07\TRACK ALERT ID 9905 at , Serial_ T010987 Prueba Amacayacu 2024\features_4\2025-February-07_9905-Camara_Amacayacu-1_crop0.npy",29.290756,-48.830547,2
"..\\..\\..\\..\\Correos\\2025\February\07\TRACK ALERT ID 9905 at , Serial_ T010987 Prueba Amacayacu 2024\features_5\2025-February-07_9905-Camara_Amacayacu-1_crop0.npy",30.252106,-48.925682,2
"..\\..\\..\\..\\Correos\\2025\February\07\TRACK ALERT ID 9905 at , Serial_ T010987 Prueba Amacayacu 2024\features_6\2025-February-07_9905-Camara_Amacayacu-1_crop0.npy",30.423222,-50.004337,2
"..\\..\\..\\..\\Correos\\2025\February\07\TRACK ALERT ID 9905 at , Serial_ T010987 Prueba Amacayacu 2024\features_0\2025-February-07_9905-Camara_Amacayacu-2_crop0.npy",30.887903,-58.809044,2
"..\\..\\..\\..\\Correos\\2025\February\07\TRACK ALERT ID 9905 at , Serial_ T010987 Prueba Amacayacu 2024\features_1\2025-February-07_9905-Camara_Amacayacu-2_crop0.npy",32.103584,-57.975975,2
"..\\..\\..\\..\\Correos\\2025\February\07\TRACK ALERT ID 9905 at , Serial_ T010987 Prueba Amacayacu 2024\features_2\2025-February-07_9905-Camara_Amacayacu-2_crop0.npy",32.103584,-57.975975,2
"..\\..\\..\\..\\Correos\\2025\February\07\TRACK ALERT ID 9905 at , Serial_ T010987 Prueba Amacayacu 2024\features_3\2025-February-07_9905-Camara_Amacayacu-2_crop0.npy",30.887903,-58.809044,2
"..\\..\\..\\..\\Correos\\2025\February\07\TRACK ALERT ID 9905 at , Serial_ T010987 Prueba Amacayacu 2024\features_4\2025-February-07_9905-Camara_Amacayacu-2_crop0.npy",30.887903,-58.809044,2
"..\\..\\..\\..\\Correos\\2025\February\07\TRACK ALERT ID 9905 at , Serial_ T010987 Prueba Amacayacu 2024\features_5\2025-February-07_9905-Camara_Amacayacu-2_crop0.npy",32.103584,-57.975975,2
"..\\..\\..\\..\\Correos\\2025\February\07\TRACK ALERT ID 9905 at , Serial_ T010987 Prueba Amacayacu 2024\features_6\2025-February-07_9905-Camara_Amacayacu-2_crop0.npy",30.623299,-57.63605,2
"..\\..\\..\\..\\Correos\\2025\February\07\TRACK ALERT ID 9905 at , Serial_ T010987 Prueba Amacayacu 2024\features_0\2025-February-07_9905-Camara_Amacayacu-2_crop1.npy",51.231125,-9.103344,1
"..\\..\\..\\..\\Correos\\2025\February\07\TRACK ALERT ID 9905 at , Serial_ T010987 Prueba Amacayacu 2024\features_1\2025-February-07_9905-Camara_Amacayacu-2_crop1.npy",49.336246,-8.798014,1
"..\\..\\..\\..\\Correos\\2025\February\07\TRACK ALERT ID 9905 at , Serial_ T010987 Prueba Amacayacu 2024\features_2\2025-February-07_9905-Camara_Amacayacu-2_crop1.npy",50.312943,-8.666962,1
"..\\..\\..\\..\\Correos\\2025\February\07\TRACK ALERT ID 9905 at , Serial_ T010987 Prueba Amacayacu 2024\features_3\2025-February-07_9905-Camara_Amacayacu-2_crop1.npy",50.312943,-8.666962,1
"..\\..\\..\\..\\Correos\\2025\February\07\TRACK ALERT ID 9905 at , Serial_ T010987 Prueba Amacayacu 2024\features_4\2025-February-07_9905-Camara_Amacayacu-2_crop1.npy",49.95549,-10.152877,1
"..\\..\\..\\..\\Correos\\2025\February\07\TRACK ALERT ID 9905 at , Serial_ T010987 Prueba Amacayacu 2024\features_5\2025-February-07_9905-Camara_Amacayacu-2_crop1.npy",50.70718,-9.855896,1
"..\\..\\..\\..\\Correos\\2025\February\07\TRACK ALERT ID 9905 at , Serial_ T010987 Prueba Amacayacu 2024\features_6\2025-February-07_9905-Camara_Amacayacu-2_crop1.npy",49.350258,-9.648395,1
"..\\..\\..\\..\\Correos\\2025\February\07\TRACK ALERT ID 9905 at , Serial_ T010987 Prueba Amacayacu 2024\features_0\2025-February-07_9905-Camara_Amacayacu-3_crop0.npy",32.761936,-60.084145,2
"..\\..\\..\\..\\Correos\\2025\February\07\TRACK ALERT ID 9905 at , Serial_ T010987 Prueba Amacayacu 2024\features_1\2025-February-07_9905-Camara_Amacayacu-3_crop0.npy",33.739502,-60.337,2
"..\\..\\..\\..\\Correos\\2025\February\07\TRACK ALERT ID 9905 at , Serial_ T010987 Prueba Amacayacu 2024\features_2\2025-February-07_9905-Camara_Amacayacu-3_crop0.npy",33.510525,-61.68241,2
"..\\..\\..\\..\\Correos\\2025\February\07\TRACK ALERT ID 9905 at , Serial_ T010987 Prueba Amacayacu 2024\features_3\2025-February-07_9905-Camara_Amacayacu-3_crop0.npy",32.08511,-60.72762,2
"..\\..\\..\\..\\Correos\\2025\February\07\TRACK ALERT ID 9905 at , Serial_ T010987 Prueba Amacayacu 2024\features_4\2025-February-07_9905-Camara_Amacayacu-3_crop0.npy",33.739502,-60.337,2
"..\\..\\..\\..\\Correos\\2025\February\07\TRACK ALERT ID 9905 at , Serial_ T010987 Prueba Amacayacu 2024\features_5\2025-February-07_9905-Camara_Amacayacu-3_crop0.npy",32.818733,-61.242878,2
"..\\..\\..\\..\\Correos\\2025\February\07\TRACK ALERT ID 9905 at , Serial_ T010987 Prueba Amacayacu 2024\features_6\2025-February-07_9905-Camara_Amacayacu-3_crop0.npy",34.433525,-61.221035,2
"..\\..\\..\\..\\Correos\\2025\February\07\TRACK ALERT ID 9905 at , Serial_ T010987 Prueba Amacayacu 2024\features_0\2025-February-07_9905-Camara_Amacayacu-4_crop0.npy",32.134876,-63.076363,2
"..\\..\\..\\..\\Correos\\2025\February\07\TRACK ALERT ID 9905 at , Serial_ T010987 Prueba Amacayacu 2024\features_1\2025-February-07_9905-Camara_Amacayacu-4_crop0.npy",31.051632,-62.48678,2
"..\\..\\..\\..\\Correos\\2025\February\07\TRACK ALERT ID 9905 at , Serial_ T010987 Prueba Amacayacu 2024\features_2\2025-February-07_9905-Camara_Amacayacu-4_crop0.npy",31.051632,-62.48678,2
"..\\..\\..\\..\\Correos\\2025\February\07\TRACK ALERT ID 9905 at , Serial_ T010987 Prueba Amacayacu 2024\features_3\2025-February-07_9905-Camara_Amacayacu-4_crop0.npy",31.051632,-62.48678,2
"..\\..\\..\\..\\Correos\\2025\February\07\TRACK ALERT ID 9905 at , Serial_ T010987 Prueba Amacayacu 2024\features_4\2025-February-07_9905-Camara_Amacayacu-4_crop0.npy",31.051632,-62.48678,2
"..\\..\\..\\..\\Correos\\2025\February\07\TRACK ALERT ID 9905 at , Serial_ T010987 Prueba Amacayacu 2024\features_0\2025-February-07_9905-Camara_Amacayacu-5_crop0.npy",35.432842,-58.265423,2
"..\\..\\..\\..\\Correos\\2025\February\07\TRACK ALERT ID 9905 at , Serial_ T010987 Prueba Amacayacu 2024\features_1\2025-February-07_9905-Camara_Amacayacu-5_crop0.npy",35.432842,-58.265423,2
"..\\..\\..\\..\\Correos\\2025\February\07\TRACK ALERT ID 9905 at , Serial_ T010987 Prueba Amacayacu 2024\features_2\2025-February-07_9905-Camara_Amacayacu-5_crop0.npy",36.1169,-59.25101,2
"..\\..\\..\\..\\Correos\\2025\February\07\TRACK ALERT ID 9905 at , Serial_ T010987 Prueba Amacayacu 2024\features_3\2025-February-07_9905-Camara_Amacayacu-5_crop0.npy",35.432842,-58.265423,2
"..\\..\\..\\..\\Correos\\2025\February\07\TRACK ALERT ID 9905 at , Serial_ T010987 Prueba Amacayacu 2024\features_4\2025-February-07_9905-Camara_Amacayacu-5_crop0.npy",35.432842,-58.265423,2
"..\\..\\..\\..\\Correos\\2025\February\07\TRACK ALERT ID 9905 at , Serial_ T010987 Prueba Amacayacu 2024\features_0\2025-February-07_9905-Camara_Amacayacu-5_crop1.npy",46.4325,-7.850695,1
"..\\..\\..\\..\\Correos\\2025\February\07\TRACK ALERT ID 9905 at , Serial_ T010987 Prueba Amacayacu 2024\features_1\2025-February-07_9905-Camara_Amacayacu-5_crop1.npy",46.750465,-9.073144,1
"..\\..\\..\\..\\Correos\\2025\February\07\TRACK ALERT ID 9905 at , Serial_ T010987 Prueba Amacayacu 2024\features_2\2025-February-07_9905-Camara_Amacayacu-5_crop1.npy",47.178238,-8.148606,1
"..\\..\\..\\..\\Correos\\2025\February\07\TRACK ALERT ID 9905 at , Serial_ T010987 Prueba Amacayacu 2024\features_3\2025-February-07_9905-Camara_Amacayacu-5_crop1.npy",46.750465,-9.073144,1
"..\\..\\..\\..\\Correos\\2025\February\07\TRACK ALERT ID 9905 at , Serial_ T010987 Prueba Amacayacu 2024\features_4\2025-February-07_9905-Camara_Amacayacu-5_crop1.npy",45.898617,-8.573993,1
"..\\..\\..\\..\\Correos\\2025\February\07\TRACK ALERT ID 9905 at , Serial_ T010987 Prueba Amacayacu 2024\features_0\2025-February-07_9905-Camara_Amacayacu-6_crop0.npy",32.860497,-55.113564,2
"..\\..\\..\\..\\Correos\\2025\February\07\TRACK ALERT ID 9905 at , Serial_ T010987 Prueba Amacayacu 2024\features_1\2025-February-07_9905-Camara_Amacayacu-6_crop0.npy",32.860497,-55.113564,2
"..\\..\\..\\..\\Correos\\2025\February\07\TRACK ALERT ID 9905 at , Serial_ T010987 Prueba Amacayacu 2024\features_2\2025-February-07_9905-Camara_Amacayacu-6_crop0.npy",33.56927,-55.17999,2
"..\\..\\..\\..\\Correos\\2025\February\07\TRACK ALERT ID 9905 at , Serial_ T010987 Prueba Amacayacu 2024\features_0\2025-February-07_9905-Camara_Amacayacu-8_crop0.npy",51.960587,-5.8789625,1
"..\\..\\..\\..\\Correos\\2025\February\07\TRACK ALERT ID 9906 at , Serial_ T010987 Prueba Amacayacu 2024\features_0\2025-February-07_9906-Camara_Amacayacu-0_crop0.npy",49.453995,-6.678415,1
"..\\..\\..\\..\\Correos\\2025\February\07\TRACK ALERT ID 9906 at , Serial_ T010987 Prueba Amacayacu 2024\features_1\2025-February-07_9906-Camara_Amacayacu-0_crop0.npy",49.642696,-6.67801,1
"..\\..\\..\\..\\Correos\\2025\February\07\TRACK ALERT ID 9907 at , Serial_ T010987 Prueba Amacayacu 2024\features_0\2025-February-07_9907-Camara_Amacayacu-1_crop0.npy",55.131584,20.169693,4
"..\\..\\..\\..\\Correos\\2025\February\07\TRACK ALERT ID 9907 at , Serial_ T010987 Prueba Amacayacu 2024\features_1\2025-February-07_9907-Camara_Amacayacu-1_crop0.npy",55.131584,20.169693,4
"..\\..\\..\\..\\Correos\\2025\February\07\TRACK ALERT ID 9907 at , Serial_ T010987 Prueba Amacayacu 2024\features_2\2025-February-07_9907-Camara_Amacayacu-1_crop0.npy",55.131584,20.169693,4
"..\\..\\..\\..\\Correos\\2025\February\07\TRACK ALERT ID 9934 at , Serial_ T010987 Prueba Amacayacu 2024\features_0\2025-February-07_9934-Camara_Amacayacu-0_crop0.npy",74.35571,-17.169575,5
"..\\..\\..\\..\\Correos\\2025\February\07\TRACK ALERT ID 9934 at , Serial_ T010987 Prueba Amacayacu 2024\features_3\2025-February-07_9934-Camara_Amacayacu-0_crop0.npy",74.35571,-17.169575,5
"..\\..\\..\\..\\Correos\\2025\February\07\TRACK ALERT ID 9981 at , Serial_ T010987 Prueba Amacayacu 2024\features_4\2025-February-07_9981-Camara_Amacayacu-2_crop0.npy",80.40147,-18.821224,5
"..\\..\\..\\..\\Correos\\2025\February\08\TRACK ALERT ID 10435 at , Serial_ T010987 Prueba Amacayacu 2024\features_0\2025-February-08_10435-Camara_Amacayacu-0_crop0.npy",-45.92697,37.78051,0
"..\\..\\..\\..\\Correos\\2025\February\08\TRACK ALERT ID 10435 at , Serial_ T010987 Prueba Amacayacu 2024\features_0\2025-February-08_10435-Camara_Amacayacu-0_crop1.npy",-39.91784,37.040882,0
"..\\..\\..\\..\\Correos\\2025\February\08\TRACK ALERT ID 10450 at , Serial_ T010987 Prueba Amacayacu 2024\features_0\2025-February-08_10450-Camara_Amacayacu-0_crop0.npy",-47.246014,15.287564,0
"..\\..\\..\\..\\Correos\\2025\February\08\TRACK ALERT ID 10467 at , Serial_ T010987 Prueba Amacayacu 2024\features_0\2025-February-08_10467-Camara_Amacayacu-0_crop0.npy",-38.729206,14.009537,0
"..\\..\\..\\..\\Correos\\2025\February\08\TRACK ALERT ID 10475 at , Serial_ T010987 Prueba Amacayacu 2024\features_1\2025-February-08_10475-Camara_Amacayacu-0_crop0.npy",-31.549076,-54.7974,9
"..\\..\\..\\..\\Correos\\2025\February\08\TRACK ALERT ID 10540 at , Serial_ T010987 Prueba Amacayacu 2024\features_0\2025-February-08_10540-Camara_Amacayacu-3_crop0.npy",21.232443,-29.307188,2
"..\\..\\..\\..\\Correos\\2025\February\08\TRACK ALERT ID 10546 at , Serial_ T010987 Prueba Amacayacu 2024\features_1\2025-February-08_10546-Camara_Amacayacu-1_crop0.npy",-62.685387,1.6061287,3
"..\\..\\..\\..\\Correos\\2025\February\08\TRACK ALERT ID 10550 at , Serial_ T010987 Prueba Amacayacu 2024\features_0\2025-February-08_10550-Camara_Amacayacu-1_crop0.npy",-28.786804,10.239136,0
"..\\..\\..\\..\\Correos\\2025\February\08\TRACK ALERT ID 10550 at , Serial_ T010987 Prueba Amacayacu 2024\features_0\2025-February-08_10550-Camara_Amacayacu-1_crop1.npy",-28.86409,10.4822855,0
"..\\..\\..\\..\\Correos\\2025\February\08\TRACK ALERT ID 10554 at , Serial_ T010987 Prueba Amacayacu 2024\features_3\2025-February-08_10554-Camara_Amacayacu-1_crop0.npy",21.361242,4.3403754,1
"..\\..\\..\\..\\Correos\\2025\February\08\TRACK ALERT ID 10641 at , Serial_ T010987 Prueba Amacayacu 2024\features_0\2025-February-08_10641-Camara_Amacayacu-0_crop0.npy",-53.875904,-18.74227,7
"..\\..\\..\\..\\Correos\\2025\February\08\TRACK ALERT ID 10641 at , Serial_ T010987 Prueba Amacayacu 2024\features_1\2025-February-08_10641-Camara_Amacayacu-0_crop0.npy",-53.875904,-18.74227,7
"..\\..\\..\\..\\Correos\\2025\February\08\TRACK ALERT ID 10641 at , Serial_ T010987 Prueba Amacayacu 2024\features_2\2025-February-08_10641-Camara_Amacayacu-0_crop0.npy",-53.875904,-18.74227,7
"..\\..\\..\\..\\Correos\\2025\February\08\TRACK ALERT ID 10641 at , Serial_ T010987 Prueba Amacayacu 2024\features_0\2025-February-08_10641-Camara_Amacayacu-1_crop0.npy",-68.687035,-6.7875743,3
"..\\..\\..\\..\\Correos\\2025\February\08\TRACK ALERT ID 10641 at , Serial_ T010987 Prueba Amacayacu 2024\features_1\2025-February-08_10641-Camara_Amacayacu-1_crop0.npy",-68.687035,-6.7875743,3
"..\\..\\..\\..\\Correos\\2025\February\08\TRACK ALERT ID 10641 at , Serial_ T010987 Prueba Amacayacu 2024\features_2\2025-February-08_10641-Camara_Amacayacu-1_crop0.npy",-68.687035,-6.7875743,3
"..\\..\\..\\..\\Correos\\2025\February\08\TRACK ALERT ID 10641 at , Serial_ T010987 Prueba Amacayacu 2024\features_0\2025-February-08_10641-Camara_Amacayacu-2_crop0.npy",-67.51502,-6.2270923,3
"..\\..\\..\\..\\Correos\\2025\February\08\TRACK ALERT ID 10641 at , Serial_ T010987 Prueba Amacayacu 2024\features_0\2025-February-08_10641-Camara_Amacayacu-3_crop0.npy",-69.951996,-6.3138247,3
"..\\..\\..\\..\\Correos\\2025\February\09\TRACK ALERT ID 10698 at , Serial_ T010987 Prueba Amacayacu 2024\features_0\2025-February-09_10698-Camara_Amacayacu-0_crop0.npy",-56.30173,-46.025208,7
"..\\..\\..\\..\\Correos\\2025\February\09\TRACK ALERT ID 10757 at , Serial_ T010987 Prueba Amacayacu 2024\features_0\2025-February-09_10757-Camara_Amacayacu-4_crop0.npy",-59.61787,13.544132,3
"..\\..\\..\\..\\Correos\\2025\February\09\TRACK ALERT ID 10757 at , Serial_ T010987 Prueba Amacayacu 2024\features_1\2025-February-09_10757-Camara_Amacayacu-4_crop0.npy",-59.61787,13.54413,3
"..\\..\\..\\..\\Correos\\2025\February\09\TRACK ALERT ID 10757 at , Serial_ T010987 Prueba Amacayacu 2024\features_0\2025-February-09_10757-Camara_Amacayacu-4_crop1.npy",-61.857475,11.766674,3
"..\\..\\..\\..\\Correos\\2025\February\09\TRACK ALERT ID 10757 at , Serial_ T010987 Prueba Amacayacu 2024\features_1\2025-February-09_10757-Camara_Amacayacu-4_crop1.npy",-61.857475,11.766674,3
"..\\..\\..\\..\\Correos\\2025\February\09\TRACK ALERT ID 10757 at , Serial_ T010987 Prueba Amacayacu 2024\features_0\2025-February-09_10757-Camara_Amacayacu-5_crop0.npy",-50.26866,28.097488,0
"..\\..\\..\\..\\Correos\\2025\February\09\TRACK ALERT ID 10757 at , Serial_ T010987 Prueba Amacayacu 2024\features_1\2025-February-09_10757-Camara_Amacayacu-5_crop0.npy",-50.26866,28.097488,0
"..\\..\\..\\..\\Correos\\2025\February\09\TRACK ALERT ID 10757 at , Serial_ T010987 Prueba Amacayacu 2024\features_0\2025-February-09_10757-Camara_Amacayacu-6_crop0.npy",-52.412354,26.804754,0
"..\\..\\..\\..\\Correos\\2025\February\09\TRACK ALERT ID 10757 at , Serial_ T010987 Prueba Amacayacu 2024\features_1\2025-February-09_10757-Camara_Amacayacu-6_crop0.npy",-52.412354,26.804754,0
"..\\..\\..\\..\\Correos\\2025\February\09\TRACK ALERT ID 10757 at , Serial_ T010987 Prueba Amacayacu 2024\features_0\2025-February-09_10757-Camara_Amacayacu-7_crop0.npy",-51.221066,16.253355,3
"..\\..\\..\\..\\Correos\\2025\February\09\TRACK ALERT ID 10757 at , Serial_ T010987 Prueba Amacayacu 2024\features_1\2025-February-09_10757-Camara_Amacayacu-7_crop0.npy",-51.221207,16.253283,3
"..\\..\\..\\..\\Correos\\2025\February\09\TRACK ALERT ID 10757 at , Serial_ T010987 Prueba Amacayacu 2024\features_0\2025-February-09_10757-Camara_Amacayacu-8_crop0.npy",-50.80328,18.698454,0
"..\\..\\..\\..\\Correos\\2025\February\09\TRACK ALERT ID 10757 at , Serial_ T010987 Prueba Amacayacu 2024\features_1\2025-February-09_10757-Camara_Amacayacu-8_crop0.npy",-50.80342,18.698385,0
"..\\..\\..\\..\\Correos\\2025\February\09\TRACK ALERT ID 10757 at , Serial_ T010987 Prueba Amacayacu 2024\features_0\2025-February-09_10757-Camara_Amacayacu-9_crop0.npy",-48.849976,18.160364,0
"..\\..\\..\\..\\Correos\\2025\February\09\TRACK ALERT ID 10757 at , Serial_ T010987 Prueba Amacayacu 2024\features_1\2025-February-09_10757-Camara_Amacayacu-9_crop0.npy",-48.849384,18.160439,0
"..\\..\\..\\..\\Correos\\2025\February\09\TRACK ALERT ID 10783 at , Serial_ T010987 Prueba Amacayacu 2024\features_0\2025-February-09_10783-Camara_Amacayacu-0_crop0.npy",-53.16287,29.409193,0
"..\\..\\..\\..\\Correos\\2025\February\09\TRACK ALERT ID 10783 at , Serial_ T010987 Prueba Amacayacu 2024\features_0\2025-February-09_10783-Camara_Amacayacu-0_crop1.npy",-59.177593,-19.4117,7
"..\\..\\..\\..\\Correos\\2025\February\10\TRACK ALERT ID 10904 at , Serial_ T010987 Prueba Amacayacu 2024\features_0\2025-February-10_10904-Camara_Amacayacu-0_crop0.npy",-73.45227,-31.934391,7
"..\\..\\..\\..\\Correos\\2025\February\10\TRACK ALERT ID 10904 at , Serial_ T010987 Prueba Amacayacu 2024\features_0\2025-February-10_10904-Camara_Amacayacu-0_crop1.npy",-74.634476,-31.561722,7
"..\\..\\..\\..\\Correos\\2025\February\10\TRACK ALERT ID 10921 at , Serial_ T010987 Prueba Amacayacu 2024\features_0\2025-February-10_10921-Camara_Amacayacu-0_crop0.npy",-65.18021,-42.877724,7
"..\\..\\..\\..\\Correos\\2025\February\10\TRACK ALERT ID 10921 at , Serial_ T010987 Prueba Amacayacu 2024\features_0\2025-February-10_10921-Camara_Amacayacu-0_crop1.npy",-65.095345,-42.70335,7
"..\\..\\..\\..\\Correos\\2025\February\10\TRACK ALERT ID 10939 at , Serial_ T010987 Prueba Amacayacu 2024\features_0\2025-February-10_10939-Camara_Amacayacu-0_crop0.npy",-51.495842,9.130889,3
"..\\..\\..\\..\\Correos\\2025\February\10\TRACK ALERT ID 10941 at , Serial_ T010987 Prueba Amacayacu 2024\features_0\2025-February-10_10939-Camara_Amacayacu-0_crop0.npy",-51.495274,9.13095,3
"..\\..\\..\\..\\Correos\\2025\February\10\TRACK ALERT ID 10939 at , Serial_ T010987 Prueba Amacayacu 2024\features_0\2025-February-10_10939-Camara_Amacayacu-0_crop1.npy",-63.511677,-19.526482,7
"..\\..\\..\\..\\Correos\\2025\February\10\TRACK ALERT ID 10941 at , Serial_ T010987 Prueba Amacayacu 2024\features_0\2025-February-10_10939-Camara_Amacayacu-0_crop1.npy",-63.511677,-19.526482,7
"..\\..\\..\\..\\Correos\\2025\February\10\TRACK ALERT ID 10939 at , Serial_ T010987 Prueba Amacayacu 2024\features_0\2025-February-10_10939-Camara_Amacayacu-0_crop2.npy",-62.75201,-17.58913,7
"..\\..\\..\\..\\Correos\\2025\February\10\TRACK ALERT ID 10941 at , Serial_ T010987 Prueba Amacayacu 2024\features_0\2025-February-10_10939-Camara_Amacayacu-0_crop2.npy",-62.752007,-17.589102,7
"..\\..\\..\\..\\Correos\\2025\February\10\TRACK ALERT ID 10941 at , Serial_ T010987 Prueba Amacayacu 2024\features_0\2025-February-10_10941-Camara_Amacayacu-2_crop0.npy",-50.816845,37.95766,0
"..\\..\\..\\..\\Correos\\2025\February\10\TRACK ALERT ID 10941 at , Serial_ T010987 Prueba Amacayacu 2024\features_0\2025-February-10_10941-Camara_Amacayacu-3_crop0.npy",-26.523617,8.734183,0
"..\\..\\..\\..\\Correos\\2025\February\10\TRACK ALERT ID 10977 at , Serial_ T010987 Prueba Amacayacu 2024\features_0\2025-February-10_10977-Camara_Amacayacu-0_crop0.npy",-54.64351,-34.32085,7
"..\\..\\..\\..\\Correos\\2025\February\10\TRACK ALERT ID 10977 at , Serial_ T010987 Prueba Amacayacu 2024\features_0\2025-February-10_10977-Camara_Amacayacu-0_crop1.npy",-52.022404,-37.036224,7
"..\\..\\..\\..\\Correos\\2025\February\10\TRACK ALERT ID 10977 at , Serial_ T010987 Prueba Amacayacu 2024\features_0\2025-February-10_10977-Camara_Amacayacu-0_crop2.npy",-51.86827,-37.43611,7
"..\\..\\..\\..\\Correos\\2025\February\10\TRACK ALERT ID 11048 at , Serial_ T010987 Prueba Amacayacu 2024\features_0\2025-February-10_11048-Camara_Amacayacu-0_crop0.npy",-57.33187,-31.10428,7
"..\\..\\..\\..\\Correos\\2025\February\10\TRACK ALERT ID 11048 at , Serial_ T010987 Prueba Amacayacu 2024\features_0\2025-February-10_11048-Camara_Amacayacu-0_crop1.npy",-55.882034,-32.886543,7
"..\\..\\..\\..\\Correos\\2025\February\10\TRACK ALERT ID 11064 at , Serial_ T010987 Prueba Amacayacu 2024\features_0\2025-February-10_11064-Camara_Amacayacu-1_crop0.npy",-40.524998,13.015111,0
"..\\..\\..\\..\\Correos\\2025\February\11\TRACK ALERT ID 11307 at , Serial_ T010987 Prueba Amacayacu 2024\features_1\2025-February-11_11307-Camara_Amacayacu-0_crop0.npy",-78.68599,-9.611478,3
"..\\..\\..\\..\\Correos\\2025\February\11\TRACK ALERT ID 11307,11308 at , Serial_ T010987 Prueba Amacayacu 2024\features_0\2025-February-11_11307-Camara_Amacayacu-0_crop0.npy",-46.742107,11.016335,0
"..\\..\\..\\..\\Correos\\2025\February\11\TRACK ALERT ID 11307 at , Serial_ T010987 Prueba Amacayacu 2024\features_1\2025-February-11_11307-Camara_Amacayacu-0_crop1.npy",-77.49971,-9.781418,3
"..\\..\\..\\..\\Correos\\2025\February\11\TRACK ALERT ID 11307 at , Serial_ T010987 Prueba Amacayacu 2024\features_1\2025-February-11_11307-Camara_Amacayacu-1_crop0.npy",-57.764774,-20.29777,7
"..\\..\\..\\..\\Correos\\2025\February\11\TRACK ALERT ID 11307,11308 at , Serial_ T010987 Prueba Amacayacu 2024\features_0\2025-February-11_11307-Camara_Amacayacu-1_crop0.npy",-44.814877,13.113991,0
"..\\..\\..\\..\\Correos\\2025\February\11\TRACK ALERT ID 11313 at , Serial_ T010987 Prueba Amacayacu 2024\features_1\2025-February-11_11313-Camara_Amacayacu-0_crop0.npy",-72.2737,-32.089703,7
"..\\..\\..\\..\\Correos\\2025\February\11\TRACK ALERT ID 11313 at , Serial_ T010987 Prueba Amacayacu 2024\features_1\2025-February-11_11313-Camara_Amacayacu-0_crop1.npy",-75.21292,-31.342648,7
"..\\..\\..\\..\\Correos\\2025\February\11\TRACK ALERT ID 11322 at , Serial_ T010987 Prueba Amacayacu 2024\features_0\2025-February-11_11322-Camara_Amacayacu-2_crop0.npy",-83.1494,-3.7275865,3
"..\\..\\..\\..\\Correos\\2025\February\11\TRACK ALERT ID 11322 at , Serial_ T010987 Prueba Amacayacu 2024\features_0\2025-February-11_preset-Camara_Amacayacu-1_crop0.npy",-83.49846,-2.7544916,3
"..\\..\\..\\..\\Correos\\2025\February\11\TRACK ALERT ID 11322 at , Serial_ T010987 Prueba Amacayacu 2024\features_1\2025-February-11_preset-Camara_Amacayacu-1_crop0.npy",-83.49936,-2.754607,3
"..\\..\\..\\..\\Correos\\2025\February\11\TRACK ALERT ID 11381 at , Serial_ T010987 Prueba Amacayacu 2024\features_0\2025-February-11_11381-Camara_Amacayacu-0_crop0.npy",-45.438046,1.5727274,3
"..\\..\\..\\..\\Correos\\2025\February\11\TRACK ALERT ID 11381 at , Serial_ T010987 Prueba Amacayacu 2024\features_0\2025-February-11_11381-Camara_Amacayacu-1_crop0.npy",-53.5433,40.23089,0
"..\\..\\..\\..\\Correos\\2025\February\11\TRACK ALERT ID 11404 at , Serial_ T010987 Prueba Amacayacu 2024\features_0\2025-February-11_11405-Camara_Amacayacu-0_crop0.npy",-63.69968,-30.018541,7
"..\\..\\..\\..\\Correos\\2025\February\11\TRACK ALERT ID 11405 at , Serial_ T010987 Prueba Amacayacu 2024\features_0\2025-February-11_11405-Camara_Amacayacu-0_crop0.npy",-63.69968,-30.018541,7
"..\\..\\..\\..\\Correos\\2025\February\11\TRACK ALERT ID 11404 at , Serial_ T010987 Prueba Amacayacu 2024\features_0\2025-February-11_11405-Camara_Amacayacu-1_crop0.npy",-80.84159,-27.630756,7
"..\\..\\..\\..\\Correos\\2025\February\11\TRACK ALERT ID 11405 at , Serial_ T010987 Prueba Amacayacu 2024\features_0\2025-February-11_11405-Camara_Amacayacu-1_crop0.npy",-80.84159,-27.630756,7
"..\\..\\..\\..\\Correos\\2025\February\11\TRACK ALERT ID 11408 at , Serial_ T010987 Prueba Amacayacu 2024\features_0\2025-February-11_11408-Camara_Amacayacu-0_crop0.npy",-54.55617,2.406494,3
"..\\..\\..\\..\\Correos\\2025\February\11\TRACK ALERT ID 11411 at , Serial_ T010987 Prueba Amacayacu 2024\features_0\2025-February-11_11411-Camara_Amacayacu-0_crop0.npy",-50.29265,-40.158276,7
"..\\..\\..\\..\\Correos\\2025\February\11\TRACK ALERT ID 11411 at , Serial_ T010987 Prueba Amacayacu 2024\features_1\2025-February-11_11411-Camara_Amacayacu-0_crop0.npy",-50.29265,-40.158276,7
"..\\..\\..\\..\\Correos\\2025\February\11\TRACK ALERT ID 11411 at , Serial_ T010987 Prueba Amacayacu 2024\features_2\2025-February-11_11411-Camara_Amacayacu-0_crop0.npy",-50.29265,-40.158276,7
"..\\..\\..\\..\\Correos\\2025\February\11\TRACK ALERT ID 11411 at , Serial_ T010987 Prueba Amacayacu 2024\features_0\2025-February-11_11411-Camara_Amacayacu-1_crop0.npy",-45.343433,-39.096474,7
"..\\..\\..\\..\\Correos\\2025\February\11\TRACK ALERT ID 11411 at , Serial_ T010987 Prueba Amacayacu 2024\features_1\2025-February-11_11411-Camara_Amacayacu-1_crop0.npy",-45.343433,-39.096474,7
"..\\..\\..\\..\\Correos\\2025\February\11\TRACK ALERT ID 11411 at , Serial_ T010987 Prueba Amacayacu 2024\features_2\2025-February-11_11411-Camara_Amacayacu-1_crop0.npy",-44.55307,-39.35305,7
"..\\..\\..\\..\\Correos\\2025\February\11\TRACK ALERT ID 11411 at , Serial_ T010987 Prueba Amacayacu 2024\features_0\2025-February-11_11411-Camara_Amacayacu-1_crop1.npy",-45.76102,-34.086933,7
"..\\..\\..\\..\\Correos\\2025\February\11\TRACK ALERT ID 11411 at , Serial_ T010987 Prueba Amacayacu 2024\features_1\2025-February-11_11411-Camara_Amacayacu-1_crop1.npy",-45.279297,-33.980053,7
"..\\..\\..\\..\\Correos\\2025\February\11\TRACK ALERT ID 11411 at , Serial_ T010987 Prueba Amacayacu 2024\features_2\2025-February-11_11411-Camara_Amacayacu-1_crop1.npy",-45.279297,-33.980053,7
"..\\..\\..\\..\\Correos\\2025\February\11\TRACK ALERT ID 11411 at , Serial_ T010987 Prueba Amacayacu 2024\features_0\2025-February-11_11411-Camara_Amacayacu-2_crop0.npy",-47.009384,-38.117836,7
"..\\..\\..\\..\\Correos\\2025\February\11\TRACK ALERT ID 11411 at , Serial_ T010987 Prueba Amacayacu 2024\features_1\2025-February-11_11411-Camara_Amacayacu-2_crop0.npy",-46.88432,-38.950516,7
"..\\..\\..\\..\\Correos\\2025\February\11\TRACK ALERT ID 11411 at , Serial_ T010987 Prueba Amacayacu 2024\features_2\2025-February-11_11411-Camara_Amacayacu-2_crop0.npy",-46.88432,-38.950516,7
"..\\..\\..\\..\\Correos\\2025\February\11\TRACK ALERT ID 11411 at , Serial_ T010987 Prueba Amacayacu 2024\features_0\2025-February-11_11411-Camara_Amacayacu-4_crop0.npy",-45.851902,-37.38984,7
"..\\..\\..\\..\\Correos\\2025\February\11\TRACK ALERT ID 11411 at , Serial_ T010987 Prueba Amacayacu 2024\features_0\2025-February-11_preset-Camara_Amacayacu-3_crop0.npy",-44.86036,-37.8141,7
"..\\..\\..\\..\\Correos\\2025\February\11\TRACK ALERT ID 11411 at , Serial_ T010987 Prueba Amacayacu 2024\features_1\2025-February-11_preset-Camara_Amacayacu-3_crop0.npy",-44.266827,-38.13403,7
"..\\..\\..\\..\\Correos\\2025\February\11\TRACK ALERT ID 11421,11422 at , Serial_ T010987 Prueba Amacayacu 2024\features_0\2025-February-11_11422-Camara_Amacayacu-1_crop0.npy",-32.290634,-42.59121,9
"..\\..\\..\\..\\Correos\\2025\February\11\TRACK ALERT ID 11455 at , Serial_ T010987 Prueba Amacayacu 2024\features_0\2025-February-11_11455-Camara_Amacayacu-0_crop0.npy",-63.95036,-32.33795,7
"..\\..\\..\\..\\Correos\\2025\February\11\TRACK ALERT ID 11455 at , Serial_ T010987 Prueba Amacayacu 2024\features_1\2025-February-11_11455-Camara_Amacayacu-0_crop0.npy",-64.46958,-32.35678,7
"..\\..\\..\\..\\Correos\\2025\February\11\TRACK ALERT ID 11455 at , Serial_ T010987 Prueba Amacayacu 2024\features_2\2025-February-11_11455-Camara_Amacayacu-0_crop0.npy",-63.95036,-32.33795,7
"..\\..\\..\\..\\Correos\\2025\February\11\TRACK ALERT ID 11455 at , Serial_ T010987 Prueba Amacayacu 2024\features_0\2025-February-11_11455-Camara_Amacayacu-1_crop0.npy",-82.85143,-25.071394,7
"..\\..\\..\\..\\Correos\\2025\February\11\TRACK ALERT ID 11455 at , Serial_ T010987 Prueba Amacayacu 2024\features_0\2025-February-11_11455-Camara_Amacayacu-2_crop0.npy",-82.905525,-24.92109,7
"..\\..\\..\\..\\Correos\\2025\February\12\TRACK ALERT ID 11491 at , Serial_ T010987 Prueba Amacayacu 2024\features_0\2025-February-12_11491-Camara_Amacayacu-0_crop0.npy",-72.75698,-32.955395,7
"..\\..\\..\\..\\Correos\\2025\February\12\TRACK ALERT ID 11507 at , Serial_ T010987 Prueba Amacayacu 2024\features_0\2025-February-12_11507-Camara_Amacayacu-0_crop0.npy",-31.002424,-47.3849,9
"..\\..\\..\\..\\Correos\\2025\February\12\TRACK ALERT ID 11507 at , Serial_ T010987 Prueba Amacayacu 2024\features_0\2025-February-12_11507-Camara_Amacayacu-0_crop1.npy",40.273865,-44.021336,2
"..\\..\\..\\..\\Correos\\2025\February\12\TRACK ALERT ID 11511 at , Serial_ T010987 Prueba Amacayacu 2024\features_0\2025-February-12_11511-Camara_Amacayacu-0_crop0.npy",-41.214867,8.169199,0
"..\\..\\..\\..\\Correos\\2025\February\12\TRACK ALERT ID 11528 at , Serial_ T010987 Prueba Amacayacu 2024\features_0\2025-February-12_11528-Camara_Amacayacu-0_crop0.npy",-45.57756,18.978771,0
"..\\..\\..\\..\\Correos\\2025\February\12\TRACK ALERT ID 11599 at , Serial_ T010987 Prueba Amacayacu 2024\features_0\2025-February-12_11599-Camara_Amacayacu-0_crop0.npy",-69.80015,-34.37333,7
"..\\..\\..\\..\\Correos\\2025\February\12\TRACK ALERT ID 11599 at , Serial_ T010987 Prueba Amacayacu 2024\features_0\2025-February-12_11599-Camara_Amacayacu-0_crop1.npy",-69.4632,-34.51431,7
"..\\..\\..\\..\\Correos\\2025\February\13\TRACK ALERT ID 12304 at , Serial_ T010987 Prueba Amacayacu 2024\features_0\2025-February-13_12304-Camara_Amacayacu-0_crop0.npy",-70.748024,-31.06893,7
"..\\..\\..\\..\\Correos\\2025\February\13\TRACK ALERT ID 12366 at , Serial_ T010987 Prueba Amacayacu 2024\features_0\2025-February-13_12366-Camara_Amacayacu-0_crop0.npy",15.528627,-51.844765,2
"..\\..\\..\\..\\Correos\\2025\February\13\TRACK ALERT ID 12478 at , Serial_ T010987 Prueba Amacayacu 2024\features_0\2025-February-13_12478-Camara_Amacayacu-0_crop0.npy",49.903133,-18.83804,5
"..\\..\\..\\..\\Correos\\2025\February\13\TRACK ALERT ID 12479 at , Serial_ T010987 Prueba Amacayacu 2024\features_0\2025-February-13_12479-Camara_Amacayacu-0_crop0.npy",51.83847,-21.791262,5
"..\\..\\..\\..\\Correos\\2025\February\13\TRACK ALERT ID 12479 at , Serial_ T010987 Prueba Amacayacu 2024\features_1\2025-February-13_12479-Camara_Amacayacu-0_crop0.npy",51.83847,-21.791262,5
"..\\..\\..\\..\\Correos\\2025\February\13\TRACK ALERT ID 12479 at , Serial_ T010987 Prueba Amacayacu 2024\features_0\2025-February-13_12479-Camara_Amacayacu-1_crop0.npy",52.052204,-24.826075,5
"..\\..\\..\\..\\Correos\\2025\February\13\TRACK ALERT ID 12479 at , Serial_ T010987 Prueba Amacayacu 2024\features_1\2025-February-13_12479-Camara_Amacayacu-1_crop0.npy",52.052204,-24.826075,5
"..\\..\\..\\..\\Correos\\2025\February\13\TRACK ALERT ID 12479 at , Serial_ T010987 Prueba Amacayacu 2024\features_0\2025-February-13_12479-Camara_Amacayacu-4_crop0.npy",50.14848,-23.265638,5
"..\\..\\..\\..\\Correos\\2025\February\13\TRACK ALERT ID 12479 at , Serial_ T010987 Prueba Amacayacu 2024\features_1\2025-February-13_12479-Camara_Amacayacu-4_crop0.npy",50.14848,-23.265638,5
"..\\..\\..\\..\\Correos\\2025\February\13\TRACK ALERT ID 12479 at , Serial_ T010987 Prueba Amacayacu 2024\features_0\2025-February-13_12479-Camara_Amacayacu-5_crop0.npy",50.626965,-24.625607,5
"..\\..\\..\\..\\Correos\\2025\February\13\TRACK ALERT ID 12479 at , Serial_ T010987 Prueba Amacayacu 2024\features_1\2025-February-13_12479-Camara_Amacayacu-5_crop0.npy",50.626965,-24.625607,5
"..\\..\\..\\..\\Correos\\2025\February\13\TRACK ALERT ID 12524 at , Serial_ T010987 Prueba Amacayacu 2024\features_0\2025-February-13_12524-Camara_Amacayacu-0_crop0.npy",-59.493187,17.157177,3
"..\\..\\..\\..\\Correos\\2025\February\13\TRACK ALERT ID 12524 at , Serial_ T010987 Prueba Amacayacu 2024\features_0\2025-February-13_12524-Camara_Amacayacu-1_crop0.npy",-31.594269,27.087313,0
"..\\..\\..\\..\\Correos\\2025\February\13\TRACK ALERT ID 12569 at , Serial_ T010987 Prueba Amacayacu 2024\features_0\2025-February-13_12569-Camara_Amacayacu-1_crop0.npy",-75.47959,-3.6456459,3
"..\\..\\..\\..\\Correos\\2025\February\13\TRACK ALERT ID 12570 at , Serial_ T010987 Prueba Amacayacu 2024\features_3\2025-February-13_12569-Camara_Amacayacu-1_crop0.npy",-75.47959,-3.6456459,3
"..\\..\\..\\..\\Correos\\2025\February\13\TRACK ALERT ID 12569 at , Serial_ T010987 Prueba Amacayacu 2024\features_0\2025-February-13_12569-Camara_Amacayacu-1_crop1.npy",-77.77339,-2.5110035,3
"..\\..\\..\\..\\Correos\\2025\February\13\TRACK ALERT ID 12570 at , Serial_ T010987 Prueba Amacayacu 2024\features_3\2025-February-13_12569-Camara_Amacayacu-1_crop1.npy",-77.77339,-2.5110035,3
"..\\..\\..\\..\\Correos\\2025\February\13\TRACK ALERT ID 12605 at , Serial_ T010987 Prueba Amacayacu 2024\features_1\2025-February-13_12605-Camara_Amacayacu-1_crop0.npy",-60.337482,21.740175,3
"..\\..\\..\\..\\Correos\\2025\February\13\TRACK ALERT ID 12605 at , Serial_ T010987 Prueba Amacayacu 2024\features_1\2025-February-13_12605-Camara_Amacayacu-1_crop1.npy",-67.33045,16.740894,3
"..\\..\\..\\..\\Correos\\2025\February\13\TRACK ALERT ID 12606 at , Serial_ T010987 Prueba Amacayacu 2024\features_0\2025-February-13_12606-Camara_Amacayacu-0_crop0.npy",-57.635757,-42.46281,7
"..\\..\\..\\..\\Correos\\2025\February\13\TRACK ALERT ID 12625,12626 at , Serial_ T010987 Prueba Amacayacu 2024\features_0\2025-February-13_12625-Camara_Amacayacu-2_crop0.npy",-67.06387,6.3554177,3
"..\\..\\..\\..\\Correos\\2025\February\13\TRACK ALERT ID 12637 at , Serial_ T010987 Prueba Amacayacu 2024\features_0\2025-February-13_12637-Camara_Amacayacu-2_crop0.npy",-71.52944,17.504139,3
"..\\..\\..\\..\\Correos\\2025\February\13\TRACK ALERT ID 12637 at , Serial_ T010987 Prueba Amacayacu 2024\features_1\2025-February-13_12637-Camara_Amacayacu-2_crop0.npy",-71.13776,17.068428,3
"..\\..\\..\\..\\Correos\\2025\February\13\TRACK ALERT ID 12637 at , Serial_ T010987 Prueba Amacayacu 2024\features_2\2025-February-13_12637-Camara_Amacayacu-2_crop0.npy",-71.02661,17.772003,3
"..\\..\\..\\..\\Correos\\2025\February\13\TRACK ALERT ID 12637 at , Serial_ T010987 Prueba Amacayacu 2024\features_3\2025-February-13_12640-Camara_Amacayacu-1_crop0.npy",-73.833954,2.1346066,3
"..\\..\\..\\..\\Correos\\2025\February\13\TRACK ALERT ID 12640 at , Serial_ T010987 Prueba Amacayacu 2024\features_0\2025-February-13_12640-Camara_Amacayacu-1_crop0.npy",-73.833954,2.1346066,3
"..\\..\\..\\..\\Correos\\2025\February\13\TRACK ALERT ID 12637,12641 at , Serial_ T010987 Prueba Amacayacu 2024\features_0\2025-February-13_12641-Camara_Amacayacu-4_crop0.npy",-69.306885,17.500874,3
"..\\..\\..\\..\\Correos\\2025\February\13\TRACK ALERT ID 12641,12642 at , Serial_ T010987 Prueba Amacayacu 2024\features_0\2025-February-13_12641-Camara_Amacayacu-4_crop0.npy",-69.24393,16.041382,3
"..\\..\\..\\..\\Correos\\2025\February\13\TRACK ALERT ID 12637,12641 at , Serial_ T010987 Prueba Amacayacu 2024\features_0\2025-February-13_12641-Camara_Amacayacu-5_crop0.npy",-66.75092,21.039434,3
"..\\..\\..\\..\\Correos\\2025\February\13\TRACK ALERT ID 12637,12641 at , Serial_ T010987 Prueba Amacayacu 2024\features_0\2025-February-13_12641-Camara_Amacayacu-6_crop0.npy",-65.181984,18.662886,3
"..\\..\\..\\..\\Correos\\2025\February\13\TRACK ALERT ID 12637,12641 at , Serial_ T010987 Prueba Amacayacu 2024\features_0\2025-February-13_12641-Camara_Amacayacu-7_crop0.npy",-69.24825,16.041658,3
"..\\..\\..\\..\\Correos\\2025\February\13\TRACK ALERT ID 12641,12642 at , Serial_ T010987 Prueba Amacayacu 2024\features_0\2025-February-13_12641-Camara_Amacayacu-1_crop0.npy",-69.306885,17.500874,3
"..\\..\\..\\..\\Correos\\2025\February\13\TRACK ALERT ID 12641,12642 at , Serial_ T010987 Prueba Amacayacu 2024\features_0\2025-February-13_12641-Camara_Amacayacu-2_crop0.npy",-66.7511,21.03911,3
"..\\..\\..\\..\\Correos\\2025\February\13\TRACK ALERT ID 12641,12642 at , Serial_ T010987 Prueba Amacayacu 2024\features_0\2025-February-13_12641-Camara_Amacayacu-3_crop0.npy",-65.181946,18.663168,3
"..\\..\\..\\..\\Correos\\2025\February\13\TRACK ALERT ID 12641,12642 at , Serial_ T010987 Prueba Amacayacu 2024\features_0\2025-February-13_12642-Camara_Amacayacu-7_crop0.npy",-66.13211,19.764555,3
"..\\..\\..\\..\\Correos\\2025\February\13\TRACK ALERT ID 12726 at , Serial_ T010987 Prueba Amacayacu 2024\features_0\2025-February-13_12726-Camara_Amacayacu-1_crop0.npy",-66.012566,4.9713845,3
"..\\..\\..\\..\\Correos\\2025\February\13\TRACK ALERT ID 12726,12728,12730 at , Serial_ T010987 Prueba Amacayacu 2024\features_0\2025-February-13_12726-Camara_Amacayacu-1_crop0.npy",-66.01243,4.9713182,3
"..\\..\\..\\..\\Correos\\2025\February\13\TRACK ALERT ID 12726 at , Serial_ T010987 Prueba Amacayacu 2024\features_0\2025-February-13_12726-Camara_Amacayacu-2_crop0.npy",-68.0742,4.7949915,3
"..\\..\\..\\..\\Correos\\2025\February\13\TRACK ALERT ID 12726,12728,12730 at , Serial_ T010987 Prueba Amacayacu 2024\features_0\2025-February-13_12726-Camara_Amacayacu-2_crop0.npy",-68.07628,4.7931066,3
"..\\..\\..\\..\\Correos\\2025\February\13\TRACK ALERT ID 12726 at , Serial_ T010987 Prueba Amacayacu 2024\features_0\2025-February-13_12726-Camara_Amacayacu-4_crop0.npy",-70.14366,22.343643,3
"..\\..\\..\\..\\Correos\\2025\February\13\TRACK ALERT ID 12726,12728,12730 at , Serial_ T010987 Prueba Amacayacu 2024\features_0\2025-February-13_12726-Camara_Amacayacu-4_crop0.npy",-70.14366,22.343643,3
"..\\..\\..\\..\\Correos\\2025\February\13\TRACK ALERT ID 12726 at , Serial_ T010987 Prueba Amacayacu 2024\features_0\2025-February-13_12726-Camara_Amacayacu-5_crop0.npy",-72.91877,21.525385,3
"..\\..\\..\\..\\Correos\\2025\February\13\TRACK ALERT ID 12726,12728,12730 at , Serial_ T010987 Prueba Amacayacu 2024\features_0\2025-February-13_12726-Camara_Amacayacu-5_crop0.npy",-72.517525,21.801811,3
"..\\..\\..\\..\\Correos\\2025\February\13\TRACK ALERT ID 12726 at , Serial_ T010987 Prueba Amacayacu 2024\features_0\2025-February-13_12726-Camara_Amacayacu-5_crop1.npy",-72.36259,20.742792,3
"..\\..\\..\\..\\Correos\\2025\February\13\TRACK ALERT ID 12726,12728,12730 at , Serial_ T010987 Prueba Amacayacu 2024\features_0\2025-February-13_12726-Camara_Amacayacu-5_crop1.npy",-71.97651,20.992989,3
"..\\..\\..\\..\\Correos\\2025\February\13\TRACK ALERT ID 12726 at , Serial_ T010987 Prueba Amacayacu 2024\features_0\2025-February-13_12726-Camara_Amacayacu-6_crop0.npy",-73.992195,26.155163,3
"..\\..\\..\\..\\Correos\\2025\February\13\TRACK ALERT ID 12726,12728,12730 at , Serial_ T010987 Prueba Amacayacu 2024\features_0\2025-February-13_12726-Camara_Amacayacu-6_crop0.npy",-74.03158,26.16401,3
"..\\..\\..\\..\\Correos\\2025\February\13\TRACK ALERT ID 12726 at , Serial_ T010987 Prueba Amacayacu 2024\features_0\2025-February-13_12726-Camara_Amacayacu-7_crop0.npy",-72.90512,24.559,3
"..\\..\\..\\..\\Correos\\2025\February\13\TRACK ALERT ID 12726,12728,12730 at , Serial_ T010987 Prueba Amacayacu 2024\features_0\2025-February-13_12726-Camara_Amacayacu-7_crop0.npy",-72.89168,24.296188,3
"..\\..\\..\\..\\Correos\\2025\February\13\TRACK ALERT ID 12726 at , Serial_ T010987 Prueba Amacayacu 2024\features_0\2025-February-13_12726-Camara_Amacayacu-8_crop0.npy",-74.27129,24.067717,3
"..\\..\\..\\..\\Correos\\2025\February\13\TRACK ALERT ID 12726,12728,12730 at , Serial_ T010987 Prueba Amacayacu 2024\features_0\2025-February-13_12726-Camara_Amacayacu-8_crop0.npy",-74.27129,24.067717,3
"..\\..\\..\\..\\Correos\\2025\February\13\TRACK ALERT ID 12726 at , Serial_ T010987 Prueba Amacayacu 2024\features_0\2025-February-13_12726-Camara_Amacayacu-9_crop0.npy",-71.85028,27.77219,3
"..\\..\\..\\..\\Correos\\2025\February\13\TRACK ALERT ID 12726,12728,12730 at , Serial_ T010987 Prueba Amacayacu 2024\features_0\2025-February-13_12726-Camara_Amacayacu-9_crop0.npy",-71.85036,27.772533,3
"..\\..\\..\\..\\Correos\\2025\February\13\TRACK ALERT ID 12762 at , Serial_ T010987 Prueba Amacayacu 2024\features_0\2025-February-13_12762-Camara_Amacayacu-1_crop0.npy",-82.05973,10.118263,3
"..\\..\\..\\..\\Correos\\2025\February\13\TRACK ALERT ID 12763 at , Serial_ T010987 Prueba Amacayacu 2024\features_0\2025-February-13_12762-Camara_Amacayacu-1_crop0.npy",-82.05973,10.118263,3
"..\\..\\..\\..\\Correos\\2025\February\13\TRACK ALERT ID 12763 at , Serial_ T010987 Prueba Amacayacu 2024\features_1\2025-February-13_12762-Camara_Amacayacu-1_crop0.npy",-82.05973,10.118263,3
"..\\..\\..\\..\\Correos\\2025\February\13\TRACK ALERT ID 12762 at , Serial_ T010987 Prueba Amacayacu 2024\features_0\2025-February-13_12762-Camara_Amacayacu-1_crop1.npy",-84.729935,9.46528,3
"..\\..\\..\\..\\Correos\\2025\February\13\TRACK ALERT ID 12763 at , Serial_ T010987 Prueba Amacayacu 2024\features_0\2025-February-13_12762-Camara_Amacayacu-1_crop1.npy",-84.729935,9.46528,3
"..\\..\\..\\..\\Correos\\2025\February\13\TRACK ALERT ID 12763 at , Serial_ T010987 Prueba Amacayacu 2024\features_1\2025-February-13_12762-Camara_Amacayacu-1_crop1.npy",-84.729935,9.46528,3
"..\\..\\..\\..\\Correos\\2025\February\13\TRACK ALERT ID 12762 at , Serial_ T010987 Prueba Amacayacu 2024\features_0\2025-February-13_12762-Camara_Amacayacu-2_crop0.npy",-82.13757,12.804098,3
"..\\..\\..\\..\\Correos\\2025\February\13\TRACK ALERT ID 12763 at , Serial_ T010987 Prueba Amacayacu 2024\features_0\2025-February-13_12762-Camara_Amacayacu-2_crop0.npy",-82.13757,12.804098,3
"..\\..\\..\\..\\Correos\\2025\February\13\TRACK ALERT ID 12763 at , Serial_ T010987 Prueba Amacayacu 2024\features_1\2025-February-13_12762-Camara_Amacayacu-2_crop0.npy",-82.13757,12.804098,3
"..\\..\\..\\..\\Correos\\2025\February\13\TRACK ALERT ID 12763 at , Serial_ T010987 Prueba Amacayacu 2024\features_0\2025-February-13_12763-Camara_Amacayacu-3_crop0.npy",-74.02924,14.655479,3
"..\\..\\..\\..\\Correos\\2025\February\13\TRACK ALERT ID 12763 at , Serial_ T010987 Prueba Amacayacu 2024\features_1\2025-February-13_12763-Camara_Amacayacu-3_crop0.npy",-74.026184,14.656078,3
"..\\..\\..\\..\\Correos\\2025\February\13\TRACK ALERT ID 12763 at , Serial_ T010987 Prueba Amacayacu 2024\features_0\2025-February-13_12763-Camara_Amacayacu-3_crop1.npy",-82.97088,16.242685,3
"..\\..\\..\\..\\Correos\\2025\February\13\TRACK ALERT ID 12763 at , Serial_ T010987 Prueba Amacayacu 2024\features_1\2025-February-13_12763-Camara_Amacayacu-3_crop1.npy",-82.97088,16.242685,3
"..\\..\\..\\..\\Correos\\2025\February\13\TRACK ALERT ID 12763 at , Serial_ T010987 Prueba Amacayacu 2024\features_0\2025-February-13_12763-Camara_Amacayacu-3_crop2.npy",-77.31973,12.357985,3
"..\\..\\..\\..\\Correos\\2025\February\13\TRACK ALERT ID 12763 at , Serial_ T010987 Prueba Amacayacu 2024\features_1\2025-February-13_12763-Camara_Amacayacu-3_crop2.npy",-77.31973,12.357985,3
"..\\..\\..\\..\\Correos\\2025\February\13\TRACK ALERT ID 12763 at , Serial_ T010987 Prueba Amacayacu 2024\features_0\2025-February-13_12763-Camara_Amacayacu-4_crop0.npy",-74.49474,11.711748,3
"..\\..\\..\\..\\Correos\\2025\February\13\TRACK ALERT ID 12763 at , Serial_ T010987 Prueba Amacayacu 2024\features_1\2025-February-13_12763-Camara_Amacayacu-4_crop0.npy",-74.49474,11.711748,3
"..\\..\\..\\..\\Correos\\2025\February\13\TRACK ALERT ID 12763 at , Serial_ T010987 Prueba Amacayacu 2024\features_0\2025-February-13_12763-Camara_Amacayacu-4_crop1.npy",-79.66471,15.942741,3
"..\\..\\..\\..\\Correos\\2025\February\13\TRACK ALERT ID 12763 at , Serial_ T010987 Prueba Amacayacu 2024\features_1\2025-February-13_12763-Camara_Amacayacu-4_crop1.npy",-79.66471,15.942741,3
"..\\..\\..\\..\\Correos\\2025\February\13\TRACK ALERT ID 12763 at , Serial_ T010987 Prueba Amacayacu 2024\features_0\2025-February-13_12763-Camara_Amacayacu-5_crop0.npy",-75.79034,14.85937,3
"..\\..\\..\\..\\Correos\\2025\February\13\TRACK ALERT ID 12763 at , Serial_ T010987 Prueba Amacayacu 2024\features_1\2025-February-13_12763-Camara_Amacayacu-5_crop0.npy",-75.79034,14.85937,3
"..\\..\\..\\..\\Correos\\2025\February\13\TRACK ALERT ID 12763 at , Serial_ T010987 Prueba Amacayacu 2024\features_0\2025-February-13_12763-Camara_Amacayacu-6_crop0.npy",-76.957756,18.421694,3
"..\\..\\..\\..\\Correos\\2025\February\13\TRACK ALERT ID 12763 at , Serial_ T010987 Prueba Amacayacu 2024\features_1\2025-February-13_12763-Camara_Amacayacu-6_crop0.npy",-76.957794,18.421719,3
"..\\..\\..\\..\\Correos\\2025\February\13\TRACK ALERT ID 12779 at , Serial_ T010987 Prueba Amacayacu 2024\features_0\2025-February-13_12779-Camara_Amacayacu-0_crop0.npy",50.6923,-17.930265,5
"..\\..\\..\\..\\Correos\\2025\February\13\TRACK ALERT ID 12781 at , Serial_ T010987 Prueba Amacayacu 2024\features_1\2025-February-13_12781-Camara_Amacayacu-0_crop0.npy",53.276825,-19.059088,5
"..\\..\\..\\..\\Correos\\2025\February\13\TRACK ALERT ID 12781 at , Serial_ T010987 Prueba Amacayacu 2024\features_2\2025-February-13_12781-Camara_Amacayacu-0_crop0.npy",53.276825,-19.059088,5
"..\\..\\..\\..\\Correos\\2025\February\13\TRACK ALERT ID 12781 at , Serial_ T010987 Prueba Amacayacu 2024\features_3\2025-February-13_12781-Camara_Amacayacu-0_crop0.npy",53.276825,-19.059088,5
"..\\..\\..\\..\\Correos\\2025\February\13\TRACK ALERT ID 12781 at , Serial_ T010987 Prueba Amacayacu 2024\features_4\2025-February-13_12781-Camara_Amacayacu-0_crop0.npy",50.057343,-17.380943,5
"..\\..\\..\\..\\Correos\\2025\February\13\TRACK ALERT ID 12781 at , Serial_ T010987 Prueba Amacayacu 2024\features_1\2025-February-13_12781-Camara_Amacayacu-1_crop0.npy",54.49529,-23.415836,5
"..\\..\\..\\..\\Correos\\2025\February\13\TRACK ALERT ID 12781 at , Serial_ T010987 Prueba Amacayacu 2024\features_4\2025-February-13_12781-Camara_Amacayacu-1_crop0.npy",53.884834,-20.845308,5
"..\\..\\..\\..\\Correos\\2025\February\13\TRACK ALERT ID 12781 at , Serial_ T010987 Prueba Amacayacu 2024\features_1\2025-February-13_12781-Camara_Amacayacu-2_crop0.npy",53.291412,-23.118334,5
"..\\..\\..\\..\\Correos\\2025\February\13\TRACK ALERT ID 12783 at , Serial_ T010987 Prueba Amacayacu 2024\features_1\2025-February-13_12783-Camara_Amacayacu-0_crop0.npy",53.804127,-24.367613,5
"..\\..\\..\\..\\Correos\\2025\February\13\TRACK ALERT ID 12783 at , Serial_ T010987 Prueba Amacayacu 2024\features_3\2025-February-13_12783-Camara_Amacayacu-0_crop0.npy",50.58278,-19.54169,5
"..\\..\\..\\..\\Correos\\2025\February\13\TRACK ALERT ID 12783 at , Serial_ T010987 Prueba Amacayacu 2024\features_4\2025-February-13_12783-Camara_Amacayacu-0_crop0.npy",50.037754,-21.017845,5
"..\\..\\..\\..\\Correos\\2025\February\13\TRACK ALERT ID 12783 at , Serial_ T010987 Prueba Amacayacu 2024\features_5\2025-February-13_12783-Camara_Amacayacu-0_crop0.npy",50.037754,-21.017845,5
"..\\..\\..\\..\\Correos\\2025\February\13\TRACK ALERT ID 12783 at , Serial_ T010987 Prueba Amacayacu 2024\features_1\2025-February-13_12783-Camara_Amacayacu-1_crop0.npy",51.81565,-23.379265,5
"..\\..\\..\\..\\Correos\\2025\February\13\TRACK ALERT ID 12828 at , Serial_ T010987 Prueba Amacayacu 2024\features_0\2025-February-13_12828-Camara_Amacayacu-0_crop0.npy",-29.865217,46.195816,0
"..\\..\\..\\..\\Correos\\2025\February\13\TRACK ALERT ID 12828 at , Serial_ T010987 Prueba Amacayacu 2024\features_0\2025-February-13_12828-Camara_Amacayacu-0_crop1.npy",-29.59872,46.45244,0
"..\\..\\..\\..\\Correos\\2025\February\13\TRACK ALERT ID 12837 at , Serial_ T010987 Prueba Amacayacu 2024\features_0\2025-February-13_12837-Camara_Amacayacu-0_crop0.npy",24.78843,-51.210655,2
"..\\..\\..\\..\\Correos\\2025\February\13\TRACK ALERT ID 12875 at , Serial_ T010987 Prueba Amacayacu 2024\features_2\2025-February-13_12875-Camara_Amacayacu-0_crop0.npy",52.78895,26.158314,4
"..\\..\\..\\..\\Correos\\2025\February\13\TRACK ALERT ID 12906 at , Serial_ T010987 Prueba Amacayacu 2024\features_1\2025-February-13_12906-Camara_Amacayacu-1_crop0.npy",50.471455,27.26783,4
"..\\..\\..\\..\\Correos\\2025\February\13\TRACK ALERT ID 12908 at , Serial_ T010987 Prueba Amacayacu 2024\features_4\2025-February-13_12908-Camara_Amacayacu-0_crop0.npy",-1.4463904,59.33128,6
"..\\..\\..\\..\\Correos\\2025\February\13\TRACK ALERT ID 12911 at , Serial_ T010987 Prueba Amacayacu 2024\features_0\2025-February-13_12911-Camara_Amacayacu-0_crop0.npy",51.319916,26.316236,4
"..\\..\\..\\..\\Correos\\2025\February\13\TRACK ALERT ID 12917 at , Serial_ T010987 Prueba Amacayacu 2024\features_1\2025-February-13_12917-Camara_Amacayacu-2_crop0.npy",-41.517117,-14.315884,7
"..\\..\\..\\..\\Correos\\2025\February\13\TRACK ALERT ID 12917 at , Serial_ T010987 Prueba Amacayacu 2024\features_6\2025-February-13_12917-Camara_Amacayacu-0_crop0.npy",50.47232,26.44448,4
"..\\..\\..\\..\\Correos\\2025\February\13\TRACK ALERT ID 13010 at , Serial_ T010987 Prueba Amacayacu 2024\features_3\2025-February-13_13010-Camara_Amacayacu-1_crop0.npy",-15.672685,-0.48974892,8
"..\\..\\..\\..\\Correos\\2025\February\13\TRACK ALERT ID 13062 at , Serial_ T010987 Prueba Amacayacu 2024\features_0\2025-February-13_13062-Camara_Amacayacu-3_crop0.npy",6.313925,37.612095,6
"..\\..\\..\\..\\Correos\\2025\February\13\TRACK ALERT ID 13080 at , Serial_ T010987 Prueba Amacayacu 2024\features_1\2025-February-13_13080-Camara_Amacayacu-1_crop0.npy",4.8699055,39.75786,6
"..\\..\\..\\..\\Correos\\2025\February\13\TRACK ALERT ID 13089,13092,13093,13094,13096 at , Serial_ T010987 Prueba Amacayacu 2024\features_0\2025-February-13_13092-Camara_Amacayacu-1_crop0.npy",-65.10092,6.854135,3
"..\\..\\..\\..\\Correos\\2025\February\13\TRACK ALERT ID 13089,13092,13093,13094,13096 at , Serial_ T010987 Prueba Amacayacu 2024\features_0\2025-February-13_13092-Camara_Amacayacu-2_crop0.npy",-69.08033,14.275833,3
"..\\..\\..\\..\\Correos\\2025\February\13\TRACK ALERT ID 13089,13092,13093,13094,13096 at , Serial_ T010987 Prueba Amacayacu 2024\features_0\2025-February-13_13093-Camara_Amacayacu-3_crop0.npy",-64.93077,7.4750967,3
"..\\..\\..\\..\\Correos\\2025\February\13\TRACK ALERT ID 13107 at , Serial_ T010987 Prueba Amacayacu 2024\features_0\2025-February-13_13107-Camara_Amacayacu-0_crop0.npy",-51.668377,-13.105383,7
"..\\..\\..\\..\\Correos\\2025\February\13\TRACK ALERT ID 13107 at , Serial_ T010987 Prueba Amacayacu 2024\features_0\2025-February-13_13107-Camara_Amacayacu-0_crop1.npy",-52.579407,-5.80494,3
"..\\..\\..\\..\\Correos\\2025\February\13\TRACK ALERT ID 13107 at , Serial_ T010987 Prueba Amacayacu 2024\features_0\2025-February-13_13107-Camara_Amacayacu-1_crop0.npy",-58.337074,-5.8245573,3
"..\\..\\..\\..\\Correos\\2025\February\13\TRACK ALERT ID 13110 at , Serial_ T010987 Prueba Amacayacu 2024\features_0\2025-February-13_13110-Camara_Amacayacu-0_crop0.npy",-52.509705,-44.09913,7
"..\\..\\..\\..\\Correos\\2025\February\13\TRACK ALERT ID 13112 at , Serial_ T010987 Prueba Amacayacu 2024\features_0\2025-February-13_13112-Camara_Amacayacu-2_crop0.npy",5.8417387,39.56722,6
"..\\..\\..\\..\\Correos\\2025\February\13\TRACK ALERT ID 13131 at , Serial_ T010987 Prueba Amacayacu 2024\features_0\2025-February-13_13131-Camara_Amacayacu-0_crop0.npy",-40.79722,-20.812044,7
"..\\..\\..\\..\\Correos\\2025\February\13\TRACK ALERT ID 13131 at , Serial_ T010987 Prueba Amacayacu 2024\features_0\2025-February-13_13131-Camara_Amacayacu-1_crop0.npy",-50.777412,-13.61837,7
"..\\..\\..\\..\\Correos\\2025\February\13\TRACK ALERT ID 13134 at , Serial_ T010987 Prueba Amacayacu 2024\features_0\2025-February-13_13134-Camara_Amacayacu-0_crop0.npy",4.756636,36.7503,6
"..\\..\\..\\..\\Correos\\2025\February\13\TRACK ALERT ID 13134 at , Serial_ T010987 Prueba Amacayacu 2024\features_0\2025-February-13_13134-Camara_Amacayacu-8_crop0.npy",-39.18913,-9.241577,7
"..\\..\\..\\..\\Correos\\2025\February\13\TRACK ALERT ID 13134 at , Serial_ T010987 Prueba Amacayacu 2024\features_0\2025-February-13_13134-Camara_Amacayacu-9_crop0.npy",-39.195244,-9.055154,7
"..\\..\\..\\..\\Correos\\2025\February\13\TRACK ALERT ID 13134 at , Serial_ T010987 Prueba Amacayacu 2024\features_0\2025-February-13_13136-Camara_Amacayacu-1_crop0.npy",66.09226,-3.726474,5
"..\\..\\..\\..\\Correos\\2025\February\13\TRACK ALERT ID 13134,13136 at , Serial_ T010987 Prueba Amacayacu 2024\features_0\2025-February-13_13134-Camara_Amacayacu-1_crop0.npy",4.1265106,38.81699,6
"..\\..\\..\\..\\Correos\\2025\February\13\TRACK ALERT ID 13134,13136 at , Serial_ T010987 Prueba Amacayacu 2024\features_0\2025-February-13_13134-Camara_Amacayacu-2_crop0.npy",5.8243136,36.192116,6
"..\\..\\..\\..\\Correos\\2025\February\13\TRACK ALERT ID 13134,13136 at , Serial_ T010987 Prueba Amacayacu 2024\features_0\2025-February-13_13134-Camara_Amacayacu-3_crop0.npy",4.756636,36.7503,6
"..\\..\\..\\..\\Correos\\2025\February\13\TRACK ALERT ID 13134,13136 at , Serial_ T010987 Prueba Amacayacu 2024\features_0\2025-February-13_13136-Camara_Amacayacu-4_crop0.npy",66.09226,-3.726474,5
"..\\..\\..\\..\\Correos\\2025\February\13\TRACK ALERT ID 13146 at , Serial_ T010987 Prueba Amacayacu 2024\features_0\2025-February-13_13146-Camara_Amacayacu-0_crop0.npy",11.031242,37.643085,6
"..\\..\\..\\..\\Correos\\2025\February\13\TRACK ALERT ID 13154 at , Serial_ T010987 Prueba Amacayacu 2024\features_0\2025-February-13_13154-Camara_Amacayacu-0_crop0.npy",-56.166294,25.733408,3
"..\\..\\..\\..\\Correos\\2025\February\13\TRACK ALERT ID 13157 at , Serial_ T010987 Prueba Amacayacu 2024\features_0\2025-February-13_13157-Camara_Amacayacu-1_crop0.npy",17.85226,-32.589058,2
"..\\..\\..\\..\\Correos\\2025\February\13\TRACK ALERT ID 13166,13167 at , Serial_ T010987 Prueba Amacayacu 2024\features_0\2025-February-13_13166-Camara_Amacayacu-1_crop0.npy",-48.699436,-28.804098,7
"..\\..\\..\\..\\Correos\\2025\February\13\TRACK ALERT ID 13166,13167 at , Serial_ T010987 Prueba Amacayacu 2024\features_0\2025-February-13_13166-Camara_Amacayacu-1_crop1.npy",-48.815845,-28.840588,7
"..\\..\\..\\..\\Correos\\2025\February\13\TRACK ALERT ID 13177 at , Serial_ T010987 Prueba Amacayacu 2024\features_0\2025-February-13_13177-Camara_Amacayacu-0_crop0.npy",5.2779565,38.18383,6
"..\\..\\..\\..\\Correos\\2025\February\13\TRACK ALERT ID 13177 at , Serial_ T010987 Prueba Amacayacu 2024\features_0\2025-February-13_13177-Camara_Amacayacu-1_crop0.npy",3.8985348,39.995308,6
"..\\..\\..\\..\\Correos\\2025\February\13\TRACK ALERT ID 13194 at , Serial_ T010987 Prueba Amacayacu 2024\features_0\2025-February-13_13194-Camara_Amacayacu-1_crop0.npy",-60.293003,35.411137,0
"..\\..\\..\\..\\Correos\\2025\February\13\TRACK ALERT ID 13194 at , Serial_ T010987 Prueba Amacayacu 2024\features_0\2025-February-13_13194-Camara_Amacayacu-1_crop1.npy",-44.866253,-1.0826362,3
"..\\..\\..\\..\\Correos\\2025\February\13\TRACK ALERT ID 13194 at , Serial_ T010987 Prueba Amacayacu 2024\features_0\2025-February-13_13194-Camara_Amacayacu-1_crop2.npy",-60.209698,35.405,0
"..\\..\\..\\..\\Correos\\2025\February\13\TRACK ALERT ID 13194 at , Serial_ T010987 Prueba Amacayacu 2024\features_0\2025-February-13_13194-Camara_Amacayacu-1_crop3.npy",-61.14357,35.37844,0
"..\\..\\..\\..\\Correos\\2025\February\13\TRACK ALERT ID 13205 at , Serial_ T010987 Prueba Amacayacu 2024\features_1\2025-February-13_13205-Camara_Amacayacu-4_crop0.npy",-18.57406,5.9497623,8
"..\\..\\..\\..\\Correos\\2025\February\13\TRACK ALERT ID 13209 at , Serial_ T010987 Prueba Amacayacu 2024\features_1\2025-February-13_13209-Camara_Amacayacu-1_crop0.npy",38.33262,1.4196881,1
"..\\..\\..\\..\\Correos\\2025\February\13\TRACK ALERT ID 13214 at , Serial_ T010987 Prueba Amacayacu 2024\features_0\2025-February-13_13214-Camara_Amacayacu-0_crop0.npy",-21.192053,-41.109215,9
"..\\..\\..\\..\\Correos\\2025\February\13\TRACK ALERT ID 13262 at , Serial_ T010987 Prueba Amacayacu 2024\features_0\2025-February-13_13262-Camara_Amacayacu-0_crop0.npy",-42.626873,49.154076,0
"..\\..\\..\\..\\Correos\\2025\February\13\TRACK ALERT ID 13262 at , Serial_ T010987 Prueba Amacayacu 2024\features_10\2025-February-13_13262-Camara_Amacayacu-0_crop0.npy",-43.63651,49.075867,0
"..\\..\\..\\..\\Correos\\2025\February\13\TRACK ALERT ID 13262 at , Serial_ T010987 Prueba Amacayacu 2024\features_11\2025-February-13_13262-Camara_Amacayacu-0_crop0.npy",-43.63651,49.075867,0
"..\\..\\..\\..\\Correos\\2025\February\13\TRACK ALERT ID 13262 at , Serial_ T010987 Prueba Amacayacu 2024\features_8\2025-February-13_13262-Camara_Amacayacu-0_crop0.npy",-43.63651,49.075867,0
"..\\..\\..\\..\\Correos\\2025\February\13\TRACK ALERT ID 13262 at , Serial_ T010987 Prueba Amacayacu 2024\features_9\2025-February-13_13262-Camara_Amacayacu-0_crop0.npy",-43.63651,49.075867,0
"..\\..\\..\\..\\Correos\\2025\February\13\TRACK ALERT ID 13262 at , Serial_ T010987 Prueba Amacayacu 2024\features_0\2025-February-13_13262-Camara_Amacayacu-1_crop0.npy",-44.106647,42.6169,0
"..\\..\\..\\..\\Correos\\2025\February\13\TRACK ALERT ID 13262 at , Serial_ T010987 Prueba Amacayacu 2024\features_10\2025-February-13_13262-Camara_Amacayacu-1_crop0.npy",-43.101284,42.6523,0
"..\\..\\..\\..\\Correos\\2025\February\13\TRACK ALERT ID 13262 at , Serial_ T010987 Prueba Amacayacu 2024\features_11\2025-February-13_13262-Camara_Amacayacu-1_crop0.npy",-43.101284,42.6523,0
"..\\..\\..\\..\\Correos\\2025\February\13\TRACK ALERT ID 13262 at , Serial_ T010987 Prueba Amacayacu 2024\features_8\2025-February-13_13262-Camara_Amacayacu-1_crop0.npy",-44.106647,42.6169,0
"..\\..\\..\\..\\Correos\\2025\February\13\TRACK ALERT ID 13262 at , Serial_ T010987 Prueba Amacayacu 2024\features_9\2025-February-13_13262-Camara_Amacayacu-1_crop0.npy",-44.106647,42.6169,0
"..\\..\\..\\..\\Correos\\2025\February\13\TRACK ALERT ID 13268 at , Serial_ T010987 Prueba Amacayacu 2024\features_1\2025-February-13_13268-Camara_Amacayacu-3_crop0.npy",-36.211063,-24.671139,9
"..\\..\\..\\..\\Correos\\2025\February\13\TRACK ALERT ID 13268,13269 at , Serial_ T010987 Prueba Amacayacu 2024\features_0\2025-February-13_13268-Camara_Amacayacu-3_crop0.npy",-36.211063,-24.671139,9
"..\\..\\..\\..\\Correos\\2025\February\13\TRACK ALERT ID 13268 at , Serial_ T010987 Prueba Amacayacu 2024\features_1\2025-February-13_13269-Camara_Amacayacu-4_crop0.npy",-15.518437,12.844865,8
"..\\..\\..\\..\\Correos\\2025\February\13\TRACK ALERT ID 13268,13269 at , Serial_ T010987 Prueba Amacayacu 2024\features_0\2025-February-13_13269-Camara_Amacayacu-4_crop0.npy",-15.518437,12.844865,8
"..\\..\\..\\..\\Correos\\2025\February\13\TRACK ALERT ID 13268 at , Serial_ T010987 Prueba Amacayacu 2024\features_1\2025-February-13_13269-Camara_Amacayacu-4_crop1.npy",-42.11951,-20.550419,7
"..\\..\\..\\..\\Correos\\2025\February\13\TRACK ALERT ID 13268,13269 at , Serial_ T010987 Prueba Amacayacu 2024\features_0\2025-February-13_13269-Camara_Amacayacu-4_crop1.npy",-42.11951,-20.550419,7
"..\\..\\..\\..\\Correos\\2025\February\13\TRACK ALERT ID 13268 at , Serial_ T010987 Prueba Amacayacu 2024\features_1\2025-February-13_13269-Camara_Amacayacu-4_crop2.npy",-39.790874,-24.748549,7
"..\\..\\..\\..\\Correos\\2025\February\13\TRACK ALERT ID 13268,13269 at , Serial_ T010987 Prueba Amacayacu 2024\features_0\2025-February-13_13269-Camara_Amacayacu-4_crop2.npy",-39.790806,-24.74843,7
"..\\..\\..\\..\\Correos\\2025\February\13\TRACK ALERT ID 13300,13301 at , Serial_ T010987 Prueba Amacayacu 2024\features_0\2025-February-13_13300-Camara_Amacayacu-3_crop0.npy",-48.665573,-1.3164777,3
"..\\..\\..\\..\\Correos\\2025\February\13\TRACK ALERT ID 13300,13301 at , Serial_ T010987 Prueba Amacayacu 2024\features_0\2025-February-13_13300-Camara_Amacayacu-5_crop0.npy",-49.755478,-1.6939925,3
"..\\..\\..\\..\\Correos\\2025\February\13\TRACK ALERT ID 13300,13301 at , Serial_ T010987 Prueba Amacayacu 2024\features_0\2025-February-13_13300-Camara_Amacayacu-5_crop1.npy",-50.84167,-2.0543616,3
"..\\..\\..\\..\\Correos\\2025\February\13\TRACK ALERT ID 13300,13301 at , Serial_ T010987 Prueba Amacayacu 2024\features_0\2025-February-13_13300-Camara_Amacayacu-6_crop0.npy",-51.132473,-2.192499,3
"..\\..\\..\\..\\Correos\\2025\February\13\TRACK ALERT ID 13304 at , Serial_ T010987 Prueba Amacayacu 2024\features_0\2025-February-13_13304-Camara_Amacayacu-0_crop0.npy",4.5872297,41.11936,6
"..\\..\\..\\..\\Correos\\2025\February\13\TRACK ALERT ID 13314 at , Serial_ T010987 Prueba Amacayacu 2024\features_0\2025-February-13_13314-Camara_Amacayacu-0_crop0.npy",-32.47827,-53.71004,9
"..\\..\\..\\..\\Correos\\2025\February\13\TRACK ALERT ID 13314 at , Serial_ T010987 Prueba Amacayacu 2024\features_0\2025-February-13_13314-Camara_Amacayacu-0_crop1.npy",-32.510536,-53.60616,9
"..\\..\\..\\..\\Correos\\2025\February\13\TRACK ALERT ID 13314 at , Serial_ T010987 Prueba Amacayacu 2024\features_0\2025-February-13_13314-Camara_Amacayacu-3_crop0.npy",-60.51928,-15.195832,7
"..\\..\\..\\..\\Correos\\2025\February\14\TRACK ALERT ID 13917 at , Serial_ T010987 Prueba Amacayacu 2024\features_0\2025-February-14_13917-Camara_Amacayacu-0_crop0.npy",7.9617457,39.52502,6
"..\\..\\..\\..\\Correos\\2025\February\14\TRACK ALERT ID 13921 at , Serial_ T010987 Prueba Amacayacu 2024\features_0\2025-February-14_13921-Camara_Amacayacu-0_crop0.npy",3.3457747,37.62905,6
"..\\..\\..\\..\\Correos\\2025\February\14\TRACK ALERT ID 13932 at , Serial_ T010987 Prueba Amacayacu 2024\features_0\2025-February-14_13932-Camara_Amacayacu-0_crop0.npy",5.177725,40.92984,6
"..\\..\\..\\..\\Correos\\2025\February\14\TRACK ALERT ID 13983 at , Serial_ T010987 Prueba Amacayacu 2024\features_0\2025-February-14_13983-Camara_Amacayacu-2_crop0.npy",-29.819838,34.33089,0
"..\\..\\..\\..\\Correos\\2025\February\14\TRACK ALERT ID 13983 at , Serial_ T010987 Prueba Amacayacu 2024\features_0\2025-February-14_13983-Camara_Amacayacu-3_crop0.npy",-30.251574,33.17025,0
"..\\..\\..\\..\\Correos\\2025\February\14\TRACK ALERT ID 13983 at , Serial_ T010987 Prueba Amacayacu 2024\features_0\2025-February-14_13983-Camara_Amacayacu-3_crop1.npy",-30.21814,33.182476,0
"..\\..\\..\\..\\Correos\\2025\February\14\TRACK ALERT ID 14010 at , Serial_ T010987 Prueba Amacayacu 2024\features_0\2025-February-14_14010-Camara_Amacayacu-0_crop0.npy",-38.958706,36.965336,0
"..\\..\\..\\..\\Correos\\2025\February\14\TRACK ALERT ID 14061 at , Serial_ T010987 Prueba Amacayacu 2024\features_0\2025-February-14_14061-Camara_Amacayacu-0_crop0.npy",-83.59171,-19.49013,7
"..\\..\\..\\..\\Correos\\2025\February\14\TRACK ALERT ID 14080 at , Serial_ T010987 Prueba Amacayacu 2024\features_0\2025-February-14_14080-Camara_Amacayacu-0_crop0.npy",-42.158127,11.859164,0
"..\\..\\..\\..\\Correos\\2025\February\14\TRACK ALERT ID 14104 at , Serial_ T010987 Prueba Amacayacu 2024\features_0\2025-February-14_14104-Camara_Amacayacu-0_crop0.npy",-52.82848,2.1874413,3
"..\\..\\..\\..\\Correos\\2025\February\14\TRACK ALERT ID 14104 at , Serial_ T010987 Prueba Amacayacu 2024\features_0\2025-February-14_14104-Camara_Amacayacu-0_crop1.npy",-45.237453,-41.136375,7
"..\\..\\..\\..\\Correos\\2025\February\14\TRACK ALERT ID 14117 at , Serial_ T010987 Prueba Amacayacu 2024\features_0\2025-February-14_14117-Camara_Amacayacu-1_crop0.npy",-30.352184,26.330507,0
"..\\..\\..\\..\\Correos\\2025\February\14\TRACK ALERT ID 14141 at , Serial_ T010987 Prueba Amacayacu 2024\features_0\2025-February-14_14141-Camara_Amacayacu-0_crop0.npy",-70.22455,4.303298,3
"..\\..\\..\\..\\Correos\\2025\February\14\TRACK ALERT ID 14141 at , Serial_ T010987 Prueba Amacayacu 2024\features_0\2025-February-14_14141-Camara_Amacayacu-1_crop0.npy",-76.34357,24.686516,3
"..\\..\\..\\..\\Correos\\2025\February\14\TRACK ALERT ID 14146 at , Serial_ T010987 Prueba Amacayacu 2024\features_0\2025-February-14_14146-Camara_Amacayacu-0_crop0.npy",-59.806313,-25.71961,7
"..\\..\\..\\..\\Correos\\2025\February\14\TRACK ALERT ID 14152 at , Serial_ T010987 Prueba Amacayacu 2024\features_0\2025-February-14_14152-Camara_Amacayacu-0_crop0.npy",-70.39042,3.3533604,3
"..\\..\\..\\..\\Correos\\2025\February\14\TRACK ALERT ID 14152 at , Serial_ T010987 Prueba Amacayacu 2024\features_0\2025-February-14_14152-Camara_Amacayacu-0_crop1.npy",-69.282364,19.227179,3
"..\\..\\..\\..\\Correos\\2025\February\14\TRACK ALERT ID 14154 at , Serial_ T010987 Prueba Amacayacu 2024\features_0\2025-February-14_14154-Camara_Amacayacu-0_crop0.npy",-59.45308,-26.269794,7
"..\\..\\..\\..\\Correos\\2025\February\14\TRACK ALERT ID 14159,14162 at , Serial_ T010987 Prueba Amacayacu 2024\features_0\2025-February-14_14159-Camara_Amacayacu-0_crop0.npy",-61.011463,-26.34344,7
"..\\..\\..\\..\\Correos\\2025\February\14\TRACK ALERT ID 14191 at , Serial_ T010987 Prueba Amacayacu 2024\features_0\2025-February-14_14191-Camara_Amacayacu-0_crop0.npy",-36.085342,-18.36347,9
"..\\..\\..\\..\\Correos\\2025\February\14\TRACK ALERT ID 14205 at , Serial_ T010987 Prueba Amacayacu 2024\features_0\2025-February-14_14205-Camara_Amacayacu-0_crop0.npy",-29.455296,7.164961,0
"..\\..\\..\\..\\Correos\\2025\February\14\TRACK ALERT ID 14205 at , Serial_ T010987 Prueba Amacayacu 2024\features_0\2025-February-14_14205-Camara_Amacayacu-0_crop1.npy",-28.64323,6.9047637,0
"..\\..\\..\\..\\Correos\\2025\February\14\TRACK ALERT ID 14219 at , Serial_ T010987 Prueba Amacayacu 2024\features_0\2025-February-14_14219-Camara_Amacayacu-1_crop0.npy",-82.552925,-13.80583,7
"..\\..\\..\\..\\Correos\\2025\February\14\TRACK ALERT ID 14219 at , Serial_ T010987 Prueba Amacayacu 2024\features_0\2025-February-14_14219-Camara_Amacayacu-1_crop1.npy",-82.22515,-13.785097,7
"..\\..\\..\\..\\Correos\\2025\February\14\TRACK ALERT ID 14230 at , Serial_ T010987 Prueba Amacayacu 2024\features_0\2025-February-14_14230-Camara_Amacayacu-2_crop0.npy",-48.603474,35.236,0
"..\\..\\..\\..\\Correos\\2025\February\15\TRACK ALERT ID 14375 at , Serial_ T010987 Prueba Amacayacu 2024\features_0\2025-February-15_14375-Camara_Amacayacu-0_crop0.npy",-76.88758,-8.252163,3
"..\\..\\..\\..\\Correos\\2025\February\15\TRACK ALERT ID 14392 at , Serial_ T010987 Prueba Amacayacu 2024\features_0\2025-February-15_14392-Camara_Amacayacu-2_crop0.npy",-48.146,6.169203,3
"..\\..\\..\\..\\Correos\\2025\February\15\TRACK ALERT ID 14477 at , Serial_ T010987 Prueba Amacayacu 2024\features_0\2025-February-15_14477-Camara_Amacayacu-0_crop0.npy",-59.11651,30.413567,3
"..\\..\\..\\..\\Correos\\2025\February\15\TRACK ALERT ID 14477 at , Serial_ T010987 Prueba Amacayacu 2024\features_1\2025-February-15_14477-Camara_Amacayacu-0_crop0.npy",-64.63746,-46.317642,7
"..\\..\\..\\..\\Correos\\2025\February\15\TRACK ALERT ID 14477 at , Serial_ T010987 Prueba Amacayacu 2024\features_2\2025-February-15_14477-Camara_Amacayacu-0_crop0.npy",-64.63746,-46.317642,7
"..\\..\\..\\..\\Correos\\2025\February\15\TRACK ALERT ID 14477 at , Serial_ T010987 Prueba Amacayacu 2024\features_0\2025-February-15_14477-Camara_Amacayacu-1_crop0.npy",-57.990444,30.475998,0
"..\\..\\..\\..\\Correos\\2025\February\15\TRACK ALERT ID 14477 at , Serial_ T010987 Prueba Amacayacu 2024\features_0\2025-February-15_14477-Camara_Amacayacu-1_crop1.npy",-58.51562,30.600828,0
"..\\..\\..\\..\\Correos\\2025\February\15\TRACK ALERT ID 14477 at , Serial_ T010987 Prueba Amacayacu 2024\features_0\2025-February-15_14477-Camara_Amacayacu-2_crop0.npy",-57.58295,30.060015,0
"..\\..\\..\\..\\Correos\\2025\February\15\TRACK ALERT ID 14480 at , Serial_ T010987 Prueba Amacayacu 2024\features_0\2025-February-15_14480-Camara_Amacayacu-0_crop0.npy",17.374994,-27.99183,2
"..\\..\\..\\..\\Correos\\2025\February\16\TRACK ALERT ID 14563 at , Serial_ T010987 Prueba Amacayacu 2024\features_0\2025-February-16_14563-Camara_Amacayacu-0_crop0.npy",17.907434,-24.055637,2
"..\\..\\..\\..\\Correos\\2025\February\16\TRACK ALERT ID 14563 at , Serial_ T010987 Prueba Amacayacu 2024\features_2\2025-February-16_14563-Camara_Amacayacu-0_crop0.npy",17.907434,-24.055637,2
"..\\..\\..\\..\\Correos\\2025\February\16\TRACK ALERT ID 14579 at , Serial_ T010987 Prueba Amacayacu 2024\features_0\2025-February-16_14579-Camara_Amacayacu-0_crop0.npy",-61.228054,-30.96269,7
"..\\..\\..\\..\\Correos\\2025\February\16\TRACK ALERT ID 14579 at , Serial_ T010987 Prueba Amacayacu 2024\features_0\2025-February-16_14579-Camara_Amacayacu-0_crop1.npy",-61.144226,-32.486244,7
"..\\..\\..\\..\\Correos\\2025\February\16\TRACK ALERT ID 14579 at , Serial_ T010987 Prueba Amacayacu 2024\features_0\2025-February-16_14579-Camara_Amacayacu-0_crop2.npy",14.930109,-28.34703,2
"..\\..\\..\\..\\Correos\\2025\February\16\TRACK ALERT ID 14589 at , Serial_ T010987 Prueba Amacayacu 2024\features_1\2025-February-16_14589-Camara_Amacayacu-0_crop0.npy",-65.86714,3.592586,3
"..\\..\\..\\..\\Correos\\2025\February\16\TRACK ALERT ID 14634 at , Serial_ T010987 Prueba Amacayacu 2024\features_0\2025-February-16_14634-Camara_Amacayacu-0_crop0.npy",-61.251305,-29.437325,7
"..\\..\\..\\..\\Correos\\2025\February\16\TRACK ALERT ID 14634 at , Serial_ T010987 Prueba Amacayacu 2024\features_0\2025-February-16_14634-Camara_Amacayacu-0_crop1.npy",-60.949505,-27.375126,7
"..\\..\\..\\..\\Correos\\2025\February\16\TRACK ALERT ID 14634 at , Serial_ T010987 Prueba Amacayacu 2024\features_0\2025-February-16_14634-Camara_Amacayacu-0_crop2.npy",-61.4208,-28.799564,7
"..\\..\\..\\..\\Correos\\2025\February\16\TRACK ALERT ID 14634 at , Serial_ T010987 Prueba Amacayacu 2024\features_0\2025-February-16_14634-Camara_Amacayacu-1_crop0.npy",-45.375942,24.96909,0
"..\\..\\..\\..\\Correos\\2025\February\16\TRACK ALERT ID 14655,14656,14657 at , Serial_ T010987 Prueba Amacayacu 2024\features_0\2025-February-16_14656-Camara_Amacayacu-2_crop0.npy",43.712322,-57.991215,2
"..\\..\\..\\..\\Correos\\2025\February\16\TRACK ALERT ID 14672 at , Serial_ T010987 Prueba Amacayacu 2024\features_0\2025-February-16_14672-Camara_Amacayacu-0_crop0.npy",-64.7843,-35.808247,7
"..\\..\\..\\..\\Correos\\2025\February\16\TRACK ALERT ID 14672,14673 at , Serial_ T010987 Prueba Amacayacu 2024\features_0\2025-February-16_14672-Camara_Amacayacu-0_crop0.npy",-64.7843,-35.808247,7
"..\\..\\..\\..\\Correos\\2025\February\16\TRACK ALERT ID 14672,14673 at , Serial_ T010987 Prueba Amacayacu 2024\features_0\2025-February-16_14673-Camara_Amacayacu-1_crop0.npy",-45.004925,16.227333,0
"..\\..\\..\\..\\Correos\\2025\February\16\TRACK ALERT ID 14679 at , Serial_ T010987 Prueba Amacayacu 2024\features_0\2025-February-16_14679-Camara_Amacayacu-0_crop0.npy",50.863354,-4.4096723,1
"..\\..\\..\\..\\Correos\\2025\February\16\TRACK ALERT ID 14680 at , Serial_ T010987 Prueba Amacayacu 2024\features_0\2025-February-16_14680-Camara_Amacayacu-0_crop0.npy",14.6447735,-50.366146,2
"..\\..\\..\\..\\Correos\\2025\February\16\TRACK ALERT ID 14680 at , Serial_ T010987 Prueba Amacayacu 2024\features_0\2025-February-16_14680-Camara_Amacayacu-0_crop1.npy",52.47877,-4.839385,1
"..\\..\\..\\..\\Correos\\2025\February\16\TRACK ALERT ID 14682 at , Serial_ T010987 Prueba Amacayacu 2024\features_0\2025-February-16_14682-Camara_Amacayacu-0_crop0.npy",6.1931677,-51.91615,2
"..\\..\\..\\..\\Correos\\2025\February\16\TRACK ALERT ID 14682 at , Serial_ T010987 Prueba Amacayacu 2024\features_0\2025-February-16_14682-Camara_Amacayacu-2_crop0.npy",19.130365,-35.82249,2
"..\\..\\..\\..\\Correos\\2025\February\16\TRACK ALERT ID 14691 at , Serial_ T010987 Prueba Amacayacu 2024\features_0\2025-February-16_14691-Camara_Amacayacu-0_crop0.npy",-26.667833,-50.196445,9
"..\\..\\..\\..\\Correos\\2025\February\18\TRACK ALERT ID 14851 at , Serial_ T010987 Prueba Amacayacu 2024\features_0\2025-February-18_14851-Camara_Amacayacu-0_crop0.npy",8.32699,-16.926565,8
"..\\..\\..\\..\\Correos\\2025\February\18\TRACK ALERT ID 14851 at , Serial_ T010987 Prueba Amacayacu 2024\features_0\2025-February-18_14851-Camara_Amacayacu-1_crop0.npy",-33.655075,17.410383,0
"..\\..\\..\\..\\Correos\\2025\February\18\TRACK ALERT ID 14851 at , Serial_ T010987 Prueba Amacayacu 2024\features_0\2025-February-18_14851-Camara_Amacayacu-1_crop1.npy",-33.05119,11.141154,0
"..\\..\\..\\..\\Correos\\2025\February\18\TRACK ALERT ID 14851 at , Serial_ T010987 Prueba Amacayacu 2024\features_0\2025-February-18_14851-Camara_Amacayacu-1_crop2.npy",-33.52079,11.402147,0
"..\\..\\..\\..\\Correos\\2025\February\18\TRACK ALERT ID 14859 at , Serial_ T010987 Prueba Amacayacu 2024\features_1\2025-February-18_14859-Camara_Amacayacu-0_crop0.npy",-58.875328,-30.007956,7
"..\\..\\..\\..\\Correos\\2025\February\18\TRACK ALERT ID 14881 at , Serial_ T010987 Prueba Amacayacu 2024\features_0\2025-February-18_14881-Camara_Amacayacu-0_crop0.npy",-65.64274,-13.904351,7
"..\\..\\..\\..\\Correos\\2025\February\21\TRACK ALERT ID 14936 at , Serial_ T010987 Prueba Amacayacu 2024\features_3\2025-February-21_14936-Camara_Amacayacu-1_crop0.npy",23.22741,27.43527,6
"..\\..\\..\\..\\Correos\\2025\February\21\TRACK ALERT ID 14989 at , Serial_ T010987 Prueba Amacayacu 2024\features_0\2025-February-21_14989-Camara_Amacayacu-0_crop0.npy",-75.51253,-10.553007,3
"..\\..\\..\\..\\Correos\\2025\February\21\TRACK ALERT ID 15001 at , Serial_ T010987 Prueba Amacayacu 2024\features_0\2025-February-21_15001-Camara_Amacayacu-0_crop0.npy",-43.32499,38.964252,0
"..\\..\\..\\..\\Correos\\2025\February\21\TRACK ALERT ID 15026 at , Serial_ T010987 Prueba Amacayacu 2024\features_0\2025-February-21_15026-Camara_Amacayacu-0_crop0.npy",-52.91688,38.35107,0
"..\\..\\..\\..\\Correos\\2025\February\21\TRACK ALERT ID 15032 at , Serial_ T010987 Prueba Amacayacu 2024\features_0\2025-February-21_15032-Camara_Amacayacu-0_crop0.npy",13.977977,-28.712307,2
"..\\..\\..\\..\\Correos\\2025\February\21\TRACK ALERT ID 15044 at , Serial_ T010987 Prueba Amacayacu 2024\features_1\2025-February-21_15044-Camara_Amacayacu-0_crop0.npy",-24.36897,-41.563454,9
"..\\..\\..\\..\\Correos\\2025\February\21\TRACK ALERT ID 15070 at , Serial_ T010987 Prueba Amacayacu 2024\features_3\2025-February-21_15070-Camara_Amacayacu-0_crop0.npy",-47.363495,36.749763,0
"..\\..\\..\\..\\Correos\\2025\February\21\TRACK ALERT ID 15070 at , Serial_ T010987 Prueba Amacayacu 2024\features_4\2025-February-21_15070-Camara_Amacayacu-0_crop0.npy",-47.363495,36.749763,0
"..\\..\\..\\..\\Correos\\2025\February\21\TRACK ALERT ID 15075 at , Serial_ T010987 Prueba Amacayacu 2024\features_0\2025-February-21_15075-Camara_Amacayacu-0_crop0.npy",-42.601402,36.186317,0
"..\\..\\..\\..\\Correos\\2025\February\21\TRACK ALERT ID 15075 at , Serial_ T010987 Prueba Amacayacu 2024\features_0\2025-February-21_15075-Camara_Amacayacu-0_crop1.npy",-42.69193,36.27747,0
"..\\..\\..\\..\\Correos\\2025\February\21\TRACK ALERT ID 15082 at , Serial_ T010987 Prueba Amacayacu 2024\features_3\2025-February-21_15082-Camara_Amacayacu-0_crop0.npy",-21.41561,-39.6419,9
"..\\..\\..\\..\\Correos\\2025\February\22\TRACK ALERT ID 15135,15136 at , Serial_ T010987 Prueba Amacayacu 2024\features_0\2025-February-22_15135-Camara_Amacayacu-0_crop0.npy",-48.73652,9.292079,3
"..\\..\\..\\..\\Correos\\2025\February\22\TRACK ALERT ID 15174 at , Serial_ T010987 Prueba Amacayacu 2024\features_2\2025-February-22_15174-Camara_Amacayacu-0_crop0.npy",64.05461,-0.56004834,5
"..\\..\\..\\..\\Correos\\2025\February\22\TRACK ALERT ID 15174 at , Serial_ T010987 Prueba Amacayacu 2024\features_5\2025-February-22_15174-Camara_Amacayacu-0_crop0.npy",-11.880578,6.3922315,8
"..\\..\\..\\..\\Correos\\2025\February\22\TRACK ALERT ID 15174 at , Serial_ T010987 Prueba Amacayacu 2024\features_6\2025-February-22_15174-Camara_Amacayacu-0_crop0.npy",-11.880625,6.3921266,8
"..\\..\\..\\..\\Correos\\2025\February\22\TRACK ALERT ID 15213 at , Serial_ T010987 Prueba Amacayacu 2024\features_0\2025-February-22_15213-Camara_Amacayacu-0_crop0.npy",13.257206,31.778318,6
"..\\..\\..\\..\\Correos\\2025\February\22\TRACK ALERT ID 15222 at , Serial_ T010987 Prueba Amacayacu 2024\features_0\2025-February-22_15222-Camara_Amacayacu-0_crop0.npy",1.2347723,-55.59837,2
"..\\..\\..\\..\\Correos\\2025\February\22\TRACK ALERT ID 15226 at , Serial_ T010987 Prueba Amacayacu 2024\features_0\2025-February-22_15226-Camara_Amacayacu-1_crop0.npy",-0.5410872,-59.639,2
"..\\..\\..\\..\\Correos\\2025\February\22\TRACK ALERT ID 15227,15228 at , Serial_ T010987 Prueba Amacayacu 2024\features_0\2025-February-22_15227-Camara_Amacayacu-1_crop0.npy",-1.113927,-56.866753,2
"..\\..\\..\\..\\Correos\\2025\February\22\TRACK ALERT ID 15228 at , Serial_ T010987 Prueba Amacayacu 2024\features_10\2025-February-22_15227-Camara_Amacayacu-1_crop0.npy",-1.1587927,-58.074123,2
"..\\..\\..\\..\\Correos\\2025\February\22\TRACK ALERT ID 15228 at , Serial_ T010987 Prueba Amacayacu 2024\features_5\2025-February-22_15227-Camara_Amacayacu-1_crop0.npy",-0.6233689,-57.46713,2
"..\\..\\..\\..\\Correos\\2025\February\22\TRACK ALERT ID 15228 at , Serial_ T010987 Prueba Amacayacu 2024\features_7\2025-February-22_15227-Camara_Amacayacu-1_crop0.npy",-1.7348642,-57.565777,2
"..\\..\\..\\..\\Correos\\2025\February\22\TRACK ALERT ID 15228 at , Serial_ T010987 Prueba Amacayacu 2024\features_0\2025-February-22_15228-Camara_Amacayacu-1_crop0.npy",1.3075767,-57.99294,2
"..\\..\\..\\..\\Correos\\2025\February\22\TRACK ALERT ID 15228 at , Serial_ T010987 Prueba Amacayacu 2024\features_2\2025-February-22_15228-Camara_Amacayacu-1_crop0.npy",1.2315646,-58.850586,2
"..\\..\\..\\..\\Correos\\2025\February\22\TRACK ALERT ID 15228 at , Serial_ T010987 Prueba Amacayacu 2024\features_0\2025-February-22_15228-Camara_Amacayacu-3_crop0.npy",56.41066,7.4511237,1
"..\\..\\..\\..\\Correos\\2025\February\22\TRACK ALERT ID 15228 at , Serial_ T010987 Prueba Amacayacu 2024\features_2\2025-February-22_15228-Camara_Amacayacu-3_crop0.npy",56.41066,7.4511237,1
"..\\..\\..\\..\\Correos\\2025\February\22\TRACK ALERT ID 15228 at , Serial_ T010987 Prueba Amacayacu 2024\features_0\2025-February-22_15228-Camara_Amacayacu-6_crop0.npy",13.055123,30.418953,6
"..\\..\\..\\..\\Correos\\2025\February\22\TRACK ALERT ID 15228 at , Serial_ T010987 Prueba Amacayacu 2024\features_2\2025-February-22_15228-Camara_Amacayacu-6_crop0.npy",13.790443,29.88999,6
"..\\..\\..\\..\\Correos\\2025\February\22\TRACK ALERT ID 15228 at , Serial_ T010987 Prueba Amacayacu 2024\features_0\2025-February-22_15228-Camara_Amacayacu-9_crop0.npy",14.861425,-48.009964,2
"..\\..\\..\\..\\Correos\\2025\February\22\TRACK ALERT ID 15228 at , Serial_ T010987 Prueba Amacayacu 2024\features_1\2025-February-22_15228-Camara_Amacayacu-9_crop0.npy",-3.0056126,-56.164196,2
"..\\..\\..\\..\\Correos\\2025\February\22\TRACK ALERT ID 15228 at , Serial_ T010987 Prueba Amacayacu 2024\features_2\2025-February-22_15228-Camara_Amacayacu-9_crop0.npy",14.861425,-48.009964,2
"..\\..\\..\\..\\Correos\\2025\February\22\TRACK ALERT ID 15228 at , Serial_ T010987 Prueba Amacayacu 2024\features_4\2025-February-22_15228-Camara_Amacayacu-9_crop0.npy",-2.8231263,-55.982742,2
"..\\..\\..\\..\\Correos\\2025\February\22\TRACK ALERT ID 15228 at , Serial_ T010987 Prueba Amacayacu 2024\features_1\2025-February-22_15228-Camara_Amacayacu-0_crop0.npy",2.0124688,-58.738388,2
"..\\..\\..\\..\\Correos\\2025\February\22\TRACK ALERT ID 15228 at , Serial_ T010987 Prueba Amacayacu 2024\features_4\2025-February-22_15228-Camara_Amacayacu-0_crop0.npy",2.8186128,-57.868942,2
"..\\..\\..\\..\\Correos\\2025\February\22\TRACK ALERT ID 15228 at , Serial_ T010987 Prueba Amacayacu 2024\features_8\2025-February-22_15228-Camara_Amacayacu-0_crop0.npy",15.028659,-46.4917,2
"..\\..\\..\\..\\Correos\\2025\February\22\TRACK ALERT ID 15228 at , Serial_ T010987 Prueba Amacayacu 2024\features_9\2025-February-22_15228-Camara_Amacayacu-0_crop0.npy",14.362894,-46.50383,2
"..\\..\\..\\..\\Correos\\2025\February\22\TRACK ALERT ID 15228 at , Serial_ T010987 Prueba Amacayacu 2024\features_1\2025-February-22_15228-Camara_Amacayacu-2_crop0.npy",56.41066,7.4511237,1
"..\\..\\..\\..\\Correos\\2025\February\22\TRACK ALERT ID 15228 at , Serial_ T010987 Prueba Amacayacu 2024\features_4\2025-February-22_15228-Camara_Amacayacu-2_crop0.npy",56.41066,7.4511237,1
"..\\..\\..\\..\\Correos\\2025\February\22\TRACK ALERT ID 15228 at , Serial_ T010987 Prueba Amacayacu 2024\features_1\2025-February-22_15228-Camara_Amacayacu-5_crop0.npy",13.811082,30.530386,6
"..\\..\\..\\..\\Correos\\2025\February\22\TRACK ALERT ID 15228 at , Serial_ T010987 Prueba Amacayacu 2024\features_4\2025-February-22_15228-Camara_Amacayacu-5_crop0.npy",13.097837,29.790327,6
"..\\..\\..\\..\\Correos\\2025\February\22\TRACK ALERT ID 15228 at , Serial_ T010987 Prueba Amacayacu 2024\features_5\2025-February-22_15228-Camara_Amacayacu-5_crop0.npy",2.771989,-58.760666,2
"..\\..\\..\\..\\Correos\\2025\February\22\TRACK ALERT ID 15228 at , Serial_ T010987 Prueba Amacayacu 2024\features_7\2025-February-22_15228-Camara_Amacayacu-5_crop0.npy",2.0110574,-57.58747,2
"..\\..\\..\\..\\Correos\\2025\February\22\TRACK ALERT ID 15228 at , Serial_ T010987 Prueba Amacayacu 2024\features_1\2025-February-22_15228-Camara_Amacayacu-8_crop0.npy",14.861425,-48.009964,2
"..\\..\\..\\..\\Correos\\2025\February\22\TRACK ALERT ID 15228 at , Serial_ T010987 Prueba Amacayacu 2024\features_4\2025-February-22_15228-Camara_Amacayacu-8_crop0.npy",13.871229,-47.930298,2
"..\\..\\..\\..\\Correos\\2025\February\22\TRACK ALERT ID 15228 at , Serial_ T010987 Prueba Amacayacu 2024\features_8\2025-February-22_15228-Camara_Amacayacu-0_crop1.npy",-3.8511808,-58.470722,2
"..\\..\\..\\..\\Correos\\2025\February\22\TRACK ALERT ID 15228 at , Serial_ T010987 Prueba Amacayacu 2024\features_9\2025-February-22_15228-Camara_Amacayacu-0_crop1.npy",-3.8511808,-58.470722,2
"..\\..\\..\\..\\Correos\\2025\February\22\TRACK ALERT ID 15228,15231 at , Serial_ T010987 Prueba Amacayacu 2024\features_0\2025-February-22_15231-Camara_Amacayacu-3_crop0.npy",-2.4540107,-59.975857,2
"..\\..\\..\\..\\Correos\\2025\February\22\TRACK ALERT ID 15231 at , Serial_ T010987 Prueba Amacayacu 2024\features_6\2025-February-22_15231-Camara_Amacayacu-3_crop0.npy",-2.4540107,-59.975857,2
"..\\..\\..\\..\\Correos\\2025\February\22\TRACK ALERT ID 15231,15237 at , Serial_ T010987 Prueba Amacayacu 2024\features_0\2025-February-22_15231-Camara_Amacayacu-3_crop0.npy",1.7594868,-60.204247,2
"..\\..\\..\\..\\Correos\\2025\February\22\TRACK ALERT ID 15231 at , Serial_ T010987 Prueba Amacayacu 2024\features_0\2025-February-22_15231-Camara_Amacayacu-1_crop0.npy",4.5867095,-60.179173,2
"..\\..\\..\\..\\Correos\\2025\February\22\TRACK ALERT ID 15231 at , Serial_ T010987 Prueba Amacayacu 2024\features_3\2025-February-22_15231-Camara_Amacayacu-1_crop0.npy",-2.4540107,-59.975857,2
"..\\..\\..\\..\\Correos\\2025\February\22\TRACK ALERT ID 15231,15238 at , Serial_ T010987 Prueba Amacayacu 2024\features_0\2025-February-22_15231-Camara_Amacayacu-1_crop0.npy",6.1396446,-62.01371,2
"..\\..\\..\\..\\Correos\\2025\February\22\TRACK ALERT ID 15238 at , Serial_ T010987 Prueba Amacayacu 2024\features_3\2025-February-22_15231-Camara_Amacayacu-1_crop0.npy",6.1396446,-62.01371,2
"..\\..\\..\\..\\Correos\\2025\February\22\TRACK ALERT ID 15231 at , Serial_ T010987 Prueba Amacayacu 2024\features_0\2025-February-22_15231-Camara_Amacayacu-5_crop0.npy",2.4413662,-61.120407,2
"..\\..\\..\\..\\Correos\\2025\February\22\TRACK ALERT ID 15231,15238 at , Serial_ T010987 Prueba Amacayacu 2024\features_0\2025-February-22_15231-Camara_Amacayacu-5_crop0.npy",-1.0846927,-62.4978,2
"..\\..\\..\\..\\Correos\\2025\February\22\TRACK ALERT ID 15238 at , Serial_ T010987 Prueba Amacayacu 2024\features_3\2025-February-22_15231-Camara_Amacayacu-5_crop0.npy",-0.9237255,-62.234684,2
"..\\..\\..\\..\\Correos\\2025\February\22\TRACK ALERT ID 15231,15237 at , Serial_ T010987 Prueba Amacayacu 2024\features_0\2025-February-22_15231-Camara_Amacayacu-2_crop0.npy",0.7789894,-60.9926,2
"..\\..\\..\\..\\Correos\\2025\February\22\TRACK ALERT ID 15231,15238 at , Serial_ T010987 Prueba Amacayacu 2024\features_0\2025-February-22_15231-Camara_Amacayacu-2_crop0.npy",2.4659681,-64.813255,2
"..\\..\\..\\..\\Correos\\2025\February\22\TRACK ALERT ID 15238 at , Serial_ T010987 Prueba Amacayacu 2024\features_3\2025-February-22_15231-Camara_Amacayacu-2_crop0.npy",1.7330691,-65.11741,2
"..\\..\\..\\..\\Correos\\2025\February\22\TRACK ALERT ID 15231,15237 at , Serial_ T010987 Prueba Amacayacu 2024\features_0\2025-February-22_15231-Camara_Amacayacu-7_crop0.npy",6.1396446,-62.01371,2
"..\\..\\..\\..\\Correos\\2025\February\22\TRACK ALERT ID 15231,15237 at , Serial_ T010987 Prueba Amacayacu 2024\features_0\2025-February-22_15231-Camara_Amacayacu-8_crop0.npy",2.4659681,-64.813255,2
"..\\..\\..\\..\\Correos\\2025\February\22\TRACK ALERT ID 15231,15237 at , Serial_ T010987 Prueba Amacayacu 2024\features_0\2025-February-22_15237-Camara_Amacayacu-5_crop0.npy",3.457444,-60.883873,2
"..\\..\\..\\..\\Correos\\2025\February\22\TRACK ALERT ID 15231,15237 at , Serial_ T010987 Prueba Amacayacu 2024\features_0\2025-February-22_15237-Camara_Amacayacu-6_crop0.npy",3.7751389,-62.47628,2
"..\\..\\..\\..\\Correos\\2025\February\22\TRACK ALERT ID 15231,15238 at , Serial_ T010987 Prueba Amacayacu 2024\features_0\2025-February-22_15231-Camara_Amacayacu-4_crop0.npy",1.1051713,-63.105446,2
"..\\..\\..\\..\\Correos\\2025\February\22\TRACK ALERT ID 15238 at , Serial_ T010987 Prueba Amacayacu 2024\features_3\2025-February-22_15231-Camara_Amacayacu-4_crop0.npy",0.8960792,-63.377537,2
"..\\..\\..\\..\\Correos\\2025\February\22\TRACK ALERT ID 15231,15238 at , Serial_ T010987 Prueba Amacayacu 2024\features_0\2025-February-22_15237-Camara_Amacayacu-0_crop0.npy",3.0872033,-62.720596,2
"..\\..\\..\\..\\Correos\\2025\February\22\TRACK ALERT ID 15238 at , Serial_ T010987 Prueba Amacayacu 2024\features_3\2025-February-22_15237-Camara_Amacayacu-0_crop0.npy",3.7761533,-63.178165,2
"..\\..\\..\\..\\Correos\\2025\February\22\TRACK ALERT ID 15231,15238 at , Serial_ T010987 Prueba Amacayacu 2024\features_0\2025-February-22_15238-Camara_Amacayacu-7_crop0.npy",-0.43563274,-65.091,2
"..\\..\\..\\..\\Correos\\2025\February\22\TRACK ALERT ID 15238 at , Serial_ T010987 Prueba Amacayacu 2024\features_3\2025-February-22_15238-Camara_Amacayacu-7_crop0.npy",-0.43563274,-65.091,2
"..\\..\\..\\..\\Correos\\2025\February\22\TRACK ALERT ID 15243 at , Serial_ T010987 Prueba Amacayacu 2024\features_1\2025-February-22_15243-Camara_Amacayacu-1_crop0.npy",76.39411,-23.330006,5
"..\\..\\..\\..\\Correos\\2025\February\22\TRACK ALERT ID 15264 at , Serial_ T010987 Prueba Amacayacu 2024\features_0\2025-February-22_15264-Camara_Amacayacu-0_crop0.npy",62.150986,-1.8902879,5
"..\\..\\..\\..\\Correos\\2025\February\22\TRACK ALERT ID 15264 at , Serial_ T010987 Prueba Amacayacu 2024\features_1\2025-February-22_15264-Camara_Amacayacu-0_crop0.npy",62.150986,-1.8902879,5
"..\\..\\..\\..\\Correos\\2025\February\22\TRACK ALERT ID 15264 at , Serial_ T010987 Prueba Amacayacu 2024\features_2\2025-February-22_15264-Camara_Amacayacu-0_crop0.npy",62.150986,-1.8902879,5
"..\\..\\..\\..\\Correos\\2025\February\22\TRACK ALERT ID 15264 at , Serial_ T010987 Prueba Amacayacu 2024\features_3\2025-February-22_15264-Camara_Amacayacu-0_crop0.npy",62.150986,-1.8902879,5
"..\\..\\..\\..\\Correos\\2025\February\22\TRACK ALERT ID 15264 at , Serial_ T010987 Prueba Amacayacu 2024\features_4\2025-February-22_15264-Camara_Amacayacu-0_crop0.npy",62.150986,-1.8902879,5
"..\\..\\..\\..\\Correos\\2025\February\22\TRACK ALERT ID 15270,15273 at , Serial_ T010987 Prueba Amacayacu 2024\features_0\2025-February-22_15273-Camara_Amacayacu-5_crop0.npy",75.5435,-22.211784,5
"..\\..\\..\\..\\Correos\\2025\February\22\TRACK ALERT ID 15281 at , Serial_ T010987 Prueba Amacayacu 2024\features_0\2025-February-22_15281-Camara_Amacayacu-2_crop0.npy",63.304802,-0.23049898,5
"..\\..\\..\\..\\Correos\\2025\February\22\TRACK ALERT ID 15299 at , Serial_ T010987 Prueba Amacayacu 2024\features_1\2025-February-22_15299-Camara_Amacayacu-0_crop0.npy",-23.897192,-39.075764,9
"..\\..\\..\\..\\Correos\\2025\February\22\TRACK ALERT ID 15299 at , Serial_ T010987 Prueba Amacayacu 2024\features_2\2025-February-22_15299-Camara_Amacayacu-0_crop0.npy",-23.897192,-39.075764,9
"..\\..\\..\\..\\Correos\\2025\February\22\TRACK ALERT ID 15308 at , Serial_ T010987 Prueba Amacayacu 2024\features_2\2025-February-22_15308-Camara_Amacayacu-0_crop0.npy",35.163006,17.460339,1
"..\\..\\..\\..\\Correos\\2025\February\22\TRACK ALERT ID 15333 at , Serial_ T010987 Prueba Amacayacu 2024\features_0\2025-February-22_15333-Camara_Amacayacu-0_crop0.npy",69.00994,-8.838025,5
"..\\..\\..\\..\\Correos\\2025\February\22\TRACK ALERT ID 15333 at , Serial_ T010987 Prueba Amacayacu 2024\features_1\2025-February-22_15333-Camara_Amacayacu-0_crop0.npy",69.00994,-8.838025,5
"..\\..\\..\\..\\Correos\\2025\February\22\TRACK ALERT ID 15333 at , Serial_ T010987 Prueba Amacayacu 2024\features_2\2025-February-22_15333-Camara_Amacayacu-0_crop0.npy",69.00994,-8.838025,5
"..\\..\\..\\..\\Correos\\2025\February\22\TRACK ALERT ID 15341 at , Serial_ T010987 Prueba Amacayacu 2024\features_0\2025-February-22_15341-Camara_Amacayacu-0_crop0.npy",-22.40207,-38.4672,9
"..\\..\\..\\..\\Correos\\2025\February\22\TRACK ALERT ID 15341 at , Serial_ T010987 Prueba Amacayacu 2024\features_0\2025-February-22_15341-Camara_Amacayacu-1_crop0.npy",17.591097,-32.686417,2
"..\\..\\..\\..\\Correos\\2025\February\22\TRACK ALERT ID 15356 at , Serial_ T010987 Prueba Amacayacu 2024\features_0\2025-February-22_15356-Camara_Amacayacu-0_crop0.npy",25.474365,-63.556545,2
"..\\..\\..\\..\\Correos\\2025\February\22\TRACK ALERT ID 15360 at , Serial_ T010987 Prueba Amacayacu 2024\features_0\2025-February-22_15360-Camara_Amacayacu-1_crop0.npy",24.557878,-63.9022,2
"..\\..\\..\\..\\Correos\\2025\February\22\TRACK ALERT ID 15360 at , Serial_ T010987 Prueba Amacayacu 2024\features_0\2025-February-22_15360-Camara_Amacayacu-1_crop1.npy",42.36421,-58.85606,2
"..\\..\\..\\..\\Correos\\2025\February\22\TRACK ALERT ID 15368 at , Serial_ T010987 Prueba Amacayacu 2024\features_0\2025-February-22_15368-Camara_Amacayacu-0_crop0.npy",25.120169,-64.16984,2
"..\\..\\..\\..\\Correos\\2025\February\22\TRACK ALERT ID 15368 at , Serial_ T010987 Prueba Amacayacu 2024\features_0\2025-February-22_15368-Camara_Amacayacu-0_crop1.npy",34.119358,-43.78518,2
"..\\..\\..\\..\\Correos\\2025\February\22\TRACK ALERT ID 15370,15371 at , Serial_ T010987 Prueba Amacayacu 2024\features_0\2025-February-22_15370-Camara_Amacayacu-0_crop0.npy",25.625292,-57.825314,2
"..\\..\\..\\..\\Correos\\2025\February\22\TRACK ALERT ID 15370,15371 at , Serial_ T010987 Prueba Amacayacu 2024\features_0\2025-February-22_15371-Camara_Amacayacu-1_crop0.npy",24.884632,-62.974667,2
"..\\..\\..\\..\\Correos\\2025\February\22\TRACK ALERT ID 15370,15371 at , Serial_ T010987 Prueba Amacayacu 2024\features_0\2025-February-22_15371-Camara_Amacayacu-1_crop1.npy",33.930252,-43.71262,2
"..\\..\\..\\..\\Correos\\2025\February\22\TRACK ALERT ID 15378 at , Serial_ T010987 Prueba Amacayacu 2024\features_0\2025-February-22_15378-Camara_Amacayacu-2_crop0.npy",12.106954,-54.963997,2
"..\\..\\..\\..\\Correos\\2025\February\22\TRACK ALERT ID 15381 at , Serial_ T010987 Prueba Amacayacu 2024\features_0\2025-February-22_15381-Camara_Amacayacu-0_crop0.npy",18.53808,-52.525944,2
"..\\..\\..\\..\\Correos\\2025\February\22\TRACK ALERT ID 15381 at , Serial_ T010987 Prueba Amacayacu 2024\features_0\2025-February-22_15381-Camara_Amacayacu-1_crop0.npy",12.139791,-55.292618,2
"..\\..\\..\\..\\Correos\\2025\February\22\TRACK ALERT ID 15386 at , Serial_ T010987 Prueba Amacayacu 2024\features_0\2025-February-22_15386-Camara_Amacayacu-0_crop0.npy",8.95977,-48.506603,2
"..\\..\\..\\..\\Correos\\2025\February\22\TRACK ALERT ID 15386 at , Serial_ T010987 Prueba Amacayacu 2024\features_0\2025-February-22_15386-Camara_Amacayacu-2_crop0.npy",32.72088,-43.26444,2
"..\\..\\..\\..\\Correos\\2025\February\22\TRACK ALERT ID 15386 at , Serial_ T010987 Prueba Amacayacu 2024\features_0\2025-February-22_15386-Camara_Amacayacu-2_crop1.npy",8.784239,-48.269318,2
"..\\..\\..\\..\\Correos\\2025\February\22\TRACK ALERT ID 15405 at , Serial_ T010987 Prueba Amacayacu 2024\features_0\2025-February-22_15405-Camara_Amacayacu-0_crop0.npy",18.856812,-49.52592,2
"..\\..\\..\\..\\Correos\\2025\February\22\TRACK ALERT ID 15410 at , Serial_ T010987 Prueba Amacayacu 2024\features_3\2025-February-22_15410-Camara_Amacayacu-0_crop0.npy",9.842791,32.610867,6
"..\\..\\..\\..\\Correos\\2025\February\22\TRACK ALERT ID 15410 at , Serial_ T010987 Prueba Amacayacu 2024\features_4\2025-February-22_15410-Camara_Amacayacu-0_crop0.npy",9.842791,32.610867,6
"..\\..\\..\\..\\Correos\\2025\February\22\TRACK ALERT ID 15410,15412 at , Serial_ T010987 Prueba Amacayacu 2024\features_0\2025-February-22_15410-Camara_Amacayacu-0_crop0.npy",9.842791,32.610867,6
"..\\..\\..\\..\\Correos\\2025\February\22\TRACK ALERT ID 15433 at , Serial_ T010987 Prueba Amacayacu 2024\features_0\2025-February-22_15433-Camara_Amacayacu-3_crop0.npy",10.264559,34.311764,6
"..\\..\\..\\..\\Correos\\2025\February\22\TRACK ALERT ID 15433 at , Serial_ T010987 Prueba Amacayacu 2024\features_0\2025-February-22_15433-Camara_Amacayacu-4_crop0.npy",11.509016,32.80396,6
"..\\..\\..\\..\\Correos\\2025\February\22\TRACK ALERT ID 15450 at , Serial_ T010987 Prueba Amacayacu 2024\features_1\2025-February-22_15450-Camara_Amacayacu-0_crop0.npy",-34.253727,38.623463,0
"..\\..\\..\\..\\Correos\\2025\February\22\TRACK ALERT ID 15474 at , Serial_ T010987 Prueba Amacayacu 2024\features_1\2025-February-22_15474-Camara_Amacayacu-1_crop0.npy",16.03564,-50.258717,2
"..\\..\\..\\..\\Correos\\2025\February\22\TRACK ALERT ID 15474 at , Serial_ T010987 Prueba Amacayacu 2024\features_1\2025-February-22_15474-Camara_Amacayacu-2_crop0.npy",29.432505,-53.629147,2
"..\\..\\..\\..\\Correos\\2025\February\22\TRACK ALERT ID 15482 at , Serial_ T010987 Prueba Amacayacu 2024\features_0\2025-February-22_15482-Camara_Amacayacu-0_crop0.npy",17.6081,-48.38959,2
"..\\..\\..\\..\\Correos\\2025\February\22\TRACK ALERT ID 15484 at , Serial_ T010987 Prueba Amacayacu 2024\features_0\2025-February-22_15484-Camara_Amacayacu-0_crop0.npy",16.75495,-49.021248,2
"..\\..\\..\\..\\Correos\\2025\February\22\TRACK ALERT ID 15484 at , Serial_ T010987 Prueba Amacayacu 2024\features_0\2025-February-22_15484-Camara_Amacayacu-0_crop1.npy",20.048145,24.813103,6
"..\\..\\..\\..\\Correos\\2025\February\22\TRACK ALERT ID 15512 at , Serial_ T010987 Prueba Amacayacu 2024\features_1\2025-February-22_15512-Camara_Amacayacu-0_crop0.npy",2.2363448,-51.400105,2
"..\\..\\..\\..\\Correos\\2025\February\22\TRACK ALERT ID 15515 at , Serial_ T010987 Prueba Amacayacu 2024\features_0\2025-February-22_15515-Camara_Amacayacu-0_crop0.npy",1.4591973,-51.827667,2
"..\\..\\..\\..\\Correos\\2025\February\22\TRACK ALERT ID 15515 at , Serial_ T010987 Prueba Amacayacu 2024\features_0\2025-February-22_15515-Camara_Amacayacu-0_crop1.npy",-33.153564,38.91402,0
"..\\..\\..\\..\\Correos\\2025\February\22\TRACK ALERT ID 15516 at , Serial_ T010987 Prueba Amacayacu 2024\features_1\2025-February-22_15516-Camara_Amacayacu-2_crop0.npy",8.4042015,35.015755,6
"..\\..\\..\\..\\Correos\\2025\February\22\TRACK ALERT ID 15516 at , Serial_ T010987 Prueba Amacayacu 2024\features_4\2025-February-22_15516-Camara_Amacayacu-2_crop0.npy",8.4042015,35.015755,6
"..\\..\\..\\..\\Correos\\2025\February\22\TRACK ALERT ID 15532 at , Serial_ T010987 Prueba Amacayacu 2024\features_0\2025-February-22_15532-Camara_Amacayacu-0_crop0.npy",40.366287,-42.09868,2
"..\\..\\..\\..\\Correos\\2025\February\22\TRACK ALERT ID 15534 at , Serial_ T010987 Prueba Amacayacu 2024\features_0\2025-February-22_15534-Camara_Amacayacu-1_crop0.npy",40.834713,-42.717304,2
"..\\..\\..\\..\\Correos\\2025\February\23\TRACK ALERT ID 15627 at , Serial_ T010987 Prueba Amacayacu 2024\features_0\2025-February-23_15627-Camara_Amacayacu-0_crop0.npy",9.964117,36.552452,6
"..\\..\\..\\..\\Correos\\2025\February\23\TRACK ALERT ID 15627 at , Serial_ T010987 Prueba Amacayacu 2024\features_1\2025-February-23_15627-Camara_Amacayacu-0_crop0.npy",9.542864,36.982155,6
"..\\..\\..\\..\\Correos\\2025\February\23\TRACK ALERT ID 15627 at , Serial_ T010987 Prueba Amacayacu 2024\features_2\2025-February-23_15627-Camara_Amacayacu-0_crop0.npy",9.964117,36.552452,6
"..\\..\\..\\..\\Correos\\2025\February\23\TRACK ALERT ID 15627 at , Serial_ T010987 Prueba Amacayacu 2024\features_7\2025-February-23_15627-Camara_Amacayacu-0_crop0.npy",13.808113,-37.2843,2
"..\\..\\..\\..\\Correos\\2025\February\23\TRACK ALERT ID 15627 at , Serial_ T010987 Prueba Amacayacu 2024\features_8\2025-February-23_15627-Camara_Amacayacu-0_crop0.npy",13.808113,-37.2843,2
"..\\..\\..\\..\\Correos\\2025\February\25\TRACK ALERT ID 15635 at , Serial_ T010987 Prueba Amacayacu 2024\features_1\2025-February-25_15635-Camara_Amacayacu-1_crop0.npy",40.32242,-44.067123,2
"..\\..\\..\\..\\Correos\\2025\January\22\TRACK ALERT ID 3637,3638 at , Serial_ T010987 Prueba Amacayacu 2024\features_0\2025-January-22_3637-Camara_Amacayacu-1_crop0.npy",-61.205757,41.044197,0
"..\\..\\..\\..\\Correos\\2025\January\22\TRACK ALERT ID 3639 at , Serial_ T010987 Prueba Amacayacu 2024\features_0\2025-January-22_3637-Camara_Amacayacu-1_crop0.npy",-61.205757,41.044197,0
"..\\..\\..\\..\\Correos\\2025\January\22\TRACK ALERT ID 3647 at , Serial_ T010987 Prueba Amacayacu 2024\features_0\2025-January-22_3647-Camara_Amacayacu-0_crop0.npy",-37.0164,4.457749,0
"..\\..\\..\\..\\Correos\\2025\January\31\TRACK ALERT ID 6722 at , Serial_ T010987 Prueba Amacayacu 2024\features_0\2025-January-31_6722-Camara_Amacayacu-6_crop0.npy",38.18374,-54.45325,2
"..\\..\\..\\..\\Correos\\2025\January\31\TRACK ALERT ID 6722 at , Serial_ T010987 Prueba Amacayacu 2024\features_1\2025-January-31_6722-Camara_Amacayacu-6_crop0.npy",38.18374,-54.45325,2
"..\\..\\..\\..\\Correos\\2025\March\12\TRACK ALERT ID 15641 at , Serial_ T010987 Prueba Amacayacu 2024\features_1\2025-March-12_15641-Camara_Amacayacu-1_crop0.npy",-34.631405,44.698364,0
"..\\..\\..\\..\\Correos\\2025\March\12\TRACK ALERT ID 15653 at , Serial_ T010987 Prueba Amacayacu 2024\features_0\2025-March-12_15653-Camara_Amacayacu-0_crop0.npy",-54.390553,-39.409283,7
"..\\..\\..\\..\\Correos\\2025\March\12\TRACK ALERT ID 15653 at , Serial_ T010987 Prueba Amacayacu 2024\features_0\2025-March-12_15653-Camara_Amacayacu-1_crop0.npy",-66.0637,29.868473,3
"..\\..\\..\\..\\Correos\\2025\March\12\TRACK ALERT ID 15653 at , Serial_ T010987 Prueba Amacayacu 2024\features_0\2025-March-12_15653-Camara_Amacayacu-2_crop0.npy",-64.94468,13.21915,3
"..\\..\\..\\..\\Correos\\2025\March\12\TRACK ALERT ID 15656 at , Serial_ T010987 Prueba Amacayacu 2024\features_0\2025-March-12_15656-Camara_Amacayacu-0_crop0.npy",-77.37455,21.470247,3
"..\\..\\..\\..\\Correos\\2025\March\12\TRACK ALERT ID 15656 at , Serial_ T010987 Prueba Amacayacu 2024\features_2\2025-March-12_15656-Camara_Amacayacu-0_crop0.npy",-78.56488,20.990177,3
"..\\..\\..\\..\\Correos\\2025\March\12\TRACK ALERT ID 15656 at , Serial_ T010987 Prueba Amacayacu 2024\features_2\2025-March-12_15656-Camara_Amacayacu-1_crop0.npy",-77.313255,20.34248,3
"..\\..\\..\\..\\Correos\\2025\March\12\TRACK ALERT ID 15659 at , Serial_ T010987 Prueba Amacayacu 2024\features_0\2025-March-12_15659-Camara_Amacayacu-0_crop0.npy",-65.56351,31.60286,3
"..\\..\\..\\..\\Correos\\2025\March\12\TRACK ALERT ID 15659 at , Serial_ T010987 Prueba Amacayacu 2024\features_0\2025-March-12_15659-Camara_Amacayacu-1_crop0.npy",-65.62646,31.2871,3
"..\\..\\..\\..\\Correos\\2025\March\12\TRACK ALERT ID 15664 at , Serial_ T010987 Prueba Amacayacu 2024\features_0\2025-March-12_15664-Camara_Amacayacu-0_crop0.npy",-13.671612,-1.584611,8
"..\\..\\..\\..\\Correos\\2025\March\12\TRACK ALERT ID 15680,15681 at , Serial_ T010987 Prueba Amacayacu 2024\features_0\2025-March-12_15680-Camara_Amacayacu-0_crop0.npy",79.567215,-1.8731933,5
"..\\..\\..\\..\\Correos\\2025\March\12\TRACK ALERT ID 15684 at , Serial_ T010987 Prueba Amacayacu 2024\features_0\2025-March-12_15684-Camara_Amacayacu-0_crop0.npy",-73.39991,-20.300476,7
"..\\..\\..\\..\\Correos\\2025\March\12\TRACK ALERT ID 15711 at , Serial_ T010987 Prueba Amacayacu 2024\features_0\2025-March-12_15711-Camara_Amacayacu-0_crop0.npy",-36.475754,44.48948,0
"..\\..\\..\\..\\Correos\\2025\March\12\TRACK ALERT ID 15711 at , Serial_ T010987 Prueba Amacayacu 2024\features_0\2025-March-12_15711-Camara_Amacayacu-1_crop0.npy",-2.9750466,1.1605928,8
"..\\..\\..\\..\\Correos\\2025\March\12\TRACK ALERT ID 15722 at , Serial_ T010987 Prueba Amacayacu 2024\features_0\2025-March-12_15722-Camara_Amacayacu-0_crop0.npy",-16.719091,-46.40718,9
"..\\..\\..\\..\\Correos\\2025\March\12\TRACK ALERT ID 15722 at , Serial_ T010987 Prueba Amacayacu 2024\features_0\2025-March-12_15722-Camara_Amacayacu-0_crop1.npy",-16.336903,-46.395267,9
"..\\..\\..\\..\\Correos\\2025\March\12\TRACK ALERT ID 15722 at , Serial_ T010987 Prueba Amacayacu 2024\features_0\2025-March-12_15722-Camara_Amacayacu-1_crop0.npy",-16.933832,-48.373993,9
"..\\..\\..\\..\\Correos\\2025\March\12\TRACK ALERT ID 15722 at , Serial_ T010987 Prueba Amacayacu 2024\features_0\2025-March-12_15722-Camara_Amacayacu-1_crop1.npy",-16.501472,-47.77195,9
"..\\..\\..\\..\\Correos\\2025\March\12\TRACK ALERT ID 15722 at , Serial_ T010987 Prueba Amacayacu 2024\features_0\2025-March-12_15722-Camara_Amacayacu-1_crop2.npy",-17.077423,-48.83054,9
"..\\..\\..\\..\\Correos\\2025\March\12\TRACK ALERT ID 15730 at , Serial_ T010987 Prueba Amacayacu 2024\features_0\2025-March-12_15730-Camara_Amacayacu-0_crop0.npy",-25.261303,38.91499,0
"..\\..\\..\\..\\Correos\\2025\March\13\TRACK ALERT ID 15968 at , Serial_ T010987 Prueba Amacayacu 2024\features_0\2025-March-13_15968-Camara_Amacayacu-0_crop0.npy",-25.681507,34.7334,0
"..\\..\\..\\..\\Correos\\2025\March\13\TRACK ALERT ID 15968 at , Serial_ T010987 Prueba Amacayacu 2024\features_0\2025-March-13_15968-Camara_Amacayacu-1_crop0.npy",21.46923,8.241337,1
"..\\..\\..\\..\\Correos\\2025\March\13\TRACK ALERT ID 15974 at , Serial_ T010987 Prueba Amacayacu 2024\features_1\2025-March-13_15974-Camara_Amacayacu-1_crop0.npy",-48.51923,22.941036,0
"..\\..\\..\\..\\Correos\\2025\March\13\TRACK ALERT ID 15982 at , Serial_ T010987 Prueba Amacayacu 2024\features_0\2025-March-13_15982-Camara_Amacayacu-0_crop0.npy",-30.355349,40.302723,0
"..\\..\\..\\..\\Correos\\2025\March\13\TRACK ALERT ID 15988,15989 at , Serial_ T010987 Prueba Amacayacu 2024\features_0\2025-March-13_15988-Camara_Amacayacu-0_crop0.npy",77.48679,0.6524072,5
"..\\..\\..\\..\\Correos\\2025\March\13\TRACK ALERT ID 16005,16006 at , Serial_ T010987 Prueba Amacayacu 2024\features_0\2025-March-13_16005-Camara_Amacayacu-0_crop0.npy",78.58999,-0.04852208,5
"..\\..\\..\\..\\Correos\\2025\March\13\TRACK ALERT ID 16005,16006 at , Serial_ T010987 Prueba Amacayacu 2024\features_0\2025-March-13_16006-Camara_Amacayacu-1_crop0.npy",-34.77507,42.659317,0
"..\\..\\..\\..\\Correos\\2025\March\13\TRACK ALERT ID 16010 at , Serial_ T010987 Prueba Amacayacu 2024\features_1\2025-March-13_16010-Camara_Amacayacu-0_crop0.npy",-36.620712,43.5939,0
"..\\..\\..\\..\\Correos\\2025\March\13\TRACK ALERT ID 16076 at , Serial_ T010987 Prueba Amacayacu 2024\features_0\2025-March-13_16076-Camara_Amacayacu-0_crop0.npy",-70.41103,-17.195522,7
"..\\..\\..\\..\\Correos\\2025\March\13\TRACK ALERT ID 16085 at , Serial_ T010987 Prueba Amacayacu 2024\features_0\2025-March-13_16085-Camara_Amacayacu-0_crop0.npy",77.8899,-1.6484654,5
"..\\..\\..\\..\\Correos\\2025\March\13\TRACK ALERT ID 16092 at , Serial_ T010987 Prueba Amacayacu 2024\features_0\2025-March-13_16092-Camara_Amacayacu-0_crop0.npy",16.990665,-28.736221,2
"..\\..\\..\\..\\Correos\\2025\March\13\TRACK ALERT ID 16106 at , Serial_ T010987 Prueba Amacayacu 2024\features_0\2025-March-13_16106-Camara_Amacayacu-0_crop0.npy",79.420456,-0.323225,5
"..\\..\\..\\..\\Correos\\2025\March\14\TRACK ALERT ID 16141 at , Serial_ T010987 Prueba Amacayacu 2024\features_0\2025-March-14_16141-Camara_Amacayacu-0_crop0.npy",-60.83966,17.058964,3
"..\\..\\..\\..\\Correos\\2025\March\14\TRACK ALERT ID 16155 at , Serial_ T010987 Prueba Amacayacu 2024\features_0\2025-March-14_16155-Camara_Amacayacu-0_crop0.npy",-28.923811,41.990326,0
"..\\..\\..\\..\\Correos\\2025\March\14\TRACK ALERT ID 16211 at , Serial_ T010987 Prueba Amacayacu 2024\features_0\2025-March-14_16211-Camara_Amacayacu-0_crop0.npy",-32.37759,41.9844,0
"..\\..\\..\\..\\Correos\\2025\March\14\TRACK ALERT ID 16293 at , Serial_ T010987 Prueba Amacayacu 2024\features_0\2025-March-14_16293-Camara_Amacayacu-0_crop0.npy",75.27438,0.7310334,5
"..\\..\\..\\..\\Correos\\2025\March\14\TRACK ALERT ID 16297 at , Serial_ T010987 Prueba Amacayacu 2024\features_1\2025-March-14_16297-Camara_Amacayacu-0_crop0.npy",76.45769,4.8123646,5
"..\\..\\..\\..\\Correos\\2025\March\14\TRACK ALERT ID 16297,16298 at , Serial_ T010987 Prueba Amacayacu 2024\features_0\2025-March-14_16297-Camara_Amacayacu-0_crop0.npy",73.73825,4.8623495,5
"..\\..\\..\\..\\Correos\\2025\March\14\TRACK ALERT ID 16298 at , Serial_ T010987 Prueba Amacayacu 2024\features_0\2025-March-14_16297-Camara_Amacayacu-0_crop0.npy",76.15355,5.694864,5
"..\\..\\..\\..\\Correos\\2025\March\14\TRACK ALERT ID 16298 at , Serial_ T010987 Prueba Amacayacu 2024\features_1\2025-March-14_16297-Camara_Amacayacu-0_crop0.npy",75.4106,5.4832087,5
"..\\..\\..\\..\\Correos\\2025\March\14\TRACK ALERT ID 16297,16298 at , Serial_ T010987 Prueba Amacayacu 2024\features_0\2025-March-14_16297-Camara_Amacayacu-1_crop0.npy",-11.519713,33.66052,0
"..\\..\\..\\..\\Correos\\2025\March\14\TRACK ALERT ID 16297,16298 at , Serial_ T010987 Prueba Amacayacu 2024\features_0\2025-March-14_16297-Camara_Amacayacu-2_crop0.npy",74.80288,6.1881785,5
"..\\..\\..\\..\\Correos\\2025\March\14\TRACK ALERT ID 16298 at , Serial_ T010987 Prueba Amacayacu 2024\features_0\2025-March-14_16298-Camara_Amacayacu-1_crop0.npy",76.53196,6.1950955,5
"..\\..\\..\\..\\Correos\\2025\March\14\TRACK ALERT ID 16298 at , Serial_ T010987 Prueba Amacayacu 2024\features_0\2025-March-14_16298-Camara_Amacayacu-2_crop0.npy",-31.968035,46.859543,0
"..\\..\\..\\..\\Correos\\2025\March\14\TRACK ALERT ID 16301 at , Serial_ T010987 Prueba Amacayacu 2024\features_0\2025-March-14_16301-Camara_Amacayacu-0_crop0.npy",-38.126938,43.267227,0
"..\\..\\..\\..\\Correos\\2025\March\14\TRACK ALERT ID 16316 at , Serial_ T010987 Prueba Amacayacu 2024\features_0\2025-March-14_16316-Camara_Amacayacu-0_crop0.npy",-15.033478,-1.9361005,8
"..\\..\\..\\..\\Correos\\2025\March\15\TRACK ALERT ID 16851 at , Serial_ T010987 Prueba Amacayacu 2024\features_0\2025-March-15_16851-Camara_Amacayacu-0_crop0.npy",74.67837,8.072452,5
"..\\..\\..\\..\\Correos\\2025\March\15\TRACK ALERT ID 16856 at , Serial_ T010987 Prueba Amacayacu 2024\features_0\2025-March-15_16856-Camara_Amacayacu-0_crop0.npy",76.83148,-0.46308467,5
"..\\..\\..\\..\\Correos\\2025\March\15\TRACK ALERT ID 16856 at , Serial_ T010987 Prueba Amacayacu 2024\features_1\2025-March-15_16856-Camara_Amacayacu-0_crop0.npy",75.79254,-2.4473934,5
"..\\..\\..\\..\\Correos\\2025\March\15\TRACK ALERT ID 16856 at , Serial_ T010987 Prueba Amacayacu 2024\features_2\2025-March-15_16856-Camara_Amacayacu-0_crop0.npy",75.79254,-2.4473934,5
"..\\..\\..\\..\\Correos\\2025\March\15\TRACK ALERT ID 16882,16883 at , Serial_ T010987 Prueba Amacayacu 2024\features_0\2025-March-15_16882-Camara_Amacayacu-0_crop0.npy",-31.997715,39.737377,0
"..\\..\\..\\..\\Correos\\2025\March\15\TRACK ALERT ID 16885 at , Serial_ T010987 Prueba Amacayacu 2024\features_0\2025-March-15_16885-Camara_Amacayacu-0_crop0.npy",-80.654915,-13.053775,7
"..\\..\\..\\..\\Correos\\2025\March\15\TRACK ALERT ID 16890 at , Serial_ T010987 Prueba Amacayacu 2024\features_0\2025-March-15_16890-Camara_Amacayacu-0_crop0.npy",78.95551,1.8446392,5
"..\\..\\..\\..\\Correos\\2025\March\15\TRACK ALERT ID 16890 at , Serial_ T010987 Prueba Amacayacu 2024\features_0\2025-March-15_16890-Camara_Amacayacu-1_crop0.npy",-27.63762,47.761215,0
"..\\..\\..\\..\\Correos\\2025\March\15\TRACK ALERT ID 16919 at , Serial_ T010987 Prueba Amacayacu 2024\features_0\2025-March-15_16919-Camara_Amacayacu-0_crop0.npy",-21.219536,43.655354,0
"..\\..\\..\\..\\Correos\\2025\March\15\TRACK ALERT ID 16932 at , Serial_ T010987 Prueba Amacayacu 2024\features_0\2025-March-15_16932-Camara_Amacayacu-0_crop0.npy",-31.686914,-45.852894,9
"..\\..\\..\\..\\Correos\\2025\March\15\TRACK ALERT ID 16949,16950 at , Serial_ T010987 Prueba Amacayacu 2024\features_0\2025-March-15_16949-Camara_Amacayacu-0_crop0.npy",-53.415665,10.367022,3
"..\\..\\..\\..\\Correos\\2025\March\16\TRACK ALERT ID 17033 at , Serial_ T010987 Prueba Amacayacu 2024\features_0\2025-March-16_17033-Camara_Amacayacu-2_crop0.npy",-81.367645,-15.329569,7
"..\\..\\..\\..\\Correos\\2025\March\18\TRACK ALERT ID 17315,17316 at , Serial_ T010987 Prueba Amacayacu 2024\features_0\2025-March-18_17315-Camara_Amacayacu-1_crop0.npy",-38.018837,-12.158736,7
"..\\..\\..\\..\\Correos\\2025\March\18\TRACK ALERT ID 17316 at , Serial_ T010987 Prueba Amacayacu 2024\features_1\2025-March-18_17316-Camara_Amacayacu-0_crop0.npy",-39.450058,-19.871151,7
"..\\..\\..\\..\\Correos\\2025\March\18\TRACK ALERT ID 17316 at , Serial_ T010987 Prueba Amacayacu 2024\features_1\2025-March-18_17316-Camara_Amacayacu-1_crop0.npy",10.6571,-15.4658165,8
"..\\..\\..\\..\\Correos\\2025\March\18\TRACK ALERT ID 17330 at , Serial_ T010987 Prueba Amacayacu 2024\features_0\2025-March-18_17330-Camara_Amacayacu-1_crop0.npy",7.8982067,-39.879803,2
"..\\..\\..\\..\\Correos\\2025\March\18\TRACK ALERT ID 17351 at , Serial_ T010987 Prueba Amacayacu 2024\features_0\2025-March-18_17351-Camara_Amacayacu-1_crop0.npy",46.29845,2.458554,1
"..\\..\\..\\..\\Correos\\2025\March\18\TRACK ALERT ID 17352 at , Serial_ T010987 Prueba Amacayacu 2024\features_0\2025-March-18_17352-Camara_Amacayacu-0_crop0.npy",-29.218624,-41.53032,9
"..\\..\\..\\..\\Correos\\2025\March\18\TRACK ALERT ID 17369 at , Serial_ T010987 Prueba Amacayacu 2024\features_0\2025-March-18_17369-Camara_Amacayacu-2_crop0.npy",34.393173,39.444244,6
"..\\..\\..\\..\\Correos\\2025\March\18\TRACK ALERT ID 17369 at , Serial_ T010987 Prueba Amacayacu 2024\features_1\2025-March-18_17369-Camara_Amacayacu-0_crop0.npy",47.264095,3.2322235,1
"..\\..\\..\\..\\Correos\\2025\March\18\TRACK ALERT ID 17369 at , Serial_ T010987 Prueba Amacayacu 2024\features_2\2025-March-18_17369-Camara_Amacayacu-0_crop0.npy",47.264004,3.232336,1
"..\\..\\..\\..\\Correos\\2025\March\18\TRACK ALERT ID 17431 at , Serial_ T010987 Prueba Amacayacu 2024\features_0\2025-March-18_17431-Camara_Amacayacu-0_crop0.npy",-56.722134,-41.60451,7
"..\\..\\..\\..\\Correos\\2025\March\18\TRACK ALERT ID 17437 at , Serial_ T010987 Prueba Amacayacu 2024\features_0\2025-March-18_17437-Camara_Amacayacu-0_crop0.npy",-46.50156,9.980855,0
"..\\..\\..\\..\\Correos\\2025\March\18\TRACK ALERT ID 17458 at , Serial_ T010987 Prueba Amacayacu 2024\features_0\2025-March-18_17458-Camara_Amacayacu-0_crop0.npy",-51.81208,-40.967045,7
"..\\..\\..\\..\\Correos\\2025\March\18\TRACK ALERT ID 17458 at , Serial_ T010987 Prueba Amacayacu 2024\features_0\2025-March-18_17458-Camara_Amacayacu-1_crop0.npy",-31.078157,45.370407,0
"..\\..\\..\\..\\Correos\\2025\March\18\TRACK ALERT ID 17520 at , Serial_ T010987 Prueba Amacayacu 2024\features_0\2025-March-18_17520-Camara_Amacayacu-0_crop0.npy",78.81502,-2.6407385,5
"..\\..\\..\\..\\Correos\\2025\March\18\TRACK ALERT ID 17520 at , Serial_ T010987 Prueba Amacayacu 2024\features_0\2025-March-18_17520-Camara_Amacayacu-1_crop0.npy",-30.004284,44.86116,0
